category	file	line	msg
other	/Applications/Xcode.app/Contents/Developer/Toolchains/XcodeDefault.xctoolchain/usr/lib/clang/21/include/emmintrin.h	14	"This header is only meant to be used on x86 and x64 architecture"
F/C: SIMD / intrinsic / asm	/Applications/Xcode.app/Contents/Developer/Toolchains/XcodeDefault.xctoolchain/usr/lib/clang/21/include/emmintrin.h	253	use of undeclared identifier '__builtin_ia32_sqrtsd'
F/C: SIMD / intrinsic / asm	/Applications/Xcode.app/Contents/Developer/Toolchains/XcodeDefault.xctoolchain/usr/lib/clang/21/include/emmintrin.h	269	use of undeclared identifier '__builtin_ia32_sqrtpd'
F/C: SIMD / intrinsic / asm	/Applications/Xcode.app/Contents/Developer/Toolchains/XcodeDefault.xctoolchain/usr/lib/clang/21/include/emmintrin.h	294	use of undeclared identifier '__builtin_ia32_minsd'
F/C: SIMD / intrinsic / asm	/Applications/Xcode.app/Contents/Developer/Toolchains/XcodeDefault.xctoolchain/usr/lib/clang/21/include/emmintrin.h	315	use of undeclared identifier '__builtin_ia32_minpd'
F/C: SIMD / intrinsic / asm	/Applications/Xcode.app/Contents/Developer/Toolchains/XcodeDefault.xctoolchain/usr/lib/clang/21/include/emmintrin.h	340	use of undeclared identifier '__builtin_ia32_maxsd'
F/C: SIMD / intrinsic / asm	/Applications/Xcode.app/Contents/Developer/Toolchains/XcodeDefault.xctoolchain/usr/lib/clang/21/include/emmintrin.h	361	use of undeclared identifier '__builtin_ia32_maxpd'
F/C: SIMD / intrinsic / asm	/Applications/Xcode.app/Contents/Developer/Toolchains/XcodeDefault.xctoolchain/usr/lib/clang/21/include/emmintrin.h	452	use of undeclared identifier '__builtin_ia32_cmpeqpd'
F/C: SIMD / intrinsic / asm	/Applications/Xcode.app/Contents/Developer/Toolchains/XcodeDefault.xctoolchain/usr/lib/clang/21/include/emmintrin.h	473	use of undeclared identifier '__builtin_ia32_cmpltpd'
F/C: SIMD / intrinsic / asm	/Applications/Xcode.app/Contents/Developer/Toolchains/XcodeDefault.xctoolchain/usr/lib/clang/21/include/emmintrin.h	494	use of undeclared identifier '__builtin_ia32_cmplepd'
F/C: SIMD / intrinsic / asm	/Applications/Xcode.app/Contents/Developer/Toolchains/XcodeDefault.xctoolchain/usr/lib/clang/21/include/emmintrin.h	515	use of undeclared identifier '__builtin_ia32_cmpltpd'
F/C: SIMD / intrinsic / asm	/Applications/Xcode.app/Contents/Developer/Toolchains/XcodeDefault.xctoolchain/usr/lib/clang/21/include/emmintrin.h	536	use of undeclared identifier '__builtin_ia32_cmplepd'
F/C: SIMD / intrinsic / asm	/Applications/Xcode.app/Contents/Developer/Toolchains/XcodeDefault.xctoolchain/usr/lib/clang/21/include/emmintrin.h	558	use of undeclared identifier '__builtin_ia32_cmpordpd'
F/C: SIMD / intrinsic / asm	/Applications/Xcode.app/Contents/Developer/Toolchains/XcodeDefault.xctoolchain/usr/lib/clang/21/include/emmintrin.h	581	use of undeclared identifier '__builtin_ia32_cmpunordpd'
F/C: SIMD / intrinsic / asm	/Applications/Xcode.app/Contents/Developer/Toolchains/XcodeDefault.xctoolchain/usr/lib/clang/21/include/emmintrin.h	602	use of undeclared identifier '__builtin_ia32_cmpneqpd'
F/C: SIMD / intrinsic / asm	/Applications/Xcode.app/Contents/Developer/Toolchains/XcodeDefault.xctoolchain/usr/lib/clang/21/include/emmintrin.h	623	use of undeclared identifier '__builtin_ia32_cmpnltpd'
F/C: SIMD / intrinsic / asm	/Applications/Xcode.app/Contents/Developer/Toolchains/XcodeDefault.xctoolchain/usr/lib/clang/21/include/emmintrin.h	644	use of undeclared identifier '__builtin_ia32_cmpnlepd'
F/C: SIMD / intrinsic / asm	/Applications/Xcode.app/Contents/Developer/Toolchains/XcodeDefault.xctoolchain/usr/lib/clang/21/include/emmintrin.h	665	use of undeclared identifier '__builtin_ia32_cmpnltpd'
F/C: SIMD / intrinsic / asm	/Applications/Xcode.app/Contents/Developer/Toolchains/XcodeDefault.xctoolchain/usr/lib/clang/21/include/emmintrin.h	686	use of undeclared identifier '__builtin_ia32_cmpnlepd'
F/C: SIMD / intrinsic / asm	/Applications/Xcode.app/Contents/Developer/Toolchains/XcodeDefault.xctoolchain/usr/lib/clang/21/include/emmintrin.h	709	use of undeclared identifier '__builtin_ia32_cmpeqsd'
F/C: SIMD / intrinsic / asm	/Applications/Xcode.app/Contents/Developer/Toolchains/XcodeDefault.xctoolchain/usr/lib/clang/21/include/emmintrin.h	734	use of undeclared identifier '__builtin_ia32_cmpltsd'
F/C: SIMD / intrinsic / asm	/Applications/Xcode.app/Contents/Developer/Toolchains/XcodeDefault.xctoolchain/usr/lib/clang/21/include/emmintrin.h	759	use of undeclared identifier '__builtin_ia32_cmplesd'
F/C: SIMD / intrinsic / asm	/Applications/Xcode.app/Contents/Developer/Toolchains/XcodeDefault.xctoolchain/usr/lib/clang/21/include/emmintrin.h	784	use of undeclared identifier '__builtin_ia32_cmpltsd'
F/C: SIMD / intrinsic / asm	/Applications/Xcode.app/Contents/Developer/Toolchains/XcodeDefault.xctoolchain/usr/lib/clang/21/include/emmintrin.h	810	use of undeclared identifier '__builtin_ia32_cmplesd'
F/C: SIMD / intrinsic / asm	/Applications/Xcode.app/Contents/Developer/Toolchains/XcodeDefault.xctoolchain/usr/lib/clang/21/include/emmintrin.h	837	use of undeclared identifier '__builtin_ia32_cmpordsd'
F/C: SIMD / intrinsic / asm	/Applications/Xcode.app/Contents/Developer/Toolchains/XcodeDefault.xctoolchain/usr/lib/clang/21/include/emmintrin.h	864	use of undeclared identifier '__builtin_ia32_cmpunordsd'
F/C: SIMD / intrinsic / asm	/Applications/Xcode.app/Contents/Developer/Toolchains/XcodeDefault.xctoolchain/usr/lib/clang/21/include/emmintrin.h	889	use of undeclared identifier '__builtin_ia32_cmpneqsd'
F/C: SIMD / intrinsic / asm	/Applications/Xcode.app/Contents/Developer/Toolchains/XcodeDefault.xctoolchain/usr/lib/clang/21/include/emmintrin.h	914	use of undeclared identifier '__builtin_ia32_cmpnltsd'
F/C: SIMD / intrinsic / asm	/Applications/Xcode.app/Contents/Developer/Toolchains/XcodeDefault.xctoolchain/usr/lib/clang/21/include/emmintrin.h	939	use of undeclared identifier '__builtin_ia32_cmpnlesd'
F/C: SIMD / intrinsic / asm	/Applications/Xcode.app/Contents/Developer/Toolchains/XcodeDefault.xctoolchain/usr/lib/clang/21/include/emmintrin.h	964	use of undeclared identifier '__builtin_ia32_cmpnltsd'
F/C: SIMD / intrinsic / asm	/Applications/Xcode.app/Contents/Developer/Toolchains/XcodeDefault.xctoolchain/usr/lib/clang/21/include/emmintrin.h	990	use of undeclared identifier '__builtin_ia32_cmpnlesd'
F/C: SIMD / intrinsic / asm	/Applications/Xcode.app/Contents/Developer/Toolchains/XcodeDefault.xctoolchain/usr/lib/clang/21/include/emmintrin.h	1013	use of undeclared identifier '__builtin_ia32_comisdeq'
F/C: SIMD / intrinsic / asm	/Applications/Xcode.app/Contents/Developer/Toolchains/XcodeDefault.xctoolchain/usr/lib/clang/21/include/emmintrin.h	1037	use of undeclared identifier '__builtin_ia32_comisdlt'
F/C: SIMD / intrinsic / asm	/Applications/Xcode.app/Contents/Developer/Toolchains/XcodeDefault.xctoolchain/usr/lib/clang/21/include/emmintrin.h	1061	use of undeclared identifier '__builtin_ia32_comisdle'
F/C: SIMD / intrinsic / asm	/Applications/Xcode.app/Contents/Developer/Toolchains/XcodeDefault.xctoolchain/usr/lib/clang/21/include/emmintrin.h	1085	use of undeclared identifier '__builtin_ia32_comisdgt'
F/C: SIMD / intrinsic / asm	/Applications/Xcode.app/Contents/Developer/Toolchains/XcodeDefault.xctoolchain/usr/lib/clang/21/include/emmintrin.h	1109	use of undeclared identifier '__builtin_ia32_comisdge'
F/C: SIMD / intrinsic / asm	/Applications/Xcode.app/Contents/Developer/Toolchains/XcodeDefault.xctoolchain/usr/lib/clang/21/include/emmintrin.h	1133	use of undeclared identifier '__builtin_ia32_comisdneq'
F/C: SIMD / intrinsic / asm	/Applications/Xcode.app/Contents/Developer/Toolchains/XcodeDefault.xctoolchain/usr/lib/clang/21/include/emmintrin.h	1155	use of undeclared identifier '__builtin_ia32_ucomisdeq'
F/C: SIMD / intrinsic / asm	/Applications/Xcode.app/Contents/Developer/Toolchains/XcodeDefault.xctoolchain/usr/lib/clang/21/include/emmintrin.h	1179	use of undeclared identifier '__builtin_ia32_ucomisdlt'
F/C: SIMD / intrinsic / asm	/Applications/Xcode.app/Contents/Developer/Toolchains/XcodeDefault.xctoolchain/usr/lib/clang/21/include/emmintrin.h	1203	use of undeclared identifier '__builtin_ia32_ucomisdle'
F/C: SIMD / intrinsic / asm	/Applications/Xcode.app/Contents/Developer/Toolchains/XcodeDefault.xctoolchain/usr/lib/clang/21/include/emmintrin.h	1227	use of undeclared identifier '__builtin_ia32_ucomisdgt'
F/C: SIMD / intrinsic / asm	/Applications/Xcode.app/Contents/Developer/Toolchains/XcodeDefault.xctoolchain/usr/lib/clang/21/include/emmintrin.h	1251	use of undeclared identifier '__builtin_ia32_ucomisdge'
F/C: SIMD / intrinsic / asm	/Applications/Xcode.app/Contents/Developer/Toolchains/XcodeDefault.xctoolchain/usr/lib/clang/21/include/emmintrin.h	1275	use of undeclared identifier '__builtin_ia32_ucomisdneq'
F/C: SIMD / intrinsic / asm	/Applications/Xcode.app/Contents/Developer/Toolchains/XcodeDefault.xctoolchain/usr/lib/clang/21/include/emmintrin.h	1292	use of undeclared identifier '__builtin_ia32_cvtpd2ps'
F/C: SIMD / intrinsic / asm	/Applications/Xcode.app/Contents/Developer/Toolchains/XcodeDefault.xctoolchain/usr/lib/clang/21/include/emmintrin.h	1355	use of undeclared identifier '__builtin_ia32_cvtpd2dq'
F/C: SIMD / intrinsic / asm	/Applications/Xcode.app/Contents/Developer/Toolchains/XcodeDefault.xctoolchain/usr/lib/clang/21/include/emmintrin.h	1374	use of undeclared identifier '__builtin_ia32_cvtsd2si'
F/C: SIMD / intrinsic / asm	/Applications/Xcode.app/Contents/Developer/Toolchains/XcodeDefault.xctoolchain/usr/lib/clang/21/include/emmintrin.h	1398	use of undeclared identifier '__builtin_ia32_cvtsd2ss'
F/C: SIMD / intrinsic / asm	/Applications/Xcode.app/Contents/Developer/Toolchains/XcodeDefault.xctoolchain/usr/lib/clang/21/include/emmintrin.h	1468	use of undeclared identifier '__builtin_ia32_cvttpd2dq'
F/C: SIMD / intrinsic / asm	/Applications/Xcode.app/Contents/Developer/Toolchains/XcodeDefault.xctoolchain/usr/lib/clang/21/include/emmintrin.h	1488	use of undeclared identifier '__builtin_ia32_cvttsd2si'
F/C: SIMD / intrinsic / asm	/Applications/Xcode.app/Contents/Developer/Toolchains/XcodeDefault.xctoolchain/usr/lib/clang/21/include/emmintrin.h	1507	use of undeclared identifier '__builtin_ia32_cvtpd2dq'
F/C: SIMD / intrinsic / asm	/Applications/Xcode.app/Contents/Developer/Toolchains/XcodeDefault.xctoolchain/usr/lib/clang/21/include/emmintrin.h	1526	use of undeclared identifier '__builtin_ia32_cvttpd2dq'
F/C: SIMD / intrinsic / asm	/Applications/Xcode.app/Contents/Developer/Toolchains/XcodeDefault.xctoolchain/usr/lib/clang/21/include/emmintrin.h	1775	use of undeclared identifier '__builtin_ia32_undef128'
F/C: SIMD / intrinsic / asm	/Applications/Xcode.app/Contents/Developer/Toolchains/XcodeDefault.xctoolchain/usr/lib/clang/21/include/emmintrin.h	2259	use of undeclared identifier '__builtin_ia32_pavgb128'
F/C: SIMD / intrinsic / asm	/Applications/Xcode.app/Contents/Developer/Toolchains/XcodeDefault.xctoolchain/usr/lib/clang/21/include/emmintrin.h	2278	use of undeclared identifier '__builtin_ia32_pavgw128'
F/C: SIMD / intrinsic / asm	/Applications/Xcode.app/Contents/Developer/Toolchains/XcodeDefault.xctoolchain/usr/lib/clang/21/include/emmintrin.h	2303	use of undeclared identifier '__builtin_ia32_pmaddwd128'
F/C: SIMD / intrinsic / asm	/Applications/Xcode.app/Contents/Developer/Toolchains/XcodeDefault.xctoolchain/usr/lib/clang/21/include/emmintrin.h	2398	use of undeclared identifier '__builtin_ia32_pmulhw128'
F/C: SIMD / intrinsic / asm	/Applications/Xcode.app/Contents/Developer/Toolchains/XcodeDefault.xctoolchain/usr/lib/clang/21/include/emmintrin.h	2417	use of undeclared identifier '__builtin_ia32_pmulhuw128'
F/C: SIMD / intrinsic / asm	/Applications/Xcode.app/Contents/Developer/Toolchains/XcodeDefault.xctoolchain/usr/lib/clang/21/include/emmintrin.h	2453	use of undeclared identifier '__builtin_ia32_pmuludq128'
F/C: SIMD / intrinsic / asm	/Applications/Xcode.app/Contents/Developer/Toolchains/XcodeDefault.xctoolchain/usr/lib/clang/21/include/emmintrin.h	2472	use of undeclared identifier '__builtin_ia32_pmuludq128'
F/C: SIMD / intrinsic / asm	/Applications/Xcode.app/Contents/Developer/Toolchains/XcodeDefault.xctoolchain/usr/lib/clang/21/include/emmintrin.h	2493	use of undeclared identifier '__builtin_ia32_psadbw128'
F/C: SIMD / intrinsic / asm	/Applications/Xcode.app/Contents/Developer/Toolchains/XcodeDefault.xctoolchain/usr/lib/clang/21/include/emmintrin.h	2776	use of undeclared identifier '__builtin_ia32_psllwi128'
F/C: SIMD / intrinsic / asm	/Applications/Xcode.app/Contents/Developer/Toolchains/XcodeDefault.xctoolchain/usr/lib/clang/21/include/emmintrin.h	2794	use of undeclared identifier '__builtin_ia32_psllw128'
F/C: SIMD / intrinsic / asm	/Applications/Xcode.app/Contents/Developer/Toolchains/XcodeDefault.xctoolchain/usr/lib/clang/21/include/emmintrin.h	2812	use of undeclared identifier '__builtin_ia32_pslldi128'
F/C: SIMD / intrinsic / asm	/Applications/Xcode.app/Contents/Developer/Toolchains/XcodeDefault.xctoolchain/usr/lib/clang/21/include/emmintrin.h	2830	use of undeclared identifier '__builtin_ia32_pslld128'
F/C: SIMD / intrinsic / asm	/Applications/Xcode.app/Contents/Developer/Toolchains/XcodeDefault.xctoolchain/usr/lib/clang/21/include/emmintrin.h	2848	use of undeclared identifier '__builtin_ia32_psllqi128'
F/C: SIMD / intrinsic / asm	/Applications/Xcode.app/Contents/Developer/Toolchains/XcodeDefault.xctoolchain/usr/lib/clang/21/include/emmintrin.h	2866	use of undeclared identifier '__builtin_ia32_psllq128'
F/C: SIMD / intrinsic / asm	/Applications/Xcode.app/Contents/Developer/Toolchains/XcodeDefault.xctoolchain/usr/lib/clang/21/include/emmintrin.h	2885	use of undeclared identifier '__builtin_ia32_psrawi128'
F/C: SIMD / intrinsic / asm	/Applications/Xcode.app/Contents/Developer/Toolchains/XcodeDefault.xctoolchain/usr/lib/clang/21/include/emmintrin.h	2904	use of undeclared identifier '__builtin_ia32_psraw128'
F/C: SIMD / intrinsic / asm	/Applications/Xcode.app/Contents/Developer/Toolchains/XcodeDefault.xctoolchain/usr/lib/clang/21/include/emmintrin.h	2923	use of undeclared identifier '__builtin_ia32_psradi128'
F/C: SIMD / intrinsic / asm	/Applications/Xcode.app/Contents/Developer/Toolchains/XcodeDefault.xctoolchain/usr/lib/clang/21/include/emmintrin.h	2942	use of undeclared identifier '__builtin_ia32_psrad128'
F/C: SIMD / intrinsic / asm	/Applications/Xcode.app/Contents/Developer/Toolchains/XcodeDefault.xctoolchain/usr/lib/clang/21/include/emmintrin.h	2985	use of undeclared identifier '__builtin_ia32_psrlwi128'
F/C: SIMD / intrinsic / asm	/Applications/Xcode.app/Contents/Developer/Toolchains/XcodeDefault.xctoolchain/usr/lib/clang/21/include/emmintrin.h	3003	use of undeclared identifier '__builtin_ia32_psrlw128'
F/C: SIMD / intrinsic / asm	/Applications/Xcode.app/Contents/Developer/Toolchains/XcodeDefault.xctoolchain/usr/lib/clang/21/include/emmintrin.h	3021	use of undeclared identifier '__builtin_ia32_psrldi128'
F/C: SIMD / intrinsic / asm	/Applications/Xcode.app/Contents/Developer/Toolchains/XcodeDefault.xctoolchain/usr/lib/clang/21/include/emmintrin.h	3039	use of undeclared identifier '__builtin_ia32_psrld128'
F/C: SIMD / intrinsic / asm	/Applications/Xcode.app/Contents/Developer/Toolchains/XcodeDefault.xctoolchain/usr/lib/clang/21/include/emmintrin.h	3057	use of undeclared identifier '__builtin_ia32_psrlqi128'
F/C: SIMD / intrinsic / asm	/Applications/Xcode.app/Contents/Developer/Toolchains/XcodeDefault.xctoolchain/usr/lib/clang/21/include/emmintrin.h	3075	use of undeclared identifier '__builtin_ia32_psrlq128'
F/C: SIMD / intrinsic / asm	/Applications/Xcode.app/Contents/Developer/Toolchains/XcodeDefault.xctoolchain/usr/lib/clang/21/include/emmintrin.h	3350	use of undeclared identifier '__builtin_ia32_cvtps2dq'
F/C: SIMD / intrinsic / asm	/Applications/Xcode.app/Contents/Developer/Toolchains/XcodeDefault.xctoolchain/usr/lib/clang/21/include/emmintrin.h	3369	use of undeclared identifier '__builtin_ia32_cvttps2dq'
F/C: SIMD / intrinsic / asm	/Applications/Xcode.app/Contents/Developer/Toolchains/XcodeDefault.xctoolchain/usr/lib/clang/21/include/emmintrin.h	3496	use of undeclared identifier '__builtin_ia32_undef128'
F/C: SIMD / intrinsic / asm	/Applications/Xcode.app/Contents/Developer/Toolchains/XcodeDefault.xctoolchain/usr/lib/clang/21/include/emmintrin.h	4003	use of undeclared identifier '__builtin_ia32_maskmovdqu'
F/C: SIMD / intrinsic / asm	/Applications/Xcode.app/Contents/Developer/Toolchains/XcodeDefault.xctoolchain/usr/lib/clang/21/include/emmintrin.h	4080	use of undeclared identifier '__builtin_ia32_movnti'
F/C: SIMD / intrinsic / asm	/Applications/Xcode.app/Contents/Developer/Toolchains/XcodeDefault.xctoolchain/usr/lib/clang/21/include/emmintrin.h	4166	use of undeclared identifier '__builtin_ia32_packsswb128'
F/C: SIMD / intrinsic / asm	/Applications/Xcode.app/Contents/Developer/Toolchains/XcodeDefault.xctoolchain/usr/lib/clang/21/include/emmintrin.h	4189	use of undeclared identifier '__builtin_ia32_packssdw128'
F/C: SIMD / intrinsic / asm	/Applications/Xcode.app/Contents/Developer/Toolchains/XcodeDefault.xctoolchain/usr/lib/clang/21/include/emmintrin.h	4212	use of undeclared identifier '__builtin_ia32_packuswb128'
F/C: SIMD / intrinsic / asm	/Applications/Xcode.app/Contents/Developer/Toolchains/XcodeDefault.xctoolchain/usr/lib/clang/21/include/emmintrin.h	4286	use of undeclared identifier '__builtin_ia32_pmovmskb128'
F/C: SIMD / intrinsic / asm	/Applications/Xcode.app/Contents/Developer/Toolchains/XcodeDefault.xctoolchain/usr/lib/clang/21/include/emmintrin.h	4705	use of undeclared identifier '__builtin_ia32_movmskpd'
other	/Applications/Xcode.app/Contents/Developer/Toolchains/XcodeDefault.xctoolchain/usr/lib/clang/21/include/mmintrin.h	14	"This header is only meant to be used on x86 and x64 architecture"
C: syntax / extension	/Applications/Xcode.app/Contents/Developer/Toolchains/XcodeDefault.xctoolchain/usr/lib/clang/21/include/mmintrin.h	74	too few arguments to function call, expected 2, have 0
F/C: SIMD / intrinsic / asm	/Applications/Xcode.app/Contents/Developer/Toolchains/XcodeDefault.xctoolchain/usr/lib/clang/21/include/mmintrin.h	74	use of undeclared identifier '__builtin_ia32_emms'; did you mean '__builtin_isless'?
F/C: SIMD / intrinsic / asm	/Applications/Xcode.app/Contents/Developer/Toolchains/XcodeDefault.xctoolchain/usr/lib/clang/21/include/mmintrin.h	165	use of undeclared identifier '__builtin_ia32_packsswb128'
F/C: SIMD / intrinsic / asm	/Applications/Xcode.app/Contents/Developer/Toolchains/XcodeDefault.xctoolchain/usr/lib/clang/21/include/mmintrin.h	191	use of undeclared identifier '__builtin_ia32_packssdw128'
F/C: SIMD / intrinsic / asm	/Applications/Xcode.app/Contents/Developer/Toolchains/XcodeDefault.xctoolchain/usr/lib/clang/21/include/mmintrin.h	217	use of undeclared identifier '__builtin_ia32_packuswb128'
F/C: SIMD / intrinsic / asm	/Applications/Xcode.app/Contents/Developer/Toolchains/XcodeDefault.xctoolchain/usr/lib/clang/21/include/mmintrin.h	707	use of undeclared identifier '__builtin_ia32_pmaddwd128'
F/C: SIMD / intrinsic / asm	/Applications/Xcode.app/Contents/Developer/Toolchains/XcodeDefault.xctoolchain/usr/lib/clang/21/include/mmintrin.h	729	use of undeclared identifier '__builtin_ia32_pmulhw128'
other: conversion/overload	/Applications/Xcode.app/Contents/Developer/Toolchains/XcodeDefault.xctoolchain/usr/lib/clang/21/include/mmintrin.h	774	cannot initialize a parameter of type 'const char *' with an rvalue of type '__v8hi' (vector of 8 'short' values)
F/C: SIMD / intrinsic / asm	/Applications/Xcode.app/Contents/Developer/Toolchains/XcodeDefault.xctoolchain/usr/lib/clang/21/include/mmintrin.h	774	use of undeclared identifier '__builtin_ia32_psllw128'; did you mean '__builtin_arm_wsr128'?
F/C: SIMD / intrinsic / asm	/Applications/Xcode.app/Contents/Developer/Toolchains/XcodeDefault.xctoolchain/usr/lib/clang/21/include/mmintrin.h	797	use of undeclared identifier '__builtin_ia32_psllwi128'
F/C: SIMD / intrinsic / asm	/Applications/Xcode.app/Contents/Developer/Toolchains/XcodeDefault.xctoolchain/usr/lib/clang/21/include/mmintrin.h	821	use of undeclared identifier '__builtin_ia32_pslld128'
F/C: SIMD / intrinsic / asm	/Applications/Xcode.app/Contents/Developer/Toolchains/XcodeDefault.xctoolchain/usr/lib/clang/21/include/mmintrin.h	844	use of undeclared identifier '__builtin_ia32_pslldi128'
F/C: SIMD / intrinsic / asm	/Applications/Xcode.app/Contents/Developer/Toolchains/XcodeDefault.xctoolchain/usr/lib/clang/21/include/mmintrin.h	865	use of undeclared identifier '__builtin_ia32_psllq128'
F/C: SIMD / intrinsic / asm	/Applications/Xcode.app/Contents/Developer/Toolchains/XcodeDefault.xctoolchain/usr/lib/clang/21/include/mmintrin.h	886	use of undeclared identifier '__builtin_ia32_psllqi128'
F/C: SIMD / intrinsic / asm	/Applications/Xcode.app/Contents/Developer/Toolchains/XcodeDefault.xctoolchain/usr/lib/clang/21/include/mmintrin.h	911	use of undeclared identifier '__builtin_ia32_psraw128'
F/C: SIMD / intrinsic / asm	/Applications/Xcode.app/Contents/Developer/Toolchains/XcodeDefault.xctoolchain/usr/lib/clang/21/include/mmintrin.h	935	use of undeclared identifier '__builtin_ia32_psrawi128'
F/C: SIMD / intrinsic / asm	/Applications/Xcode.app/Contents/Developer/Toolchains/XcodeDefault.xctoolchain/usr/lib/clang/21/include/mmintrin.h	960	use of undeclared identifier '__builtin_ia32_psrad128'
F/C: SIMD / intrinsic / asm	/Applications/Xcode.app/Contents/Developer/Toolchains/XcodeDefault.xctoolchain/usr/lib/clang/21/include/mmintrin.h	984	use of undeclared identifier '__builtin_ia32_psradi128'
F/C: SIMD / intrinsic / asm	/Applications/Xcode.app/Contents/Developer/Toolchains/XcodeDefault.xctoolchain/usr/lib/clang/21/include/mmintrin.h	1008	use of undeclared identifier '__builtin_ia32_psrlw128'
F/C: SIMD / intrinsic / asm	/Applications/Xcode.app/Contents/Developer/Toolchains/XcodeDefault.xctoolchain/usr/lib/clang/21/include/mmintrin.h	1031	use of undeclared identifier '__builtin_ia32_psrlwi128'
F/C: SIMD / intrinsic / asm	/Applications/Xcode.app/Contents/Developer/Toolchains/XcodeDefault.xctoolchain/usr/lib/clang/21/include/mmintrin.h	1055	use of undeclared identifier '__builtin_ia32_psrld128'
F/C: SIMD / intrinsic / asm	/Applications/Xcode.app/Contents/Developer/Toolchains/XcodeDefault.xctoolchain/usr/lib/clang/21/include/mmintrin.h	1078	use of undeclared identifier '__builtin_ia32_psrldi128'
F/C: SIMD / intrinsic / asm	/Applications/Xcode.app/Contents/Developer/Toolchains/XcodeDefault.xctoolchain/usr/lib/clang/21/include/mmintrin.h	1099	use of undeclared identifier '__builtin_ia32_psrlq128'
F/C: SIMD / intrinsic / asm	/Applications/Xcode.app/Contents/Developer/Toolchains/XcodeDefault.xctoolchain/usr/lib/clang/21/include/mmintrin.h	1121	use of undeclared identifier '__builtin_ia32_psrlqi128'
other	/Applications/Xcode.app/Contents/Developer/Toolchains/XcodeDefault.xctoolchain/usr/lib/clang/21/include/xmmintrin.h	14	"This header is only meant to be used on x86 and x64 architecture"
F/C: SIMD / intrinsic / asm	/Applications/Xcode.app/Contents/Developer/Toolchains/XcodeDefault.xctoolchain/usr/lib/clang/21/include/xmmintrin.h	245	use of undeclared identifier '__builtin_ia32_sqrtss'
F/C: SIMD / intrinsic / asm	/Applications/Xcode.app/Contents/Developer/Toolchains/XcodeDefault.xctoolchain/usr/lib/clang/21/include/xmmintrin.h	262	use of undeclared identifier '__builtin_ia32_sqrtps'
other: conversion/overload	/Applications/Xcode.app/Contents/Developer/Toolchains/XcodeDefault.xctoolchain/usr/lib/clang/21/include/xmmintrin.h	280	cannot initialize a parameter of type 'void *' with an rvalue of type '__v4sf' (vector of 4 'float' values)
F/C: SIMD / intrinsic / asm	/Applications/Xcode.app/Contents/Developer/Toolchains/XcodeDefault.xctoolchain/usr/lib/clang/21/include/xmmintrin.h	280	use of undeclared identifier '__builtin_ia32_rcpss'; did you mean '__builtin_arm_gcsss'?
F/C: SIMD / intrinsic / asm	/Applications/Xcode.app/Contents/Developer/Toolchains/XcodeDefault.xctoolchain/usr/lib/clang/21/include/xmmintrin.h	297	use of undeclared identifier '__builtin_ia32_rcpps'
F/C: SIMD / intrinsic / asm	/Applications/Xcode.app/Contents/Developer/Toolchains/XcodeDefault.xctoolchain/usr/lib/clang/21/include/xmmintrin.h	316	use of undeclared identifier '__builtin_ia32_rsqrtss'
F/C: SIMD / intrinsic / asm	/Applications/Xcode.app/Contents/Developer/Toolchains/XcodeDefault.xctoolchain/usr/lib/clang/21/include/xmmintrin.h	333	use of undeclared identifier '__builtin_ia32_rsqrtps'
F/C: SIMD / intrinsic / asm	/Applications/Xcode.app/Contents/Developer/Toolchains/XcodeDefault.xctoolchain/usr/lib/clang/21/include/xmmintrin.h	358	use of undeclared identifier '__builtin_ia32_minss'
F/C: SIMD / intrinsic / asm	/Applications/Xcode.app/Contents/Developer/Toolchains/XcodeDefault.xctoolchain/usr/lib/clang/21/include/xmmintrin.h	379	use of undeclared identifier '__builtin_ia32_minps'
F/C: SIMD / intrinsic / asm	/Applications/Xcode.app/Contents/Developer/Toolchains/XcodeDefault.xctoolchain/usr/lib/clang/21/include/xmmintrin.h	404	use of undeclared identifier '__builtin_ia32_maxss'
F/C: SIMD / intrinsic / asm	/Applications/Xcode.app/Contents/Developer/Toolchains/XcodeDefault.xctoolchain/usr/lib/clang/21/include/xmmintrin.h	425	use of undeclared identifier '__builtin_ia32_maxps'
F/C: SIMD / intrinsic / asm	/Applications/Xcode.app/Contents/Developer/Toolchains/XcodeDefault.xctoolchain/usr/lib/clang/21/include/xmmintrin.h	523	use of undeclared identifier '__builtin_ia32_cmpeqss'
F/C: SIMD / intrinsic / asm	/Applications/Xcode.app/Contents/Developer/Toolchains/XcodeDefault.xctoolchain/usr/lib/clang/21/include/xmmintrin.h	544	use of undeclared identifier '__builtin_ia32_cmpeqps'
F/C: SIMD / intrinsic / asm	/Applications/Xcode.app/Contents/Developer/Toolchains/XcodeDefault.xctoolchain/usr/lib/clang/21/include/xmmintrin.h	570	use of undeclared identifier '__builtin_ia32_cmpltss'
F/C: SIMD / intrinsic / asm	/Applications/Xcode.app/Contents/Developer/Toolchains/XcodeDefault.xctoolchain/usr/lib/clang/21/include/xmmintrin.h	592	use of undeclared identifier '__builtin_ia32_cmpltps'
F/C: SIMD / intrinsic / asm	/Applications/Xcode.app/Contents/Developer/Toolchains/XcodeDefault.xctoolchain/usr/lib/clang/21/include/xmmintrin.h	618	use of undeclared identifier '__builtin_ia32_cmpless'
F/C: SIMD / intrinsic / asm	/Applications/Xcode.app/Contents/Developer/Toolchains/XcodeDefault.xctoolchain/usr/lib/clang/21/include/xmmintrin.h	640	use of undeclared identifier '__builtin_ia32_cmpleps'
F/C: SIMD / intrinsic / asm	/Applications/Xcode.app/Contents/Developer/Toolchains/XcodeDefault.xctoolchain/usr/lib/clang/21/include/xmmintrin.h	667	use of undeclared identifier '__builtin_ia32_cmpltss'
F/C: SIMD / intrinsic / asm	/Applications/Xcode.app/Contents/Developer/Toolchains/XcodeDefault.xctoolchain/usr/lib/clang/21/include/xmmintrin.h	690	use of undeclared identifier '__builtin_ia32_cmpltps'
F/C: SIMD / intrinsic / asm	/Applications/Xcode.app/Contents/Developer/Toolchains/XcodeDefault.xctoolchain/usr/lib/clang/21/include/xmmintrin.h	717	use of undeclared identifier '__builtin_ia32_cmpless'
F/C: SIMD / intrinsic / asm	/Applications/Xcode.app/Contents/Developer/Toolchains/XcodeDefault.xctoolchain/usr/lib/clang/21/include/xmmintrin.h	740	use of undeclared identifier '__builtin_ia32_cmpleps'
F/C: SIMD / intrinsic / asm	/Applications/Xcode.app/Contents/Developer/Toolchains/XcodeDefault.xctoolchain/usr/lib/clang/21/include/xmmintrin.h	766	use of undeclared identifier '__builtin_ia32_cmpneqss'
F/C: SIMD / intrinsic / asm	/Applications/Xcode.app/Contents/Developer/Toolchains/XcodeDefault.xctoolchain/usr/lib/clang/21/include/xmmintrin.h	788	use of undeclared identifier '__builtin_ia32_cmpneqps'
F/C: SIMD / intrinsic / asm	/Applications/Xcode.app/Contents/Developer/Toolchains/XcodeDefault.xctoolchain/usr/lib/clang/21/include/xmmintrin.h	815	use of undeclared identifier '__builtin_ia32_cmpnltss'
F/C: SIMD / intrinsic / asm	/Applications/Xcode.app/Contents/Developer/Toolchains/XcodeDefault.xctoolchain/usr/lib/clang/21/include/xmmintrin.h	838	use of undeclared identifier '__builtin_ia32_cmpnltps'
F/C: SIMD / intrinsic / asm	/Applications/Xcode.app/Contents/Developer/Toolchains/XcodeDefault.xctoolchain/usr/lib/clang/21/include/xmmintrin.h	865	use of undeclared identifier '__builtin_ia32_cmpnless'
F/C: SIMD / intrinsic / asm	/Applications/Xcode.app/Contents/Developer/Toolchains/XcodeDefault.xctoolchain/usr/lib/clang/21/include/xmmintrin.h	888	use of undeclared identifier '__builtin_ia32_cmpnleps'
F/C: SIMD / intrinsic / asm	/Applications/Xcode.app/Contents/Developer/Toolchains/XcodeDefault.xctoolchain/usr/lib/clang/21/include/xmmintrin.h	916	use of undeclared identifier '__builtin_ia32_cmpnltss'
F/C: SIMD / intrinsic / asm	/Applications/Xcode.app/Contents/Developer/Toolchains/XcodeDefault.xctoolchain/usr/lib/clang/21/include/xmmintrin.h	940	use of undeclared identifier '__builtin_ia32_cmpnltps'
F/C: SIMD / intrinsic / asm	/Applications/Xcode.app/Contents/Developer/Toolchains/XcodeDefault.xctoolchain/usr/lib/clang/21/include/xmmintrin.h	968	use of undeclared identifier '__builtin_ia32_cmpnless'
F/C: SIMD / intrinsic / asm	/Applications/Xcode.app/Contents/Developer/Toolchains/XcodeDefault.xctoolchain/usr/lib/clang/21/include/xmmintrin.h	992	use of undeclared identifier '__builtin_ia32_cmpnleps'
F/C: SIMD / intrinsic / asm	/Applications/Xcode.app/Contents/Developer/Toolchains/XcodeDefault.xctoolchain/usr/lib/clang/21/include/xmmintrin.h	1019	use of undeclared identifier '__builtin_ia32_cmpordss'
F/C: SIMD / intrinsic / asm	/Applications/Xcode.app/Contents/Developer/Toolchains/XcodeDefault.xctoolchain/usr/lib/clang/21/include/xmmintrin.h	1043	use of undeclared identifier '__builtin_ia32_cmpordps'
F/C: SIMD / intrinsic / asm	/Applications/Xcode.app/Contents/Developer/Toolchains/XcodeDefault.xctoolchain/usr/lib/clang/21/include/xmmintrin.h	1070	use of undeclared identifier '__builtin_ia32_cmpunordss'
F/C: SIMD / intrinsic / asm	/Applications/Xcode.app/Contents/Developer/Toolchains/XcodeDefault.xctoolchain/usr/lib/clang/21/include/xmmintrin.h	1094	use of undeclared identifier '__builtin_ia32_cmpunordps'
F/C: SIMD / intrinsic / asm	/Applications/Xcode.app/Contents/Developer/Toolchains/XcodeDefault.xctoolchain/usr/lib/clang/21/include/xmmintrin.h	1118	use of undeclared identifier '__builtin_ia32_comieq'
F/C: SIMD / intrinsic / asm	/Applications/Xcode.app/Contents/Developer/Toolchains/XcodeDefault.xctoolchain/usr/lib/clang/21/include/xmmintrin.h	1143	use of undeclared identifier '__builtin_ia32_comilt'
F/C: SIMD / intrinsic / asm	/Applications/Xcode.app/Contents/Developer/Toolchains/XcodeDefault.xctoolchain/usr/lib/clang/21/include/xmmintrin.h	1167	use of undeclared identifier '__builtin_ia32_comile'
F/C: SIMD / intrinsic / asm	/Applications/Xcode.app/Contents/Developer/Toolchains/XcodeDefault.xctoolchain/usr/lib/clang/21/include/xmmintrin.h	1191	use of undeclared identifier '__builtin_ia32_comigt'
F/C: SIMD / intrinsic / asm	/Applications/Xcode.app/Contents/Developer/Toolchains/XcodeDefault.xctoolchain/usr/lib/clang/21/include/xmmintrin.h	1215	use of undeclared identifier '__builtin_ia32_comige'
F/C: SIMD / intrinsic / asm	/Applications/Xcode.app/Contents/Developer/Toolchains/XcodeDefault.xctoolchain/usr/lib/clang/21/include/xmmintrin.h	1239	use of undeclared identifier '__builtin_ia32_comineq'
F/C: SIMD / intrinsic / asm	/Applications/Xcode.app/Contents/Developer/Toolchains/XcodeDefault.xctoolchain/usr/lib/clang/21/include/xmmintrin.h	1262	use of undeclared identifier '__builtin_ia32_ucomieq'
F/C: SIMD / intrinsic / asm	/Applications/Xcode.app/Contents/Developer/Toolchains/XcodeDefault.xctoolchain/usr/lib/clang/21/include/xmmintrin.h	1286	use of undeclared identifier '__builtin_ia32_ucomilt'
F/C: SIMD / intrinsic / asm	/Applications/Xcode.app/Contents/Developer/Toolchains/XcodeDefault.xctoolchain/usr/lib/clang/21/include/xmmintrin.h	1310	use of undeclared identifier '__builtin_ia32_ucomile'
F/C: SIMD / intrinsic / asm	/Applications/Xcode.app/Contents/Developer/Toolchains/XcodeDefault.xctoolchain/usr/lib/clang/21/include/xmmintrin.h	1334	use of undeclared identifier '__builtin_ia32_ucomigt'
F/C: SIMD / intrinsic / asm	/Applications/Xcode.app/Contents/Developer/Toolchains/XcodeDefault.xctoolchain/usr/lib/clang/21/include/xmmintrin.h	1358	use of undeclared identifier '__builtin_ia32_ucomige'
F/C: SIMD / intrinsic / asm	/Applications/Xcode.app/Contents/Developer/Toolchains/XcodeDefault.xctoolchain/usr/lib/clang/21/include/xmmintrin.h	1381	use of undeclared identifier '__builtin_ia32_ucomineq'
F/C: SIMD / intrinsic / asm	/Applications/Xcode.app/Contents/Developer/Toolchains/XcodeDefault.xctoolchain/usr/lib/clang/21/include/xmmintrin.h	1403	use of undeclared identifier '__builtin_ia32_cvtss2si'
F/C: SIMD / intrinsic / asm	/Applications/Xcode.app/Contents/Developer/Toolchains/XcodeDefault.xctoolchain/usr/lib/clang/21/include/xmmintrin.h	1471	use of undeclared identifier '__builtin_ia32_cvtps2dq'
F/C: SIMD / intrinsic / asm	/Applications/Xcode.app/Contents/Developer/Toolchains/XcodeDefault.xctoolchain/usr/lib/clang/21/include/xmmintrin.h	1513	use of undeclared identifier '__builtin_ia32_cvttss2si'
F/C: SIMD / intrinsic / asm	/Applications/Xcode.app/Contents/Developer/Toolchains/XcodeDefault.xctoolchain/usr/lib/clang/21/include/xmmintrin.h	1581	use of undeclared identifier '__builtin_ia32_cvttps2dq'
F/C: SIMD / intrinsic / asm	/Applications/Xcode.app/Contents/Developer/Toolchains/XcodeDefault.xctoolchain/usr/lib/clang/21/include/xmmintrin.h	1909	use of undeclared identifier '__builtin_ia32_undef128'
F/C: SIMD / intrinsic / asm	/Applications/Xcode.app/Contents/Developer/Toolchains/XcodeDefault.xctoolchain/usr/lib/clang/21/include/xmmintrin.h	2434	use of undeclared identifier '__builtin_ia32_pmovmskb128'
F/C: SIMD / intrinsic / asm	/Applications/Xcode.app/Contents/Developer/Toolchains/XcodeDefault.xctoolchain/usr/lib/clang/21/include/xmmintrin.h	2453	use of undeclared identifier '__builtin_ia32_pmulhuw128'
F/C: SIMD / intrinsic / asm	/Applications/Xcode.app/Contents/Developer/Toolchains/XcodeDefault.xctoolchain/usr/lib/clang/21/include/xmmintrin.h	2533	use of undeclared identifier '__builtin_ia32_pslldqi128_byteshift'
F/C: SIMD / intrinsic / asm	/Applications/Xcode.app/Contents/Developer/Toolchains/XcodeDefault.xctoolchain/usr/lib/clang/21/include/xmmintrin.h	2534	use of undeclared identifier '__builtin_ia32_pslldqi128_byteshift'
F/C: SIMD / intrinsic / asm	/Applications/Xcode.app/Contents/Developer/Toolchains/XcodeDefault.xctoolchain/usr/lib/clang/21/include/xmmintrin.h	2537	use of undeclared identifier '__builtin_ia32_maskmovdqu'
F/C: SIMD / intrinsic / asm	/Applications/Xcode.app/Contents/Developer/Toolchains/XcodeDefault.xctoolchain/usr/lib/clang/21/include/xmmintrin.h	2556	use of undeclared identifier '__builtin_ia32_pavgb128'
F/C: SIMD / intrinsic / asm	/Applications/Xcode.app/Contents/Developer/Toolchains/XcodeDefault.xctoolchain/usr/lib/clang/21/include/xmmintrin.h	2576	use of undeclared identifier '__builtin_ia32_pavgw128'
F/C: SIMD / intrinsic / asm	/Applications/Xcode.app/Contents/Developer/Toolchains/XcodeDefault.xctoolchain/usr/lib/clang/21/include/xmmintrin.h	2599	use of undeclared identifier '__builtin_ia32_psadbw128'
F/C: SIMD / intrinsic / asm	/Applications/Xcode.app/Contents/Developer/Toolchains/XcodeDefault.xctoolchain/usr/lib/clang/21/include/xmmintrin.h	2985	use of undeclared identifier '__builtin_ia32_packssdw128'
F/C: SIMD / intrinsic / asm	/Applications/Xcode.app/Contents/Developer/Toolchains/XcodeDefault.xctoolchain/usr/lib/clang/21/include/xmmintrin.h	2986	use of undeclared identifier '__builtin_ia32_cvtps2dq'
F/C: SIMD / intrinsic / asm	/Applications/Xcode.app/Contents/Developer/Toolchains/XcodeDefault.xctoolchain/usr/lib/clang/21/include/xmmintrin.h	3035	use of undeclared identifier '__builtin_ia32_movmskps'
other	/opt/homebrew/include/jmorecfg.h	141	typedef redefinition with different types ('long' vs 'int32_t' (aka 'int'))
W: Win32 API / type	source/extensions/Configs/FastLoader.hpp	18	use of undeclared identifier 'VK_CONTROL'
W: Win32 API / type	source/extensions/Configs/FastLoader.hpp	81	use of undeclared identifier 'VK_CONTROL'
C: libc++ / standard-library gap	source/extensions/Configuration.hpp	27	'from_chars' is unavailable: introduced in macOS 26.0
W/C: MSVC CRT name	source/extensions/ci_string.hpp	26	use of undeclared identifier '_strnicmp'; did you mean 'strncmp'?
W: Win32 API / type	source/extensions/debug.hpp	14	no member named 'IsDebuggerPresent' in the global namespace; did you mean simply 'IsDebuggerPresent'?
other: undeclared/unknown identifier	source/extensions/debug.hpp	26	use of undeclared identifier 'CP_UTF8'
other: undeclared/unknown identifier	source/extensions/debug.hpp	27	use of undeclared identifier 'CP_UTF8'
other: undeclared/unknown identifier	source/extensions/debug.hpp	31	use of undeclared identifier 'ATTACH_PARENT_PROCESS'
other: undeclared/unknown identifier	source/extensions/debug.hpp	32	use of undeclared identifier 'AllocConsole'
other: undeclared/unknown identifier	source/extensions/debug.hpp	40	use of undeclared identifier 'NOERROR'
other: undeclared/unknown identifier	source/extensions/debug.hpp	40	use of undeclared identifier 'freopen_s'
other: undeclared/unknown identifier	source/extensions/debug.hpp	41	use of undeclared identifier 'NOERROR'
other: undeclared/unknown identifier	source/extensions/debug.hpp	41	use of undeclared identifier 'freopen_s'
other: undeclared/unknown identifier	source/extensions/debug.hpp	42	use of undeclared identifier 'NOERROR'
other: undeclared/unknown identifier	source/extensions/debug.hpp	42	use of undeclared identifier 'freopen_s'
W: Win32 API / type	source/extensions/debug.hpp	48	use of undeclared identifier 'GetCurrentProcess'
W: Win32 API / type	source/PluginBase.cpp	13	use of undeclared identifier 'GetModuleHandleA'
other: undeclared/unknown type	source/app/app_debug.cpp	62	unknown type name 'PEXCEPTION_POINTERS'
other: undeclared/unknown identifier	source/app/app_debug.cpp	67	use of undeclared identifier 'EXCEPTION_CONTINUE_EXECUTION'
other: undeclared/unknown type	source/app/app_debug.cpp	94	unknown type name 'CONTEXT'
W: Win32 API / type	source/app/app_debug.cpp	139	use of undeclared identifier 'GetModuleHandleA'
W: Win32 API / type	source/app/app_debug.cpp	144	use of undeclared identifier 'GetCurrentProcess'
W: Win32 API / type	source/app/app_debug.cpp	156	use of undeclared identifier 'GetCurrentProcess'
W: Win32 API / type	source/app/app_debug.cpp	157	use of undeclared identifier 'GetCurrentThread'; did you mean 'ImGui::GetCurrentTabBar'?
other: undeclared/unknown type	source/app/app_debug.cpp	159	unknown type name 'STACKFRAME'
other: undeclared/unknown identifier	source/app/app_debug.cpp	160	use of undeclared identifier 'AddrModeFlat'
other: undeclared/unknown identifier	source/app/app_debug.cpp	161	use of undeclared identifier 'AddrModeFlat'
other: undeclared/unknown identifier	source/app/app_debug.cpp	162	use of undeclared identifier 'AddrModeFlat'
other: undeclared/unknown identifier	source/app/app_debug.cpp	169	use of undeclared identifier 'IMAGE_FILE_MACHINE_I386'
other: undeclared/unknown identifier	source/app/app_debug.cpp	170	use of undeclared identifier 'SymFunctionTableAccess'
other: undeclared/unknown identifier	source/app/app_debug.cpp	170	use of undeclared identifier 'SymGetModuleBase'
other: undeclared/unknown identifier	source/app/app_debug.cpp	182	use of undeclared identifier 'EXCEPTION_EXECUTE_HANDLER'
C: libc++ / standard-library gap	source/app/app_light.cpp	198	no member named 'enumerate' in namespace 'std::ranges::views'
W: Win32 API / type	source/app/platform/SDLWrapper.cpp	148	use of undeclared identifier 'GetTickCount64'
W: Win32 API / type	source/app/platform/SDLWrapper.cpp	153	use of undeclared identifier 'GetTickCount64'
W: Win32 API / type	source/app/platform/SDLWrapper.cpp	196	use of undeclared identifier 'GetTickCount'
W/C: MSVC CRT name	source/app/platform/win/VideoMode.cpp	59	use of undeclared identifier 'sprintf_s'
other: undeclared/unknown identifier	source/app/platform/win/VideoModeSelectDialog.cpp	34	use of undeclared identifier 'CB_GETCURSEL'
other: undeclared/unknown identifier	source/app/platform/win/VideoModeSelectDialog.cpp	38	use of undeclared identifier 'CB_SETCURSEL'
other: undeclared/unknown identifier	source/app/platform/win/VideoModeSelectDialog.cpp	42	use of undeclared identifier 'CB_GETITEMDATA'
other: undeclared/unknown identifier	source/app/platform/win/VideoModeSelectDialog.cpp	51	use of undeclared identifier 'GetDlgItem'
other: undeclared/unknown identifier	source/app/platform/win/VideoModeSelectDialog.cpp	88	use of undeclared identifier 'CB_ADDSTRING'
other: undeclared/unknown identifier	source/app/platform/win/VideoModeSelectDialog.cpp	89	use of undeclared identifier 'CB_SETITEMDATA'
other: undeclared/unknown identifier	source/app/platform/win/VideoModeSelectDialog.cpp	100	use of undeclared identifier 'CB_ADDSTRING'
other: undeclared/unknown identifier	source/app/platform/win/VideoModeSelectDialog.cpp	101	use of undeclared identifier 'CB_SETITEMDATA'
other: undeclared/unknown identifier	source/app/platform/win/VideoModeSelectDialog.cpp	105	use of undeclared identifier 'CB_SETCURSEL'
other: undeclared/unknown identifier	source/app/platform/win/VideoModeSelectDialog.cpp	109	use of undeclared identifier 'CB_RESETCONTENT'
other: undeclared/unknown identifier	source/app/platform/win/VideoModeSelectDialog.cpp	114	use of undeclared identifier 'GetDlgItem'
other: undeclared/unknown identifier	source/app/platform/win/VideoModeSelectDialog.cpp	115	use of undeclared identifier 'GetDlgItem'
W: Win32 API / type	source/app/platform/win/VideoModeSelectDialog.cpp	143	use of undeclared identifier 'WM_INITDIALOG'
W: Win32 API / type	source/app/platform/win/VideoModeSelectDialog.cpp	146	use of undeclared identifier 'WM_COMMAND'
other: undeclared/unknown identifier	source/app/platform/win/VideoModeSelectDialog.cpp	147	use of undeclared identifier 'GetDlgItem'
other: undeclared/unknown identifier	source/app/platform/win/VideoModeSelectDialog.cpp	148	use of undeclared identifier 'GetDlgItem'
other: undeclared/unknown identifier	source/app/platform/win/VideoModeSelectDialog.cpp	153	use of undeclared identifier 'EndDialog'
W: Win32 API / type	source/app/platform/win/VideoModeSelectDialog.cpp	163	use of undeclared identifier 'IDOK'
other: undeclared/unknown identifier	source/app/platform/win/VideoModeSelectDialog.cpp	166	use of undeclared identifier 'EndDialog'
other: undeclared/unknown identifier	source/app/platform/win/VideoModeSelectDialog.cpp	171	use of undeclared identifier 'GetDlgItem'
other: undeclared/unknown identifier	source/app/platform/win/VideoModeSelectDialog.cpp	172	use of undeclared identifier 'GetDlgItem'
other: undeclared/unknown identifier	source/app/platform/win/VideoModeSelectDialog.cpp	195	use of undeclared identifier 'MAKEINTRESOURCEA'
C: syntax / extension	source/app/platform/win/VideoPlayer/VideoPlayer.cpp	10	expected expression
other: undeclared/unknown identifier	source/app/platform/win/VideoPlayer/VideoPlayer.cpp	10	use of undeclared identifier 'IGraphBuilder'; did you mean 'pvGraphBuilder'?
other	source/app/platform/win/VideoPlayer/VideoPlayer.cpp	10	variable 'pvGraphBuilder' declared with deduced type 'auto &' cannot appear in its own initializer
C: syntax / extension	source/app/platform/win/VideoPlayer/VideoPlayer.cpp	12	expected expression
W: Win32 API / type	source/app/platform/win/VideoPlayer/VideoPlayer.cpp	12	use of undeclared identifier 'IMediaEventEx'; did you mean 'pvMediaEvent'?
other	source/app/platform/win/VideoPlayer/VideoPlayer.cpp	12	variable 'pvMediaEvent' declared with deduced type 'auto &' cannot appear in its own initializer
C: syntax / extension	source/app/platform/win/VideoPlayer/VideoPlayer.cpp	13	expected expression
other: undeclared/unknown identifier	source/app/platform/win/VideoPlayer/VideoPlayer.cpp	13	use of undeclared identifier 'IVideoWindow'; did you mean 'pvVideoWindow'?
other	source/app/platform/win/VideoPlayer/VideoPlayer.cpp	13	variable 'pvVideoWindow' declared with deduced type 'auto &' cannot appear in its own initializer
C: syntax / extension	source/app/platform/win/VideoPlayer/VideoPlayer.cpp	14	expected expression
W: Win32 API / type	source/app/platform/win/VideoPlayer/VideoPlayer.cpp	14	use of undeclared identifier 'IMediaSeeking'; did you mean 'pvMediaSeeking'?
other	source/app/platform/win/VideoPlayer/VideoPlayer.cpp	14	variable 'pvMediaSeeking' declared with deduced type 'auto &' cannot appear in its own initializer
C: two-phase lookup / template / incomplete type	source/app/platform/win/VideoPlayer/VideoPlayer.cpp	34	member access into incomplete type 'IMediaControl'
C: two-phase lookup / template / incomplete type	source/app/platform/win/VideoPlayer/VideoPlayer.cpp	44	member access into incomplete type 'IMediaControl'
other: undeclared/unknown type	source/app/platform/win/VideoPlayer/VideoPlayer.cpp	51	unknown type name 'OAFilterState'
C: two-phase lookup / template / incomplete type	source/app/platform/win/VideoPlayer/VideoPlayer.cpp	53	member access into incomplete type 'IMediaControl'
other: undeclared/unknown identifier	source/app/platform/win/VideoPlayer/VideoPlayer.cpp	65	use of undeclared identifier 'EC_COMPLETE'
W: Win32 API / type	source/app/platform/win/VideoPlayer/VideoPlayer.cpp	82	unknown type name 'RECT'
other: undeclared/unknown type	source/app/platform/win/VideoPlayer/VideoPlayer.cpp	91	unknown type name 'OAHWND'; did you mean 'HWND'?
W: Win32 API / type	source/app/platform/win/VideoPlayer/VideoPlayer.cpp	96	use of undeclared identifier 'SetFocus'
other: conversion/overload	source/app/platform/win/VideoPlayer/VideoPlayer.cpp	101	no matching function for call to 'UpdateWindow'
other: undeclared/unknown identifier	source/app/platform/win/VideoPlayer/VideoPlayer.cpp	110	use of undeclared identifier 'MultiByteToWideChar'
W: Win32 API / type	source/app/platform/win/VideoPlayer/VideoPlayer.cpp	114	use of undeclared identifier 'CoInitialize'; did you mean 'RwInitialize'?
other: undeclared/unknown identifier	source/app/platform/win/VideoPlayer/VideoPlayer.cpp	119	use of undeclared identifier 'CLSCTX_INPROC'
W: Win32 API / type	source/app/platform/win/VideoPlayer/VideoPlayer.cpp	119	use of undeclared identifier 'CLSID_FilterGraph'
W: Win32 API / type	source/app/platform/win/VideoPlayer/VideoPlayer.cpp	119	use of undeclared identifier 'IID_IGraphBuilder'; did you mean 'pvGraphBuilder'?
W: Win32 API / type	source/app/platform/win/VideoPlayer/VideoPlayer.cpp	129	use of undeclared identifier 'IID_IMediaControl'
W: Win32 API / type	source/app/platform/win/VideoPlayer/VideoPlayer.cpp	134	use of undeclared identifier 'IID_IMediaEventEx'
W: Win32 API / type	source/app/platform/win/VideoPlayer/VideoPlayer.cpp	139	use of undeclared identifier 'IID_IMediaSeeking'; did you mean 'pvMediaSeeking'?
W: Win32 API / type	source/app/platform/win/VideoPlayer/VideoPlayer.cpp	144	use of undeclared identifier 'IID_IVideoWindow'; did you mean 'pvVideoWindow'?
other: undeclared/unknown type	source/app/platform/win/VideoPlayer/VideoPlayer.cpp	149	unknown type name 'OAHWND'; did you mean 'HWND'?
W: Win32 API / type	source/app/platform/win/VideoPlayer/VideoPlayer.cpp	154	use of undeclared identifier 'WS_CHILD'
W: Win32 API / type	source/app/platform/win/VideoPlayer/VideoPlayer.cpp	154	use of undeclared identifier 'WS_CLIPCHILDREN'
W: Win32 API / type	source/app/platform/win/VideoPlayer/VideoPlayer.cpp	154	use of undeclared identifier 'WS_CLIPSIBLINGS'
other: undeclared/unknown type	source/app/platform/win/VideoPlayer/VideoPlayer.cpp	159	unknown type name 'OAHWND'; did you mean 'HWND'?
C: two-phase lookup / template / incomplete type	source/app/platform/win/VideoPlayer/VideoPlayer.cpp	166	member access into incomplete type 'IMediaControl'
W: Win32 API / type	source/app/platform/win/VideoPlayer/VideoPlayer.cpp	171	use of undeclared identifier 'SetFocus'
other: undeclared/unknown identifier	source/app/platform/win/WinMain.cpp	46	use of undeclared identifier 'SEM_FAILCRITICALERRORS'
W: Win32 API / type	source/app/platform/win/WinMain.cpp	48	use of undeclared identifier 'GetLogicalDriveStringsA'
other: undeclared/unknown identifier	source/app/platform/win/WinMain.cpp	60	use of undeclared identifier 'DRIVE_CDROM'
other: undeclared/unknown identifier	source/app/platform/win/WinMain.cpp	60	use of undeclared identifier 'GetDriveTypeA'
W: Win32 API / type	source/app/platform/win/WinMain.cpp	64	use of undeclared identifier 'GetVolumeInformationA'
W/C: MSVC CRT name	source/app/platform/win/WinMain.cpp	70	use of undeclared identifier 'strcpy_s'
W: Win32 API / type	source/app/platform/win/WinMain.cpp	134	use of undeclared identifier 'CreateEvent'
W: Win32 API / type	source/app/platform/win/WinMain.cpp	135	use of undeclared identifier 'ERROR_ALREADY_EXISTS'
W: Win32 API / type	source/app/platform/win/WinMain.cpp	135	use of undeclared identifier 'GetLastError'
W: Win32 API / type	source/app/platform/win/WinMain.cpp	139	use of undeclared identifier 'FindWindow'
W: Win32 API / type	source/app/platform/win/WinMain.cpp	140	use of undeclared identifier 'INVALID_HANDLE_VALUE'
W: Win32 API / type	source/app/platform/win/WinMain.cpp	176	use of undeclared identifier 'Sleep'
W: Win32 API / type	source/app/platform/win/WinMain.cpp	230	use of undeclared identifier 'VK_SPACE'
W/R: DirectX	source/app/platform/win/WinMain.cpp	267	unknown type name 'D3DCAPS9'
W/R: DirectX	source/app/platform/win/WinMain.cpp	267	use of undeclared identifier 'D3DPRASTERCAPS_ANISOTROPY'
other: undeclared/unknown type	source/app/platform/win/WinMain.cpp	295	unknown type name 'WINDOWPLACEMENT'
other: undeclared/unknown identifier	source/app/platform/win/WinMain.cpp	295	use of undeclared identifier 'WINDOWPLACEMENT'
W: Win32 API / type	source/app/platform/win/WinMain.cpp	303	use of undeclared identifier 'SW_SHOWMINIMIZED'
W: Win32 API / type	source/app/platform/win/WinMain.cpp	408	use of undeclared identifier 'SPI_SETFOREGROUNDLOCKTIMEOUT'
other: undeclared/unknown identifier	source/app/platform/win/WinMain.cpp	428	use of undeclared identifier '__argv'; did you mean 'argv'?
other: undeclared/unknown identifier	source/app/platform/win/WinMain.cpp	429	use of undeclared identifier '__argc'; did you mean 'argc'?
other: undeclared/unknown identifier	source/app/platform/win/WinMain.cpp	437	use of undeclared identifier '__argc'; did you mean 'argc'?
other: undeclared/unknown identifier	source/app/platform/win/WinMain.cpp	438	use of undeclared identifier '__argv'; did you mean 'argv'?
other: undeclared/unknown identifier	source/app/platform/win/WinMain.cpp	439	use of undeclared identifier '__wargv'
other: conversion/overload	source/app/platform/win/WinMain.cpp	466	cannot initialize a parameter of type 'SDL_Window *' with an lvalue of type 'HWND' (aka 'HWND__ *')
other: undeclared/unknown identifier	source/app/platform/win/WinMain.cpp	466	use of undeclared identifier 'DestroyWindow'; did you mean 'SDL_DestroyWindow'?
W: Win32 API / type	source/app/platform/win/WinMain.cpp	486	use of undeclared identifier 'SPI_SETSCREENSAVEACTIVE'
W: Win32 API / type	source/app/platform/win/WinMain.cpp	487	use of undeclared identifier 'SPI_SETPOWEROFFACTIVE'
W: Win32 API / type	source/app/platform/win/WinMain.cpp	488	use of undeclared identifier 'SPI_SETLOWPOWERACTIVE'
other: undeclared/unknown type	source/app/platform/win/WinMain.cpp	489	unknown type name 'STICKYKEYS'
other: undeclared/unknown identifier	source/app/platform/win/WinMain.cpp	489	use of undeclared identifier 'STICKYKEYS'
W: Win32 API / type	source/app/platform/win/WinMain.cpp	490	use of undeclared identifier 'SPI_GETSTICKYKEYS'
other: undeclared/unknown identifier	source/app/platform/win/WinMain.cpp	490	use of undeclared identifier 'STICKYKEYS'
other: undeclared/unknown type	source/app/platform/win/WinMain.cpp	491	unknown type name 'STICKYKEYS'
other: undeclared/unknown identifier	source/app/platform/win/WinMain.cpp	491	use of undeclared identifier 'SKF_TWOKEYSOFF'
other: undeclared/unknown identifier	source/app/platform/win/WinMain.cpp	491	use of undeclared identifier 'STICKYKEYS'
W: Win32 API / type	source/app/platform/win/WinMain.cpp	492	use of undeclared identifier 'SPI_SETSTICKYKEYS'
other: undeclared/unknown identifier	source/app/platform/win/WinMain.cpp	492	use of undeclared identifier 'STICKYKEYS'
W: Win32 API / type	source/app/platform/win/WinMain.cpp	494	use of undeclared identifier 'UpdateWindow'
other: undeclared/unknown identifier	source/app/platform/win/WinMain.cpp	514	use of undeclared identifier 'SEM_FAILCRITICALERRORS'
other: undeclared/unknown identifier	source/app/platform/win/WinMain.cpp	532	use of undeclared identifier 'DestroyWindow'
W: Win32 API / type	source/app/platform/win/WinMain.cpp	535	use of undeclared identifier 'ShowCursor'
W: Win32 API / type	source/app/platform/win/WinMain.cpp	537	use of undeclared identifier 'SPI_SETSTICKYKEYS'
other: undeclared/unknown identifier	source/app/platform/win/WinMain.cpp	537	use of undeclared identifier 'STICKYKEYS'
W: Win32 API / type	source/app/platform/win/WinMain.cpp	538	use of undeclared identifier 'SPI_SETPOWEROFFACTIVE'
W: Win32 API / type	source/app/platform/win/WinMain.cpp	539	use of undeclared identifier 'SPI_SETLOWPOWERACTIVE'
W: Win32 API / type	source/app/platform/win/WinMain.cpp	540	use of undeclared identifier 'SPI_SETSCREENSAVEACTIVE'
W: Win32 API / type	source/app/platform/win/WinMain.cpp	542	use of undeclared identifier 'SetErrorMode'
other: undeclared/unknown identifier	source/app/platform/win/WinMain.cpp	549	use of undeclared identifier '__argc'
other: undeclared/unknown identifier	source/app/platform/win/WinMain.cpp	549	use of undeclared identifier '__argv'
W/C: MSVC CRT name	source/app/platform/win/WinMain.cpp	579	use of undeclared identifier '_set_SSE2_enable'
W/C: MSVC CRT name	source/app/platform/win/WinMain.cpp	581	use of undeclared identifier '_clearfp'
C: syntax / extension	source/app/platform/win/WinPlatform.cpp	21	expected expression
W/R: DirectX	source/app/platform/win/WinPlatform.cpp	21	use of undeclared identifier 'IDirect3DDevice9'
W/R: DirectX	source/app/platform/win/WinPlatform.cpp	22	use of undeclared identifier 'D3DSGR_CALIBRATE'
W: Win32 API / type	source/app/platform/win/WinPlatform.cpp	39	use of undeclared identifier 'GetKeyState'
W: Win32 API / type	source/app/platform/win/WinPlatform.cpp	39	use of undeclared identifier 'VK_LSHIFT'; did you mean 'rsLSHIFT'?
W: Win32 API / type	source/app/platform/win/WinPlatform.cpp	43	use of undeclared identifier 'GetKeyState'
W: Win32 API / type	source/app/platform/win/WinPlatform.cpp	43	use of undeclared identifier 'VK_RSHIFT'; did you mean 'rsRSHIFT'?
W: Win32 API / type	source/app/platform/win/WinPlatform.cpp	47	use of undeclared identifier 'GetKeyState'
W: Win32 API / type	source/app/platform/win/WinPlatform.cpp	47	use of undeclared identifier 'VK_LSHIFT'; did you mean 'rsLSHIFT'?
W: Win32 API / type	source/app/platform/win/WinPlatform.cpp	51	use of undeclared identifier 'GetKeyState'
W: Win32 API / type	source/app/platform/win/WinPlatform.cpp	51	use of undeclared identifier 'VK_RSHIFT'; did you mean 'rsRSHIFT'?
other: undeclared/unknown identifier	source/app/platform/win/WinPlatform.cpp	64	use of undeclared identifier 'KF_EXTENDED'
W: Win32 API / type	source/app/platform/win/WinPlatform.cpp	68	use of undeclared identifier 'VK_RETURN'
W: Win32 API / type	source/app/platform/win/WinPlatform.cpp	69	use of undeclared identifier 'VK_CONTROL'
W: Win32 API / type	source/app/platform/win/WinPlatform.cpp	70	use of undeclared identifier 'VK_MENU'
W: Win32 API / type	source/app/platform/win/WinPlatform.cpp	71	use of undeclared identifier 'VK_PRIOR'
W: Win32 API / type	source/app/platform/win/WinPlatform.cpp	72	use of undeclared identifier 'VK_NEXT'
W: Win32 API / type	source/app/platform/win/WinPlatform.cpp	73	use of undeclared identifier 'VK_END'
W: Win32 API / type	source/app/platform/win/WinPlatform.cpp	74	use of undeclared identifier 'VK_HOME'
W: Win32 API / type	source/app/platform/win/WinPlatform.cpp	75	use of undeclared identifier 'VK_LEFT'
W: Win32 API / type	source/app/platform/win/WinPlatform.cpp	76	use of undeclared identifier 'VK_UP'
W: Win32 API / type	source/app/platform/win/WinPlatform.cpp	77	use of undeclared identifier 'VK_RIGHT'
W: Win32 API / type	source/app/platform/win/WinPlatform.cpp	78	use of undeclared identifier 'VK_DOWN'
W: Win32 API / type	source/app/platform/win/WinPlatform.cpp	79	use of undeclared identifier 'VK_INSERT'
W: Win32 API / type	source/app/platform/win/WinPlatform.cpp	80	use of undeclared identifier 'VK_DELETE'; did you mean 'IM_DELETE'?
other	source/app/platform/win/WinPlatform.cpp	80	value of type '<overloaded function type>' is not implicitly convertible to 'UINT' (aka 'unsigned int')
other	source/app/platform/win/WinPlatform.cpp	81	return type 'RsKeyCodes' must match previous return type 'void' when lambda expression has unspecified explicit return type
W: Win32 API / type	source/app/platform/win/WinPlatform.cpp	81	use of undeclared identifier 'VK_BACK'
W: Win32 API / type	source/app/platform/win/WinPlatform.cpp	82	use of undeclared identifier 'VK_TAB'
W: Win32 API / type	source/app/platform/win/WinPlatform.cpp	83	use of undeclared identifier 'VK_PAUSE'
W: Win32 API / type	source/app/platform/win/WinPlatform.cpp	84	use of undeclared identifier 'VK_CAPITAL'
W: Win32 API / type	source/app/platform/win/WinPlatform.cpp	85	use of undeclared identifier 'VK_ESCAPE'
W: Win32 API / type	source/app/platform/win/WinPlatform.cpp	86	use of undeclared identifier 'VK_LWIN'
W: Win32 API / type	source/app/platform/win/WinPlatform.cpp	87	use of undeclared identifier 'VK_RWIN'
W: Win32 API / type	source/app/platform/win/WinPlatform.cpp	88	use of undeclared identifier 'VK_APPS'
W: Win32 API / type	source/app/platform/win/WinPlatform.cpp	89	use of undeclared identifier 'VK_NUMPAD0'
W: Win32 API / type	source/app/platform/win/WinPlatform.cpp	90	use of undeclared identifier 'VK_NUMPAD1'
W: Win32 API / type	source/app/platform/win/WinPlatform.cpp	91	use of undeclared identifier 'VK_NUMPAD2'
W: Win32 API / type	source/app/platform/win/WinPlatform.cpp	92	use of undeclared identifier 'VK_NUMPAD3'
W: Win32 API / type	source/app/platform/win/WinPlatform.cpp	93	use of undeclared identifier 'VK_NUMPAD4'
W: Win32 API / type	source/app/platform/win/WinPlatform.cpp	94	use of undeclared identifier 'VK_NUMPAD5'
W: Win32 API / type	source/app/platform/win/WinPlatform.cpp	95	use of undeclared identifier 'VK_NUMPAD6'
W: Win32 API / type	source/app/platform/win/WinPlatform.cpp	96	use of undeclared identifier 'VK_NUMPAD7'
W: Win32 API / type	source/app/platform/win/WinPlatform.cpp	97	use of undeclared identifier 'VK_NUMPAD8'
W: Win32 API / type	source/app/platform/win/WinPlatform.cpp	98	use of undeclared identifier 'VK_NUMPAD9'
W: Win32 API / type	source/app/platform/win/WinPlatform.cpp	99	use of undeclared identifier 'VK_MULTIPLY'
W: Win32 API / type	source/app/platform/win/WinPlatform.cpp	100	use of undeclared identifier 'VK_ADD'
W: Win32 API / type	source/app/platform/win/WinPlatform.cpp	101	use of undeclared identifier 'VK_SUBTRACT'
W: Win32 API / type	source/app/platform/win/WinPlatform.cpp	102	use of undeclared identifier 'VK_DECIMAL'
W: Win32 API / type	source/app/platform/win/WinPlatform.cpp	103	use of undeclared identifier 'VK_DIVIDE'; did you mean 'rsDIVIDE'?
W: Win32 API / type	source/app/platform/win/WinPlatform.cpp	104	use of undeclared identifier 'VK_F1'
W: Win32 API / type	source/app/platform/win/WinPlatform.cpp	105	use of undeclared identifier 'VK_F2'
W: Win32 API / type	source/app/platform/win/WinPlatform.cpp	106	use of undeclared identifier 'VK_F3'
W: Win32 API / type	source/app/platform/win/WinPlatform.cpp	107	use of undeclared identifier 'VK_F4'
W: Win32 API / type	source/app/platform/win/WinPlatform.cpp	108	use of undeclared identifier 'VK_F5'
W: Win32 API / type	source/app/platform/win/WinPlatform.cpp	109	use of undeclared identifier 'VK_F6'
W: Win32 API / type	source/app/platform/win/WinPlatform.cpp	110	use of undeclared identifier 'VK_F7'
W: Win32 API / type	source/app/platform/win/WinPlatform.cpp	111	use of undeclared identifier 'VK_F8'
W: Win32 API / type	source/app/platform/win/WinPlatform.cpp	112	use of undeclared identifier 'VK_F9'
W: Win32 API / type	source/app/platform/win/WinPlatform.cpp	113	use of undeclared identifier 'VK_F10'
W: Win32 API / type	source/app/platform/win/WinPlatform.cpp	114	use of undeclared identifier 'VK_F11'
W: Win32 API / type	source/app/platform/win/WinPlatform.cpp	115	use of undeclared identifier 'VK_F12'
W: Win32 API / type	source/app/platform/win/WinPlatform.cpp	116	use of undeclared identifier 'VK_NUMLOCK'
W: Win32 API / type	source/app/platform/win/WinPlatform.cpp	117	use of undeclared identifier 'VK_SCROLL'
W: Win32 API / type	source/app/platform/win/WinPlatform.cpp	118	use of undeclared identifier 'VK_SHIFT'
other: undeclared/unknown identifier	source/app/platform/win/WinPlatform.cpp	124	use of undeclared identifier 'MAPVK_VK_TO_CHAR'
W/R: DirectX	source/app/platform/win/WinPs.cpp	31	unknown type name 'LPDIRECTDRAW7'
W/R: DirectX	source/app/platform/win/WinPs.cpp	33	use of undeclared identifier 'IID_IDirectDraw7'
other: undeclared/unknown type	source/app/platform/win/WinPs.cpp	37	unknown type name 'DDSCAPS2'
other: undeclared/unknown identifier	source/app/platform/win/WinPs.cpp	38	use of undeclared identifier 'DDSCAPS2'
other: undeclared/unknown identifier	source/app/platform/win/WinPs.cpp	39	use of undeclared identifier 'DDSCAPS_VIDEOMEMORY'
W: Win32 API / type	source/app/platform/win/WinPs.cpp	48	use of undeclared identifier 'LoadLibrary'
W/R: DirectX	source/app/platform/win/WinPs.cpp	58	unknown type name 'LPDIRECTSOUND'
other: undeclared/unknown type	source/app/platform/win/WinPs.cpp	64	unknown type name 'DSCAPS'
other: undeclared/unknown identifier	source/app/platform/win/WinPs.cpp	64	use of undeclared identifier 'DSCAPS'
other: undeclared/unknown identifier	source/app/platform/win/WinPs.cpp	75	use of undeclared identifier 'GetSystemDefaultLCID'
other: undeclared/unknown identifier	source/app/platform/win/WinPs.cpp	76	use of undeclared identifier 'GetUserDefaultLCID'
W: Win32 API / type	source/app/platform/win/WinPs.cpp	77	use of undeclared identifier 'GetKeyboardLayout'
other: undeclared/unknown identifier	source/app/platform/win/WinPs.cpp	77	use of undeclared identifier 'PRIMARYLANGID'
other: undeclared/unknown identifier	source/app/platform/win/WinPs.cpp	83	use of undeclared identifier 'LANG_GERMAN'
other: undeclared/unknown identifier	source/app/platform/win/WinPs.cpp	84	use of undeclared identifier 'LANG_SPANISH'
other: undeclared/unknown identifier	source/app/platform/win/WinPs.cpp	85	use of undeclared identifier 'LANG_FRENCH'
other: undeclared/unknown identifier	source/app/platform/win/WinPs.cpp	86	use of undeclared identifier 'LANG_ITALIAN'
other: undeclared/unknown identifier	source/app/platform/win/WinPs.cpp	93	use of undeclared identifier 'LANG_SPANISH'
W: Win32 API / type	source/app/platform/win/WinPs.cpp	105	use of undeclared identifier 'SetProcessDPIAware'
W/C: MSVC CRT name	source/app/platform/win/WinPs.cpp	129	use of undeclared identifier '__cpuid'
W: Win32 API / type	source/app/platform/win/WinPs.cpp	138	unknown type name 'OSVERSIONINFO'
W: Win32 API / type	source/app/platform/win/WinPs.cpp	138	use of undeclared identifier 'OSVERSIONINFO'
other: undeclared/unknown identifier	source/app/platform/win/WinPs.cpp	141	use of undeclared identifier 'VER_PLATFORM_WIN32_NT'
other: undeclared/unknown identifier	source/app/platform/win/WinPs.cpp	148	use of undeclared identifier 'VER_PLATFORM_WIN32_WINDOWS'
W: Win32 API / type	source/app/platform/win/WinPs.cpp	161	use of undeclared identifier 'MB_OK'
W: Win32 API / type	source/app/platform/win/WinPs.cpp	173	use of undeclared identifier 'MB_OK'
W: Win32 API / type	source/app/platform/win/WinPs.cpp	186	use of undeclared identifier 'MB_ICONEXCLAMATION'
W: Win32 API / type	source/app/platform/win/WinPs.cpp	191	unknown type name 'MEMORYSTATUS'
W: Win32 API / type	source/app/platform/win/WinPs.cpp	191	use of undeclared identifier 'MEMORYSTATUS'
other: conversion/overload	source/app/platform/win/WinPs.cpp	198	no matching function for call to 'GetVideoMemInfo'
W: Win32 API / type	source/app/platform/win/WinPs.cpp	199	use of undeclared identifier 'CoInitialize'; did you mean 'RwInitialize'?
W: Win32 API / type	source/app/platform/win/WinPs.cpp	216	use of undeclared identifier 'SetWindowTextA'
W: Win32 API / type	source/app/platform/win/WinPs.cpp	221	use of undeclared identifier 'MB_ICONERROR'
W: Win32 API / type	source/app/platform/win/WinPs.cpp	221	use of undeclared identifier 'MB_TASKMODAL'
W: Win32 API / type	source/app/platform/win/WinPs.cpp	221	use of undeclared identifier 'MB_TOPMOST'
W: Win32 API / type	source/app/platform/win/WinPs.cpp	226	use of undeclared identifier 'MB_ICONWARNING'
W: Win32 API / type	source/app/platform/win/WinPs.cpp	226	use of undeclared identifier 'MB_TASKMODAL'
W: Win32 API / type	source/app/platform/win/WinPs.cpp	226	use of undeclared identifier 'MB_TOPMOST'
W/R: DirectX	source/app/platform/win/WinPs.cpp	252	unknown type name 'IDirect3DDevice9'
W/R: DirectX	source/app/platform/win/WinPs.cpp	255	unknown type name 'D3DDISPLAYMODE'
other	source/app/platform/win/WinPs.cpp	256	member reference base type 'void' is not a structure or union
W/R: DirectX	source/app/platform/win/WinPs.cpp	258	unknown type name 'IDirect3DSurface9'
other	source/app/platform/win/WinPs.cpp	259	member reference base type 'void' is not a structure or union
W/R: DirectX	source/app/platform/win/WinPs.cpp	259	use of undeclared identifier 'D3DFMT_A8R8G8B8'; did you mean 'rw::xbox::D3DFMT_A8R8G8B8'?
W/R: DirectX	source/app/platform/win/WinPs.cpp	259	use of undeclared identifier 'D3DPOOL_SYSTEMMEM'
other	source/app/platform/win/WinPs.cpp	260	member reference base type 'void' is not a structure or union
W/R: DirectX	source/app/platform/win/WinPs.cpp	262	unknown type name 'D3DLOCKED_RECT'
W/R: DirectX	source/app/platform/win/WinPs.cpp	266	use of undeclared identifier 'D3DLOCK_READONLY'
W: Win32 API / type	source/app/platform/win/WinPs.cpp	269	unknown type name 'RECT'
W/R: DirectX	source/app/platform/win/WinPs.cpp	290	use of undeclared identifier 'D3DLOCK_READONLY'
W: Win32 API / type	source/app/platform/win/WinPs.cpp	326	no type named 'ShowCursor' in the global namespace; did you mean 'SDL_Cursor'?
other	source/app/platform/win/WinPs.cpp	326	redefinition of 'visible' with a different type: '::SDL_Cursor' (aka 'SDL_Cursor') vs 'bool'
W: Win32 API / type	source/app/platform/win/WinPs.cpp	331	unknown type name 'POINT'
other: undeclared/unknown identifier	source/app/platform/win/WinPs.cpp	332	no member named 'ClientToScreen' in the global namespace
W: Win32 API / type	source/app/platform/win/WinPs.cpp	333	no member named 'SetCursorPos' in the global namespace; did you mean 'ImGui::SetCursorPos'?
W/C: MSVC CRT name	source/app/platform/win/WinPs.cpp	342	use of undeclared identifier 'strcpy_s'
W: Win32 API / type	source/app/platform/win/WinPs.cpp	392	unknown type name 'RECT'
W: Win32 API / type	source/app/platform/win/WinPs.cpp	397	use of undeclared identifier 'HWND_NOTOPMOST'
W: Win32 API / type	source/app/platform/win/WinPs.cpp	397	use of undeclared identifier 'HWND_TOPMOST'
W/R: DirectX	source/app/platform/win/WinPs.cpp	407	use of undeclared identifier 'D3D_SDK_VERSION'
W/R: DirectX	source/app/platform/win/WinPs.cpp	414	unknown type name 'D3DDISPLAYMODE'
W: Win32 API / type	source/app/platform/win/WinPs.cpp	476	use of undeclared identifier 'IDOK'
W/R: DirectX	source/app/platform/win/WinPs.cpp	483	use of undeclared identifier 'D3D_SDK_VERSION'
W/R: DirectX	source/app/platform/win/WinPs.cpp	494	use of undeclared identifier 'D3DFMT_X8R8G8B8'
W/R: DirectX	source/app/platform/win/WinPs.cpp	496	use of undeclared identifier 'D3DFMT_R8G8B8'
W/R: DirectX	source/app/platform/win/WinPs.cpp	497	use of undeclared identifier 'D3DFMT_R5G6B5'
W/R: DirectX	source/app/platform/win/WinPs.cpp	504	unknown type name 'D3DDISPLAYMODE'
other: undeclared/unknown identifier	source/dllmain.cpp	29	use of undeclared identifier 'DLL_PROCESS_ATTACH'
W: Win32 API / type	source/dllmain.cpp	34	use of undeclared identifier 'MB_ICONERROR'
W: Win32 API / type	source/dllmain.cpp	34	use of undeclared identifier 'MB_OK'
C: syntax / extension	source/dllmain.cpp	44	invalid use of non-static data member '__arg'
other: undeclared/unknown identifier	source/dllmain.cpp	44	use of undeclared identifier '__argc'; did you mean '__darwin_pthread_handler_rec::__arg'?
other: undeclared/unknown identifier	source/dllmain.cpp	44	use of undeclared identifier '__argv'; did you mean '__darwin_pthread_handler_rec::__arg'?
other: undeclared/unknown identifier	source/dllmain.cpp	55	use of undeclared identifier 'DLL_PROCESS_DETACH'
other: undeclared/unknown identifier	source/dllmain.cpp	69	use of undeclared identifier 'DLL_THREAD_ATTACH'
other: undeclared/unknown identifier	source/dllmain.cpp	71	use of undeclared identifier 'DLL_THREAD_DETACH'
W: Win32 API / type	source/extensions/Configs/FastLoader.hpp	18	use of undeclared identifier 'VK_CONTROL'
W: Win32 API / type	source/extensions/Configs/FastLoader.hpp	81	use of undeclared identifier 'VK_CONTROL'
C: libc++ / standard-library gap	source/extensions/Configuration.hpp	27	'from_chars' is unavailable: introduced in macOS 26.0
P: pointer/int width (cast/narrowing)	source/extensions/Shapes/AngledRect.cpp	43	cast to smaller integer type 'unsigned int' from 'const notsa::shapes::AngledRect *' [-Werror,-Wpointer-to-int-cast]
other: undeclared/unknown identifier	source/extensions/debug.cpp	14	use of undeclared identifier 'SymGetModuleBase'
other: undeclared/unknown type	source/extensions/debug.cpp	20	unknown type name 'IMAGEHLP_LINE'
other: undeclared/unknown identifier	source/extensions/debug.cpp	20	use of undeclared identifier 'IMAGEHLP_LINE'
other: undeclared/unknown type	source/extensions/debug.cpp	23	unknown type name 'IMAGEHLP_MODULE'
other: undeclared/unknown identifier	source/extensions/debug.cpp	23	use of undeclared identifier 'IMAGEHLP_MODULE'
W/C: MSVC CRT name	source/extensions/debug.cpp	26	use of undeclared identifier 'MAX_SYM_NAME'
other: undeclared/unknown identifier	source/extensions/debug.cpp	26	use of undeclared identifier 'SYMBOL_INFO'
other: undeclared/unknown type	source/extensions/debug.cpp	27	unknown type name 'SYMBOL_INFO'
W/C: MSVC CRT name	source/extensions/debug.cpp	34	use of undeclared identifier 'MAX_SYM_NAME'
other: undeclared/unknown identifier	source/extensions/debug.cpp	35	use of undeclared identifier 'UNDNAME_COMPLETE'
W: Win32 API / type	source/extensions/debug.cpp	79	use of undeclared identifier 'GetCurrentProcess'
W: Win32 API / type	source/extensions/debug.cpp	86	use of undeclared identifier 'GetCurrentProcess'
W: Win32 API / type	source/extensions/debug.hpp	14	no member named 'IsDebuggerPresent' in the global namespace; did you mean simply 'IsDebuggerPresent'?
other: undeclared/unknown identifier	source/extensions/debug.hpp	26	use of undeclared identifier 'CP_UTF8'
other: undeclared/unknown identifier	source/extensions/debug.hpp	27	use of undeclared identifier 'CP_UTF8'
other: undeclared/unknown identifier	source/extensions/debug.hpp	31	use of undeclared identifier 'ATTACH_PARENT_PROCESS'
other: undeclared/unknown identifier	source/extensions/debug.hpp	32	use of undeclared identifier 'AllocConsole'
other: undeclared/unknown identifier	source/extensions/debug.hpp	40	use of undeclared identifier 'NOERROR'
other: undeclared/unknown identifier	source/extensions/debug.hpp	40	use of undeclared identifier 'freopen_s'
other: undeclared/unknown identifier	source/extensions/debug.hpp	41	use of undeclared identifier 'NOERROR'
other: undeclared/unknown identifier	source/extensions/debug.hpp	41	use of undeclared identifier 'freopen_s'
other: undeclared/unknown identifier	source/extensions/debug.hpp	42	use of undeclared identifier 'NOERROR'
other: undeclared/unknown identifier	source/extensions/debug.hpp	42	use of undeclared identifier 'freopen_s'
W: Win32 API / type	source/extensions/debug.hpp	48	use of undeclared identifier 'GetCurrentProcess'
W/R: DirectX	source/fakerw/../game_sa/RenderWare/rw/skeleton.h	137	unknown type name 'LPDIRECTINPUT8'
W/R: DirectX	source/fakerw/../game_sa/RenderWare/rw/skeleton.h	138	unknown type name 'LPDIRECTINPUTDEVICE8'
W/R: DirectX	source/fakerw/../game_sa/RenderWare/rw/skeleton.h	139	unknown type name 'LPDIRECTINPUTDEVICE8'
W/R: DirectX	source/fakerw/../game_sa/RenderWare/rw/skeleton.h	140	unknown type name 'LPDIRECTINPUTDEVICE8'
P: 64-bit layout (sizeof/offsetof static_assert)	source/fakerw/rw/../fakerw.h	197	static assertion failed due to requirement 'sizeof(RwEngineOpenParams) == sizeof(rw::EngineOpenParams)'
P: 64-bit layout (sizeof/offsetof static_assert)	source/fakerw/rw/../fakerw.h	278	static assertion failed due to requirement 'sizeof(long) == 4': x86 ILP32 expected
P: 64-bit layout (sizeof/offsetof static_assert)	source/fakerw/rw/../fakerw.h	291	static assertion failed due to requirement 'sizeof(rw::LLLink) == 8'
P: 64-bit layout (sizeof/offsetof static_assert)	source/fakerw/rw/../fakerw.h	292	static assertion failed due to requirement 'sizeof(rw::LinkList) == 8'
P: 64-bit layout (sizeof/offsetof static_assert)	source/fakerw/rw/../fakerw.h	303	static assertion failed due to requirement 'sizeof(rw::Object) == 8'
other: undeclared/unknown identifier	source/fakerw/rw/../rwextra.h	126	no member named 'd3ddevice' in namespace 'rw::d3d'
W/R: DirectX	source/fakerw/rw/../rwextra.h	126	unknown type name 'IDirect3DDevice9'
P: 64-bit layout (sizeof/offsetof static_assert)	source/fakerw/rw/../rwextra.h	184	static assertion failed due to requirement 'sizeof(RwFileFunctions) == 44'
P: 64-bit layout (sizeof/offsetof static_assert)	source/game_sa/3dMarker.h	77	static assertion failed due to requirement 'sizeof(C3dMarker) == 160': Invalid structure size of C3dMarker
C: libc++ / standard-library gap	source/game_sa/3dMarkers.cpp	153	no member named 'enumerate' in namespace 'std::ranges::views'
C: libc++ / standard-library gap	source/game_sa/3dMarkers.cpp	571	no member named 'enumerate' in namespace 'std::ranges::views'
P: 64-bit layout (sizeof/offsetof static_assert)	source/game_sa/Accident.h	29	static assertion failed due to requirement 'sizeof(CAccident) == 8': Invalid structure size of CAccident
P: 64-bit layout (sizeof/offsetof static_assert)	source/game_sa/AccidentManager.h	26	static assertion failed due to requirement 'sizeof(CAccidentManager) == 128': Invalid structure size of CAccidentManager
P: 64-bit layout (sizeof/offsetof static_assert)	source/game_sa/Animation/AnimAssociationData.h	30	static assertion failed due to requirement 'sizeof(AnimAssociationData) == 44': Invalid structure size of AnimAssociationData
P: 64-bit layout (sizeof/offsetof static_assert)	source/game_sa/Animation/AnimBlendAssocGroup.h	138	static assertion failed due to requirement 'sizeof(CAnimBlendAssocGroup) == 20': Invalid structure size of CAnimBlendAssocGroup
P: 64-bit layout (sizeof/offsetof static_assert)	source/game_sa/Animation/AnimBlendAssociation.h	235	static assertion failed due to requirement 'sizeof(CAnimBlendAssociation) == 60': Invalid structure size of CAnimBlendAssociation
P: 64-bit layout (sizeof/offsetof static_assert)	source/game_sa/Animation/AnimBlendClumpData.h	56	static assertion failed due to requirement 'sizeof(CAnimBlendClumpData) == 20': Invalid structure size of CAnimBlendClumpData
P: 64-bit layout (sizeof/offsetof static_assert)	source/game_sa/Animation/AnimBlendFrameData.h	40	static assertion failed due to requirement 'sizeof(AnimBlendFrameData) == 24': Invalid structure size of AnimBlendFrameData
P: 64-bit layout (sizeof/offsetof static_assert)	source/game_sa/Animation/AnimBlendHierarchy.h	91	static assertion failed due to requirement 'sizeof(CAnimBlendHierarchy) == 24': Invalid structure size of CAnimBlendHierarchy
P: 64-bit layout (sizeof/offsetof static_assert)	source/game_sa/Animation/AnimBlendNode.h	296	static assertion failed due to requirement 'sizeof(CAnimBlendNode) == 24': Invalid structure size of CAnimBlendNode
P: 64-bit layout (sizeof/offsetof static_assert)	source/game_sa/Animation/AnimBlendSequence.h	119	static assertion failed due to requirement 'sizeof(CAnimBlendSequence) == 12': Invalid structure size of CAnimBlendSequence
P: 64-bit layout (sizeof/offsetof static_assert)	source/game_sa/Animation/AnimBlendStaticAssociation.h	61	static assertion failed due to requirement 'sizeof(CAnimBlendStaticAssociation) == 20': Invalid structure size of CAnimBlendStaticAssociation
other: conversion/overload	source/game_sa/Animation/AnimManager.cpp	82	cannot initialize a parameter of type 'locale_t' (aka '_xlocale *') with an lvalue of type 'const char[3]'
W/C: MSVC CRT name	source/game_sa/Animation/AnimManager.cpp	82	use of undeclared identifier 'sscanf_s'; did you mean 'vsscanf_l'?
W/C: MSVC CRT name	source/game_sa/Animation/AnimManager.cpp	90	use of undeclared identifier 'sscanf_s'
C: libc++ / standard-library gap	source/game_sa/Animation/AnimManager.cpp	187	no member named 'enumerate' in namespace 'std::ranges::views'
W/C: MSVC CRT name	source/game_sa/Animation/AnimManager.cpp	269	use of undeclared identifier 'strcpy_s'; did you mean 'strcpy'?
W/C: MSVC CRT name	source/game_sa/Animation/AnimManager.cpp	270	use of undeclared identifier 'strcpy_s'; did you mean 'strcpy'?
W/C: MSVC CRT name	source/game_sa/Animation/AnimManager.cpp	294	use of undeclared identifier 'strcpy_s'
C: libc++ / standard-library gap	source/game_sa/Animation/AnimManager.cpp	299	no member named 'enumerate' in namespace 'std::ranges::views'
other: undeclared/unknown identifier	source/game_sa/Animation/AnimManager.cpp	335	use of undeclared identifier 'strncpy_s'; did you mean 'strncpy'?
other: undeclared/unknown identifier	source/game_sa/Animation/AnimManager.cpp	606	use of undeclared identifier 'strncpy_s'; did you mean 'strncpy'?
P: 64-bit layout (sizeof/offsetof static_assert)	source/game_sa/Animation/AnimationStyleDescriptor.h	37	static assertion failed due to requirement 'sizeof(AnimAssocDefinition) == 48': Invalid structure size of AnimAssocDefinition
P: 64-bit layout (sizeof/offsetof static_assert)	source/game_sa/AttractorScanner.cpp	14	static assertion failed due to requirement 'sizeof(C2dEffect) == 64'
P: pointer/int width (cast/narrowing)	source/game_sa/AttractorScanner.cpp	214	cast to smaller integer type 'int' from 'CEntity *' [-Werror,-Wpointer-to-int-cast]
P: pointer/int width (cast/narrowing)	source/game_sa/AttractorScanner.cpp	215	cast to smaller integer type 'int' from 'C2dEffect *' [-Werror,-Wpointer-to-int-cast]
P: pointer/int width (cast/narrowing)	source/game_sa/AttractorScanner.cpp	226	cast to 'C2dEffect *' from smaller integer type 'int32' (aka 'int') [-Werror,-Wint-to-pointer-cast]
P: pointer/int width (cast/narrowing)	source/game_sa/AttractorScanner.cpp	227	cast to 'CEntity *' from smaller integer type 'int32' (aka 'int') [-Werror,-Wint-to-pointer-cast]
P: pointer/int width (cast/narrowing)	source/game_sa/AttractorScanner.cpp	235	cast to 'C2dEffect *' from smaller integer type 'int32' (aka 'int') [-Werror,-Wint-to-pointer-cast]
P: pointer/int width (cast/narrowing)	source/game_sa/AttractorScanner.cpp	236	cast to 'CEntity *' from smaller integer type 'int32' (aka 'int') [-Werror,-Wint-to-pointer-cast]
P: 64-bit layout (sizeof/offsetof static_assert)	source/game_sa/AttractorScanner.h	39	static assertion failed due to requirement 'sizeof(CAttractorScanner) == 144': Invalid structure size of CAttractorScanner
W/C: MSVC CRT name	source/game_sa/Attractors/PedAttractor.cpp	83	use of undeclared identifier 'strcpy_s'; did you mean 'strcpy'?
P: 64-bit (size_t in operator new/delete)	source/game_sa/Attractors/PedAttractor.h	18	'operator new' takes type size_t ('unsigned long') as 1st parameter
P: 64-bit layout (sizeof/offsetof static_assert)	source/game_sa/Attractors/PedAttractor.h	113	static assertion failed due to requirement 'sizeof(CPedAttractor) == 140': Invalid structure size of CPedAttractor
W: Win32 API / type	source/game_sa/Audio/AEAudioUtility.cpp	7	use of undeclared identifier 'LARGE_INTEGER'
F/C: inline asm / naked	source/game_sa/Audio/AEAudioUtility.cpp	91	unsupported architecture 'arm64' for MS-style inline assembly
W: Win32 API / type	source/game_sa/Audio/AESmoothFadeThread.cpp	32	use of undeclared identifier 'INVALID_HANDLE_VALUE'
W: Win32 API / type	source/game_sa/Audio/AESmoothFadeThread.cpp	44	use of undeclared identifier 'CREATE_SUSPENDED'
W: Win32 API / type	source/game_sa/Audio/AESmoothFadeThread.cpp	45	use of undeclared identifier 'INVALID_HANDLE_VALUE'
W: Win32 API / type	source/game_sa/Audio/AESmoothFadeThread.cpp	48	use of undeclared identifier 'SetThreadPriority'
W: Win32 API / type	source/game_sa/Audio/AESmoothFadeThread.cpp	63	use of undeclared identifier 'ResumeThread'
W: Win32 API / type	source/game_sa/Audio/AESmoothFadeThread.cpp	71	use of undeclared identifier 'WaitForSingleObject'
other: undeclared/unknown identifier	source/game_sa/Audio/AESmoothFadeThread.cpp	123	use of undeclared identifier 'LPLONG'
W/R: DirectX	source/game_sa/Audio/AESmoothFadeThread.cpp	141	unknown type name 'IDirectSoundBuffer'
W/R: DirectX	source/game_sa/Audio/AESmoothFadeThread.cpp	150	unknown type name 'IDirectSoundBuffer'
other: undeclared/unknown identifier	source/game_sa/Audio/AESmoothFadeThread.cpp	159	use of undeclared identifier 'DSBSTATUS_PLAYING'
other: undeclared/unknown identifier	source/game_sa/Audio/AESmoothFadeThread.cpp	165	use of undeclared identifier 'LPLONG'
other: undeclared/unknown identifier	source/game_sa/Audio/AESmoothFadeThread.cpp	223	use of undeclared identifier 'DSBSTATUS_LOCHARDWARE'
other: undeclared/unknown identifier	source/game_sa/Audio/AESmoothFadeThread.cpp	225	use of undeclared identifier 'DSBSTATUS_LOCHARDWARE'
W/R: DirectX	source/game_sa/Audio/AESmoothFadeThread.cpp	235	unknown type name 'IDirectSoundBuffer'
W: Win32 API / type	source/game_sa/Audio/AESmoothFadeThread.cpp	271	use of undeclared identifier 'Sleep'
W/R: DirectX	source/game_sa/Audio/AESmoothFadeThread.h	12	unknown type name 'IDirectSoundBuffer'
P: 64-bit layout (sizeof/offsetof static_assert)	source/game_sa/Audio/AESmoothFadeThread.h	23	static assertion failed due to requirement 'sizeof(tSmoothFadeEntry) == 32': Invalid structure size of tSmoothFadeEntry
W/R: DirectX	source/game_sa/Audio/AESmoothFadeThread.h	53	unknown type name 'IDirectSoundBuffer'
W/R: DirectX	source/game_sa/Audio/AESmoothFadeThread.h	54	unknown type name 'IDirectSoundBuffer'
W/R: DirectX	source/game_sa/Audio/AESmoothFadeThread.h	55	unknown type name 'IDirectSoundBuffer'
P: 64-bit layout (sizeof/offsetof static_assert)	source/game_sa/Audio/AESmoothFadeThread.h	59	static assertion failed due to requirement 'sizeof(CAESmoothFadeThread) == 2076': Invalid structure size of CAESmoothFadeThread
P: 64-bit layout (sizeof/offsetof static_assert)	source/game_sa/Audio/AESound.h	164	static assertion failed due to requirement 'sizeof(CAESound) == 116': Invalid structure size of CAESound
W: Win32 API / type	source/game_sa/Audio/AEStreamThread.cpp	48	use of undeclared identifier 'CREATE_SUSPENDED'
W: Win32 API / type	source/game_sa/Audio/AEStreamThread.cpp	50	use of undeclared identifier 'SetThreadPriority'
W: Win32 API / type	source/game_sa/Audio/AEStreamThread.cpp	50	use of undeclared identifier 'THREAD_PRIORITY_NORMAL'; did you mean 'OS_THREAD_PRIORITY_NORMAL'?
W: Win32 API / type	source/game_sa/Audio/AEStreamThread.cpp	65	use of undeclared identifier 'ResumeThread'
W: Win32 API / type	source/game_sa/Audio/AEStreamThread.cpp	78	use of undeclared identifier 'SuspendThread'
W: Win32 API / type	source/game_sa/Audio/AEStreamThread.cpp	83	use of undeclared identifier 'ResumeThread'
W: Win32 API / type	source/game_sa/Audio/AEStreamThread.cpp	88	use of undeclared identifier 'WaitForSingleObject'
other	source/game_sa/Audio/AEStreamThread.cpp	169	cannot initialize object parameter of type 'const CAEAudioChannel' with an expression of type 'CAEStreamingChannel'
other: undeclared/unknown type	source/game_sa/Audio/AEStreamThread.h	32	unknown type name '_RTL_CRITICAL_SECTION'
P: 64-bit layout (sizeof/offsetof static_assert)	source/game_sa/Audio/AEStreamThread.h	60	static assertion failed due to requirement 'sizeof(CAEStreamThread) == 80': Invalid structure size of CAEStreamThread
P: 64-bit layout (sizeof/offsetof static_assert)	source/game_sa/Audio/AudioEngine.h	164	static assertion failed due to requirement 'sizeof(CAudioEngine) == 8152': Invalid structure size of CAudioEngine
P: 64-bit layout (sizeof/offsetof static_assert)	source/game_sa/Audio/AudioEngine.h	165	static assertion failed due to requirement '__builtin_offsetof(CAudioEngine, m_FrontendAE) == 180': The offset of m_FrontendAE in CAudioEngine is not 0x0B4...
P: 64-bit layout (sizeof/offsetof static_assert)	source/game_sa/Audio/AudioEngine.h	166	static assertion failed due to requirement '__builtin_offsetof(CAudioEngine, m_ScriptAE) == 672': The offset of m_ScriptAE in CAudioEngine is not 0x2A0...
P: 64-bit layout (sizeof/offsetof static_assert)	source/game_sa/Audio/AudioEngine.h	167	static assertion failed due to requirement '__builtin_offsetof(CAudioEngine, m_CollisionAE) == 1212': The offset of m_CollisionAE in CAudioEngine is not 0x4BC...
P: 64-bit layout (sizeof/offsetof static_assert)	source/game_sa/Audio/AudioEngine.h	168	static assertion failed due to requirement '__builtin_offsetof(CAudioEngine, m_GlobalWeaponAE) == 7732': The offset of m_GlobalWeaponAE in CAudioEngine is not 0x1E34...
P: 64-bit layout (sizeof/offsetof static_assert)	source/game_sa/Audio/AudioEngine.h	169	static assertion failed due to requirement '__builtin_offsetof(CAudioEngine, m_PedlessSpeechAE) == 7736': The offset of m_PedlessSpeechAE in CAudioEngine is not 0x1E38...
P: 64-bit layout (sizeof/offsetof static_assert)	source/game_sa/Audio/AudioEngine.h	170	static assertion failed due to requirement '__builtin_offsetof(CAudioEngine, m_DoorAE) == 8016': The offset of m_DoorAE in CAudioEngine is not 0x1F50...
W/C: MSVC CRT name	source/game_sa/Audio/AudioZones.cpp	30	use of undeclared identifier 'strcpy_s'; did you mean 'strcpy'?
W/C: MSVC CRT name	source/game_sa/Audio/AudioZones.cpp	40	use of undeclared identifier 'strcpy_s'; did you mean 'strcpy'?
W/C: MSVC CRT name	source/game_sa/Audio/AudioZones.cpp	51	use of undeclared identifier '_stricmp'; did you mean 'strcmp'?
W/C: MSVC CRT name	source/game_sa/Audio/AudioZones.cpp	56	use of undeclared identifier '_stricmp'; did you mean 'strcmp'?
C: libc++ / standard-library gap	source/game_sa/Audio/AudioZones.cpp	74	no member named 'enumerate' in namespace 'std::ranges::views'
C: libc++ / standard-library gap	source/game_sa/Audio/AudioZones.cpp	86	no member named 'enumerate' in namespace 'std::ranges::views'
P: 64-bit layout (sizeof/offsetof static_assert)	source/game_sa/Audio/Entities/AEAudioEntity.h	32	static assertion failed due to requirement 'sizeof(CAEAudioEntity) == 124': Invalid structure size of CAEAudioEntity
C: libc++ / standard-library gap	source/game_sa/Audio/Entities/AECollisionAudioEntity.cpp	95	no member named 'enumerate' in namespace 'std::ranges::views'
P: 64-bit layout (sizeof/offsetof static_assert)	source/game_sa/Audio/Entities/AECollisionAudioEntity.h	20	static assertion failed due to requirement 'sizeof(tCollisionSound) == 20': Invalid structure size of tCollisionSound
P: 64-bit layout (sizeof/offsetof static_assert)	source/game_sa/Audio/Entities/AECollisionAudioEntity.h	85	static assertion failed due to requirement 'sizeof(CAECollisionAudioEntity) == 6520': Invalid structure size of CAECollisionAudioEntity
P: 64-bit layout (sizeof/offsetof static_assert)	source/game_sa/Audio/Entities/AEDoorAudioEntity.h	28	static assertion failed due to requirement 'sizeof(CAEDoorAudioEntity) == 136': Invalid structure size of CAEDoorAudioEntity
P: 64-bit layout (sizeof/offsetof static_assert)	source/game_sa/Audio/Entities/AEExplosionAudioEntity.h	27	static assertion failed due to requirement 'sizeof(CAEExplosionAudioEntity) == 128': Invalid structure size of CAEExplosionAudioEntity
P: 64-bit layout (sizeof/offsetof static_assert)	source/game_sa/Audio/Entities/AEFireAudioEntity.h	35	static assertion failed due to requirement 'sizeof(CAEFireAudioEntity) == 136': Invalid structure size of CAEFireAudioEntity
P: 64-bit layout (sizeof/offsetof static_assert)	source/game_sa/Audio/Entities/AEFrontendAudioEntity.h	39	static assertion failed due to requirement 'sizeof(CAEFrontendAudioEntity) == 492': Invalid structure size of CAEFrontendAudioEntity
P: 64-bit layout (sizeof/offsetof static_assert)	source/game_sa/Audio/Entities/AEGlobalWeaponAudioEntity.h	28	static assertion failed due to requirement 'sizeof(CAEGlobalWeaponAudioEntity) == 168': Invalid structure size of CAEGlobalWeaponAudioEntity
P: 64-bit layout (sizeof/offsetof static_assert)	source/game_sa/Audio/Entities/AEPedAudioEntity.h	74	static assertion failed due to requirement 'sizeof(CAEPedAudioEntity) == 348': Invalid structure size of CAEPedAudioEntity
C: libc++ / standard-library gap	source/game_sa/Audio/Entities/AEPedSpeechAudioEntity.cpp	226	no member named 'enumerate' in namespace 'std::ranges::views'
other	source/game_sa/Audio/Entities/AEPedSpeechAudioEntity.cpp	247	value of type 'CAEPedSpeechSlot::eStatus' is not implicitly convertible to 'int'
other	source/game_sa/Audio/Entities/AEPedSpeechAudioEntity.cpp	248	value of type 'CAEPedSpeechSlot::eStatus' is not implicitly convertible to 'int'
C: libc++ / standard-library gap	source/game_sa/Audio/Entities/AEPedSpeechAudioEntity.cpp	880	no member named 'enumerate' in namespace 'std::ranges::views'
P: integer width / mixed-type overload	source/game_sa/Audio/Entities/AEPedSpeechAudioEntity.cpp	889	no matching function for call to 'GetRandomNumberInRange'
P: integer width / mixed-type overload	source/game_sa/Audio/Entities/AEPedSpeechAudioEntity.cpp	890	no matching function for call to 'min'
other: conversion/overload	source/game_sa/Audio/Entities/AEPedSpeechAudioEntity.cpp	909	no matching function for call to 'shift_right'
C: libc++ / standard-library gap	source/game_sa/Audio/Entities/AEPedSpeechAudioEntity.cpp	909	no member named 'shift_right' in namespace 'std::ranges'; did you mean 'std::shift_right'?
P: 64-bit layout (sizeof/offsetof static_assert)	source/game_sa/Audio/Entities/AEPedSpeechAudioEntity.h	75	static assertion failed due to requirement 'sizeof(CAEPedSpeechSlot) == 28': Invalid structure size of CAEPedSpeechSlot
P: 64-bit layout (sizeof/offsetof static_assert)	source/game_sa/Audio/Entities/AEPedSpeechAudioEntity.h	417	static assertion failed due to requirement 'sizeof(CAEPedSpeechAudioEntity) == 256': Invalid structure size of CAEPedSpeechAudioEntity
P: 64-bit layout (sizeof/offsetof static_assert)	source/game_sa/Audio/Entities/AEPedWeaponAudioEntity.h	21	static assertion failed due to requirement 'sizeof(CAEPedWeaponAudioEntity) == 168': Invalid structure size of CAEPedWeaponAudioEntity
P: 64-bit layout (sizeof/offsetof static_assert)	source/game_sa/Audio/Entities/AEPedlessSpeechAudioEntity.h	35	static assertion failed due to requirement 'sizeof(CAEPedlessSpeechAudioEntity) == 280': Invalid structure size of CAEPedlessSpeechAudioEntity
P: 64-bit layout (sizeof/offsetof static_assert)	source/game_sa/Audio/Entities/AEPoliceScannerAudioEntity.h	83	static assertion failed due to requirement 'sizeof(CAEPoliceScannerAudioEntity) == 124': Invalid structure size of CAEPoliceScannerAudioEntity
P: 64-bit layout (sizeof/offsetof static_assert)	source/game_sa/Audio/Entities/AEScriptAudioEntity.h	28	static assertion failed due to requirement 'sizeof(CAudioLink) == 32': Invalid structure size of CAudioLink
P: 64-bit layout (sizeof/offsetof static_assert)	source/game_sa/Audio/Entities/AEScriptAudioEntity.h	84	static assertion failed due to requirement 'sizeof(CAEScriptAudioEntity) == 540': Invalid structure size of CAEScriptAudioEntity
C: libc++ / standard-library gap	source/game_sa/Audio/Entities/AETwinLoopSoundEntity.cpp	64	no member named 'enumerate' in namespace 'std::ranges::views'
P: 64-bit layout (sizeof/offsetof static_assert)	source/game_sa/Audio/Entities/AETwinLoopSoundEntity.h	88	static assertion failed due to requirement 'sizeof(CAETwinLoopSoundEntity) == 168': Invalid structure size of CAETwinLoopSoundEntity
P: integer width / mixed-type overload	source/game_sa/Audio/Entities/AEVehicleAudioEntity.cpp	2003	no matching function for call to 'min'
P: integer width / mixed-type overload	source/game_sa/Audio/Entities/AEVehicleAudioEntity.cpp	2005	no matching function for call to 'GetRandomNumberInRange'
C: libc++ / standard-library gap	source/game_sa/Audio/Entities/AEVehicleAudioEntity.cpp	2128	no member named 'enumerate' in namespace 'std::ranges::views'
P: 64-bit layout (sizeof/offsetof static_assert)	source/game_sa/Audio/Entities/AEVehicleAudioEntity.h	582	static assertion failed due to requirement 'sizeof(CAEVehicleAudioEntity::tEngineSound) == 8': Invalid structure size of tEngineSound
P: 64-bit layout (sizeof/offsetof static_assert)	source/game_sa/Audio/Entities/AEVehicleAudioEntity.h	615	static assertion failed due to requirement 'sizeof(CAEVehicleAudioEntity::tVehicleParams) == 76': Invalid structure size of tVehicleParams
P: 64-bit layout (sizeof/offsetof static_assert)	source/game_sa/Audio/Entities/AEVehicleAudioEntity.h	865	static assertion failed due to requirement 'sizeof(CAEVehicleAudioEntity) == 588': Invalid structure size of CAEVehicleAudioEntity
P: 64-bit layout (sizeof/offsetof static_assert)	source/game_sa/Audio/Entities/AEWaterCannonAudioEntity.h	39	static assertion failed due to requirement 'sizeof(CAEWaterCannonAudioEntity) == 160': Invalid structure size of CAEWaterCannonAudioEntity
P: 64-bit layout (sizeof/offsetof static_assert)	source/game_sa/Audio/Entities/AEWeaponAudioEntity.h	118	static assertion failed due to requirement 'sizeof(CAEWeaponAudioEntity) == 160': Invalid structure size of CAEWeaponAudioEntity
P: 64-bit layout (sizeof/offsetof static_assert)	source/game_sa/Audio/Entities/AEWeatherAudioEntity.h	33	static assertion failed due to requirement 'sizeof(CAEWeatherAudioEntity) == 128': Invalid structure size of CAEWeatherAudioEntity
W/R: DirectX	source/game_sa/Audio/Hardware/AEAudioChannel.cpp	51	unknown type name 'IDirectSound'; did you mean 'eDirection'?
other: undeclared/unknown identifier	source/game_sa/Audio/Hardware/AEAudioChannel.cpp	59	use of undeclared identifier 'm_pDirectSoundBuffer'; did you mean 'm_pDirectSound3DBuffer'?
W/R: DirectX	source/game_sa/Audio/Hardware/AEAudioChannel.cpp	64	use of undeclared identifier 'WAVE_FORMAT_PCM'
other: undeclared/unknown identifier	source/game_sa/Audio/Hardware/AEAudioChannel.cpp	75	use of undeclared identifier 'm_pDirectSoundBuffer'
other: undeclared/unknown identifier	source/game_sa/Audio/Hardware/AEAudioChannel.cpp	77	use of undeclared identifier 'm_pDirectSoundBuffer'; did you mean 'm_pDirectSound3DBuffer'?
other: undeclared/unknown identifier	source/game_sa/Audio/Hardware/AEAudioChannel.cpp	88	use of undeclared identifier 'm_pDirectSoundBuffer'
other: undeclared/unknown identifier	source/game_sa/Audio/Hardware/AEAudioChannel.cpp	91	use of undeclared identifier 'm_pDirectSoundBuffer'; did you mean 'm_pDirectSound3DBuffer'?
other: undeclared/unknown identifier	source/game_sa/Audio/Hardware/AEAudioChannel.cpp	93	use of undeclared identifier 'm_pDirectSoundBuffer'; did you mean 'm_pDirectSound3DBuffer'?
other: undeclared/unknown identifier	source/game_sa/Audio/Hardware/AEAudioChannel.cpp	104	use of undeclared identifier 'm_pDirectSoundBuffer'
other: undeclared/unknown identifier	source/game_sa/Audio/Hardware/AEAudioChannel.cpp	107	use of undeclared identifier 'm_pDirectSoundBuffer'; did you mean 'm_pDirectSound3DBuffer'?
other: undeclared/unknown identifier	source/game_sa/Audio/Hardware/AEAudioChannel.cpp	110	use of undeclared identifier 'm_pDirectSoundBuffer'; did you mean 'm_pDirectSound3DBuffer'?
other: undeclared/unknown identifier	source/game_sa/Audio/Hardware/AEAudioChannel.cpp	112	use of undeclared identifier 'm_pDirectSoundBuffer'; did you mean 'm_pDirectSound3DBuffer'?
other: undeclared/unknown identifier	source/game_sa/Audio/Hardware/AEAudioChannel.cpp	114	use of undeclared identifier 'm_pDirectSoundBuffer'; did you mean 'm_pDirectSound3DBuffer'?
other: undeclared/unknown identifier	source/game_sa/Audio/Hardware/AEAudioChannel.cpp	123	use of undeclared identifier 'm_pDirectSoundBuffer'; did you mean 'm_pDirectSound3DBuffer'?
W/R: DirectX	source/game_sa/Audio/Hardware/AEAudioChannel.cpp	130	use of undeclared identifier 'DS3D_DEFERRED'
other: undeclared/unknown identifier	source/game_sa/Audio/Hardware/AEAudioChannel.cpp	136	use of undeclared identifier 'm_pDirectSoundBuffer'; did you mean 'm_pDirectSound3DBuffer'?
other: undeclared/unknown identifier	source/game_sa/Audio/Hardware/AEAudioChannel.cpp	142	use of undeclared identifier 'm_pDirectSoundBuffer'; did you mean 'm_pDirectSound3DBuffer'?
other: undeclared/unknown identifier	source/game_sa/Audio/Hardware/AEAudioChannel.cpp	146	use of undeclared identifier 'm_pDirectSoundBuffer'; did you mean 'm_pDirectSound3DBuffer'?
other: undeclared/unknown identifier	source/game_sa/Audio/Hardware/AEAudioChannel.cpp	152	use of undeclared identifier 'm_pDirectSoundBuffer'; did you mean 'm_pDirectSound3DBuffer'?
other: undeclared/unknown identifier	source/game_sa/Audio/Hardware/AEAudioChannel.cpp	158	use of undeclared identifier 'm_pDirectSoundBuffer'; did you mean 'm_pDirectSound3DBuffer'?
other: undeclared/unknown identifier	source/game_sa/Audio/Hardware/AEAudioChannel.cpp	162	use of undeclared identifier 'm_pDirectSoundBuffer'; did you mean 'm_pDirectSound3DBuffer'?
other: undeclared/unknown identifier	source/game_sa/Audio/Hardware/AEAudioChannel.cpp	185	use of undeclared identifier 'm_pDirectSoundBuffer'
other: undeclared/unknown identifier	source/game_sa/Audio/Hardware/AEAudioChannel.cpp	186	use of undeclared identifier 'm_pDirectSoundBuffer'
other: undeclared/unknown identifier	source/game_sa/Audio/Hardware/AEAudioChannel.cpp	201	use of undeclared identifier 'm_pDirectSoundBuffer'; did you mean 'm_pDirectSound3DBuffer'?
other: undeclared/unknown identifier	source/game_sa/Audio/Hardware/AEAudioChannel.cpp	202	use of undeclared identifier 'DSBSTATUS_BUFFERLOST'
W/R: DirectX	source/game_sa/Audio/Hardware/AEAudioChannel.cpp	211	use of undeclared identifier 'DSERR_BUFFERLOST'
other: undeclared/unknown identifier	source/game_sa/Audio/Hardware/AEAudioChannel.cpp	211	use of undeclared identifier 'm_pDirectSoundBuffer'
other: undeclared/unknown identifier	source/game_sa/Audio/Hardware/AEAudioChannel.cpp	221	use of undeclared identifier 'm_pDirectSoundBuffer'; did you mean 'm_pDirectSound3DBuffer'?
other: undeclared/unknown type	source/game_sa/Audio/Hardware/AEAudioChannel.cpp	225	unknown type name 'IKsPropertySet'
W: Win32 API / type	source/game_sa/Audio/Hardware/AEAudioChannel.cpp	226	use of undeclared identifier 'IID_IKsPropertySet'; did you mean 'ppIKsPropertySet'?
other: undeclared/unknown identifier	source/game_sa/Audio/Hardware/AEAudioChannel.cpp	241	use of undeclared identifier 'm_pDirectSoundBuffer'
other: undeclared/unknown type	source/game_sa/Audio/Hardware/AEAudioChannel.cpp	245	unknown type name 'IKsPropertySet'
W: Win32 API / type	source/game_sa/Audio/Hardware/AEAudioChannel.cpp	246	use of undeclared identifier 'IID_IKsPropertySet'
W/R: DirectX	source/game_sa/Audio/Hardware/AEAudioChannel.h	12	unknown type name 'IDirectSound'; did you mean 'eDirection'?
W/R: DirectX	source/game_sa/Audio/Hardware/AEAudioChannel.h	14	unknown type name 'IDirectSoundBuffer'
W/R: DirectX	source/game_sa/Audio/Hardware/AEAudioChannel.h	15	unknown type name 'IDirectSoundBuffer8'
W/R: DirectX	source/game_sa/Audio/Hardware/AEAudioChannel.h	17	unknown type name 'IDirectSound3DBuffer'
W/R: DirectX	source/game_sa/Audio/Hardware/AEAudioChannel.h	34	unknown type name 'WAVEFORMATEX'
W/R: DirectX	source/game_sa/Audio/Hardware/AEAudioChannel.h	47	unknown type name 'IDirectSound'; did you mean 'eDirection'?
other: undeclared/unknown identifier	source/game_sa/Audio/Hardware/AEAudioChannel.h	63	use of undeclared identifier 'DSBSTATUS_PLAYING'
P: 64-bit layout (sizeof/offsetof static_assert)	source/game_sa/Audio/Hardware/AEAudioChannel.h	84	static assertion failed due to requirement 'sizeof(CAEAudioChannel) == 96': Invalid structure size of CAEAudioChannel
other	source/game_sa/Audio/Hardware/AEAudioChannel.h	85	static assertion expression is not an integral constant expression
other	source/game_sa/Audio/Hardware/AEAudioChannel.h	86	static assertion expression is not an integral constant expression
W: Win32 API / type	source/game_sa/Audio/Hardware/AEAudioHardware.cpp	91	use of undeclared identifier 'CoInitialize'
other: undeclared/unknown identifier	source/game_sa/Audio/Hardware/AEAudioHardware.cpp	103	use of undeclared identifier 'DSDEVID_DefaultPlayback'
other: undeclared/unknown identifier	source/game_sa/Audio/Hardware/AEAudioHardware.cpp	108	use of undeclared identifier 'DSCAPS'
W/R: DirectX	source/game_sa/Audio/Hardware/AEAudioHardware.cpp	111	use of undeclared identifier 'DSSCL_PRIORITY'
other: conversion/overload	source/game_sa/Audio/Hardware/AEAudioHardware.cpp	131	incompatible pointer types assigning to 'CAEAudioChannel *' from 'CAEStreamingChannel *'
other	source/game_sa/Audio/Hardware/AEAudioHardware.cpp	136	cannot initialize object parameter of type 'CAEAudioChannel' with an expression of type 'CAEStreamingChannel'
W: Win32 API / type	source/game_sa/Audio/Hardware/AEAudioHardware.cpp	155	use of undeclared identifier 'Sleep'
W/R: DirectX	source/game_sa/Audio/Hardware/AEAudioHardware.cpp	176	unknown type name 'DSBUFFERDESC'
W/R: DirectX	source/game_sa/Audio/Hardware/AEAudioHardware.cpp	177	use of undeclared identifier 'DSBUFFERDESC'
other: undeclared/unknown identifier	source/game_sa/Audio/Hardware/AEAudioHardware.cpp	178	use of undeclared identifier 'DSBCAPS_CTRL3D'
other: undeclared/unknown identifier	source/game_sa/Audio/Hardware/AEAudioHardware.cpp	178	use of undeclared identifier 'DSBCAPS_PRIMARYBUFFER'
W/R: DirectX	source/game_sa/Audio/Hardware/AEAudioHardware.cpp	183	unknown type name 'LPDIRECTSOUNDBUFFER'
W/R: DirectX	source/game_sa/Audio/Hardware/AEAudioHardware.cpp	189	unknown type name 'WAVEFORMATEX'
W/R: DirectX	source/game_sa/Audio/Hardware/AEAudioHardware.cpp	207	use of undeclared identifier 'IID_IDirectSound3DListener'
other	source/game_sa/Audio/Hardware/AEAudioHardware.cpp	270	static_cast from 'CAEAudioChannel *' to 'CAEStaticChannel *', which are not related by inheritance, is not allowed
C: libc++ / standard-library gap	source/game_sa/Audio/Hardware/AEAudioHardware.cpp	452	no member named 'enumerate' in namespace 'std::ranges::views'
C: libc++ / standard-library gap	source/game_sa/Audio/Hardware/AEAudioHardware.cpp	500	no member named 'enumerate' in namespace 'std::ranges::views'
C: libc++ / standard-library gap	source/game_sa/Audio/Hardware/AEAudioHardware.cpp	543	no member named 'enumerate' in namespace 'std::ranges::views'
P: integer width / mixed-type overload	source/game_sa/Audio/Hardware/AEAudioHardware.cpp	695	no matching function for call to 'min'
W/R: DirectX	source/game_sa/Audio/Hardware/AEAudioHardware.cpp	814	unknown type name 'DSBUFFERDESC'
other: undeclared/unknown identifier	source/game_sa/Audio/Hardware/AEAudioHardware.cpp	815	use of undeclared identifier 'GUID_NULL'
other: undeclared/unknown identifier	source/game_sa/Audio/Hardware/AEAudioHardware.cpp	817	use of undeclared identifier 'DSBCAPS_CTRL3D'
W/R: DirectX	source/game_sa/Audio/Hardware/AEAudioHardware.cpp	819	use of undeclared identifier 'DSBUFFERDESC'
W/R: DirectX	source/game_sa/Audio/Hardware/AEAudioHardware.cpp	822	unknown type name 'IDirectSoundBuffer'
W/R: DirectX	source/game_sa/Audio/Hardware/AEAudioHardware.cpp	826	unknown type name 'IDirectSound3DBuffer'
W/R: DirectX	source/game_sa/Audio/Hardware/AEAudioHardware.cpp	827	use of undeclared identifier 'IID_IDirectSound3DBuffer'
other: undeclared/unknown type	source/game_sa/Audio/Hardware/AEAudioHardware.cpp	830	unknown type name 'IKsPropertySet'
W: Win32 API / type	source/game_sa/Audio/Hardware/AEAudioHardware.cpp	831	use of undeclared identifier 'IID_IKsPropertySet'
W/R: DirectX	source/game_sa/Audio/Hardware/AEAudioHardware.h	102	unknown type name 'IDirectSound8'
other: undeclared/unknown type	source/game_sa/Audio/Hardware/AEAudioHardware.h	105	unknown type name 'DSCAPS'
W/R: DirectX	source/game_sa/Audio/Hardware/AEAudioHardware.h	106	unknown type name 'IDirectSound3DListener'
P: 64-bit layout (sizeof/offsetof static_assert)	source/game_sa/Audio/Hardware/AEAudioHardware.h	217	static assertion failed due to requirement 'sizeof(CAEAudioHardware) == 4116': Invalid structure size of CAEAudioHardware
C: syntax / extension	source/game_sa/Audio/Hardware/AEAudioTap.h	46	expected ')'
other	source/game_sa/Audio/Hardware/AEAudioTap.h	46	type-id cannot have a name
W/R: DirectX	source/game_sa/Audio/Hardware/AEAudioTap.h	46	unknown type name 'IDirectSoundBuffer'
C: syntax / extension	source/game_sa/Audio/Hardware/AEAudioTap.h	47	expected ')'
other	source/game_sa/Audio/Hardware/AEAudioTap.h	47	type-id cannot have a name
W/R: DirectX	source/game_sa/Audio/Hardware/AEAudioTap.h	47	unknown type name 'IDirectSoundBuffer'
other: undeclared/unknown type	source/game_sa/Audio/Hardware/AEAudioTap.h	47	unknown type name 'LPDSBCAPS'
C: syntax / extension	source/game_sa/Audio/Hardware/AEAudioTap.h	48	expected ')'
other	source/game_sa/Audio/Hardware/AEAudioTap.h	48	type-id cannot have a name
W/R: DirectX	source/game_sa/Audio/Hardware/AEAudioTap.h	48	unknown type name 'IDirectSoundBuffer'
C: syntax / extension	source/game_sa/Audio/Hardware/AEAudioTap.h	49	expected ')'
other	source/game_sa/Audio/Hardware/AEAudioTap.h	49	type-id cannot have a name
W/R: DirectX	source/game_sa/Audio/Hardware/AEAudioTap.h	49	unknown type name 'IDirectSoundBuffer'
other: undeclared/unknown type	source/game_sa/Audio/Hardware/AEAudioTap.h	49	unknown type name 'LPWAVEFORMATEX'
C: syntax / extension	source/game_sa/Audio/Hardware/AEAudioTap.h	50	expected ')'
other	source/game_sa/Audio/Hardware/AEAudioTap.h	50	type-id cannot have a name
W/R: DirectX	source/game_sa/Audio/Hardware/AEAudioTap.h	50	unknown type name 'IDirectSoundBuffer'
C: syntax / extension	source/game_sa/Audio/Hardware/AEAudioTap.h	51	expected ')'
other	source/game_sa/Audio/Hardware/AEAudioTap.h	51	type-id cannot have a name
W/R: DirectX	source/game_sa/Audio/Hardware/AEAudioTap.h	51	unknown type name 'IDirectSoundBuffer'
C: syntax / extension	source/game_sa/Audio/Hardware/AEAudioTap.h	52	expected ')'
other	source/game_sa/Audio/Hardware/AEAudioTap.h	52	type-id cannot have a name
W/R: DirectX	source/game_sa/Audio/Hardware/AEAudioTap.h	52	unknown type name 'IDirectSoundBuffer'
C: syntax / extension	source/game_sa/Audio/Hardware/AEAudioTap.h	53	expected ')'
other	source/game_sa/Audio/Hardware/AEAudioTap.h	53	type-id cannot have a name
W/R: DirectX	source/game_sa/Audio/Hardware/AEAudioTap.h	53	unknown type name 'IDirectSoundBuffer'
C: syntax / extension	source/game_sa/Audio/Hardware/AEAudioTap.h	54	expected ')'
other	source/game_sa/Audio/Hardware/AEAudioTap.h	54	type-id cannot have a name
W/R: DirectX	source/game_sa/Audio/Hardware/AEAudioTap.h	54	unknown type name 'IDirectSoundBuffer'
C: syntax / extension	source/game_sa/Audio/Hardware/AEAudioTap.h	55	expected ')'
other	source/game_sa/Audio/Hardware/AEAudioTap.h	55	type-id cannot have a name
W/R: DirectX	source/game_sa/Audio/Hardware/AEAudioTap.h	55	unknown type name 'IDirectSoundBuffer'
C: syntax / extension	source/game_sa/Audio/Hardware/AEAudioTap.h	56	expected ')'
other	source/game_sa/Audio/Hardware/AEAudioTap.h	56	type-id cannot have a name
W/R: DirectX	source/game_sa/Audio/Hardware/AEAudioTap.h	56	unknown type name 'IDirectSoundBuffer'
W: Win32 API / type	source/game_sa/Audio/Hardware/AEAudioTap.h	109	unknown type name 'LARGE_INTEGER'
W: Win32 API / type	source/game_sa/Audio/Hardware/AEAudioTap.h	141	unknown type name 'LARGE_INTEGER'
W: Win32 API / type	source/game_sa/Audio/Hardware/AEAudioTap.h	150	use of undeclared identifier 'GetCurrentThreadId'; did you mean 'CGame::GetCurrentAreaCode'?
C: syntax / extension	source/game_sa/Audio/Hardware/AEAudioTap.h	245	expected ';' after top level declarator
C: syntax / extension	source/game_sa/Audio/Hardware/AEAudioTap.h	255	expected ';' after top level declarator
other	source/game_sa/Audio/Hardware/AEAudioTap.h	255	redefinition of 'STDMETHODCALLTYPE' with a different type: 'HRESULT' (aka 'long') vs 'ULONG' (aka 'unsigned long')
C: syntax / extension	source/game_sa/Audio/Hardware/AEAudioTap.h	287	expected ';' after top level declarator
other	source/game_sa/Audio/Hardware/AEAudioTap.h	287	redefinition of 'STDMETHODCALLTYPE' with a different type: 'HRESULT' (aka 'long') vs 'ULONG' (aka 'unsigned long')
C: syntax / extension	source/game_sa/Audio/Hardware/AEAudioTap.h	315	expected ';' after top level declarator
other	source/game_sa/Audio/Hardware/AEAudioTap.h	315	redefinition of 'STDMETHODCALLTYPE' with a different type: 'HRESULT' (aka 'long') vs 'ULONG' (aka 'unsigned long')
C: syntax / extension	source/game_sa/Audio/Hardware/AEAudioTap.h	389	expected ';' after top level declarator
other	source/game_sa/Audio/Hardware/AEAudioTap.h	389	redefinition of 'STDMETHODCALLTYPE' with a different type: 'HRESULT' (aka 'long') vs 'ULONG' (aka 'unsigned long')
C: syntax / extension	source/game_sa/Audio/Hardware/AEAudioTap.h	408	expected ';' after top level declarator
other	source/game_sa/Audio/Hardware/AEAudioTap.h	408	redefinition of 'STDMETHODCALLTYPE' with a different type: 'HRESULT' (aka 'long') vs 'ULONG' (aka 'unsigned long')
C: syntax / extension	source/game_sa/Audio/Hardware/AEAudioTap.h	416	expected ';' after top level declarator
other	source/game_sa/Audio/Hardware/AEAudioTap.h	416	redefinition of 'STDMETHODCALLTYPE' with a different type: 'HRESULT' (aka 'long') vs 'ULONG' (aka 'unsigned long')
C: syntax / extension	source/game_sa/Audio/Hardware/AEAudioTap.h	424	expected ';' after top level declarator
other	source/game_sa/Audio/Hardware/AEAudioTap.h	424	redefinition of 'STDMETHODCALLTYPE' with a different type: 'HRESULT' (aka 'long') vs 'ULONG' (aka 'unsigned long')
C: syntax / extension	source/game_sa/Audio/Hardware/AEAudioTap.h	464	expected ';' after top level declarator
other	source/game_sa/Audio/Hardware/AEAudioTap.h	464	redefinition of 'STDMETHODCALLTYPE' with a different type: 'HRESULT' (aka 'long') vs 'ULONG' (aka 'unsigned long')
C: syntax / extension	source/game_sa/Audio/Hardware/AEAudioTap.h	482	expected ';' after top level declarator
other	source/game_sa/Audio/Hardware/AEAudioTap.h	482	redefinition of 'STDMETHODCALLTYPE' with a different type: 'HRESULT' (aka 'long') vs 'ULONG' (aka 'unsigned long')
W/R: DirectX	source/game_sa/Audio/Hardware/AEAudioTap.h	516	unknown type name 'IDirectSoundBuffer'
W/R: DirectX	source/game_sa/Audio/Hardware/AEAudioTap.h	521	unknown type name 'DSBCAPS'
W/R: DirectX	source/game_sa/Audio/Hardware/AEAudioTap.h	521	use of undeclared identifier 'DSBCAPS'
W/R: DirectX	source/game_sa/Audio/Hardware/AEAudioTap.h	522	unknown type name 'WAVEFORMATEX'
other: undeclared/unknown identifier	source/game_sa/Audio/Hardware/AEAudioTap.h	531	use of undeclared identifier 'W_Release'
other	source/game_sa/Audio/Hardware/AEAudioTap.h	532	cannot cast from type 'uint32 (CAEDataStream::*)()' to pointer type 'void *'
other	source/game_sa/Audio/Hardware/AEAudioTap.h	532	must explicitly qualify name of member function when taking its address
other: undeclared/unknown identifier	source/game_sa/Audio/Hardware/AEAudioTap.h	532	use of undeclared identifier 'W_GetCurrentPosition'
other: undeclared/unknown identifier	source/game_sa/Audio/Hardware/AEAudioTap.h	532	use of undeclared identifier 'W_GetCurrentPosition'; did you mean 'CAEDataStream::GetCurrentPosition'?
other: undeclared/unknown identifier	source/game_sa/Audio/Hardware/AEAudioTap.h	533	use of undeclared identifier 'W_Lock'
other: undeclared/unknown identifier	source/game_sa/Audio/Hardware/AEAudioTap.h	534	use of undeclared identifier 'W_Unlock'
other: undeclared/unknown identifier	source/game_sa/Audio/Hardware/AEAudioTap.h	535	use of undeclared identifier 'W_Play'
other: undeclared/unknown identifier	source/game_sa/Audio/Hardware/AEAudioTap.h	536	use of undeclared identifier 'W_Stop'
other	source/game_sa/Audio/Hardware/AEAudioTap.h	537	cannot cast from type 'uint32 (CAEDataStream::*)()' to pointer type 'void *'
other	source/game_sa/Audio/Hardware/AEAudioTap.h	537	must explicitly qualify name of member function when taking its address
other: undeclared/unknown identifier	source/game_sa/Audio/Hardware/AEAudioTap.h	537	use of undeclared identifier 'W_SetCurrentPosition'
other: undeclared/unknown identifier	source/game_sa/Audio/Hardware/AEAudioTap.h	537	use of undeclared identifier 'W_SetCurrentPosition'; did you mean 'CAEDataStream::GetCurrentPosition'?
other	source/game_sa/Audio/Hardware/AEAudioTap.h	538	cannot cast from type 'void (CAESound::*)(float) noexcept' to pointer type 'void *'
other	source/game_sa/Audio/Hardware/AEAudioTap.h	538	must explicitly qualify name of member function when taking its address
other: undeclared/unknown identifier	source/game_sa/Audio/Hardware/AEAudioTap.h	538	use of undeclared identifier 'W_SetVolume'
other: undeclared/unknown identifier	source/game_sa/Audio/Hardware/AEAudioTap.h	538	use of undeclared identifier 'W_SetVolume'; did you mean 'CAESound::SetVolume'?
other: undeclared/unknown identifier	source/game_sa/Audio/Hardware/AEAudioTap.h	539	use of undeclared identifier 'W_SetPan'
other	source/game_sa/Audio/Hardware/AEAudioTap.h	540	cannot cast from type 'void (CAEAudioChannel::*)(uint32)' to pointer type 'void *'
other	source/game_sa/Audio/Hardware/AEAudioTap.h	540	must explicitly qualify name of member function when taking its address
other: undeclared/unknown identifier	source/game_sa/Audio/Hardware/AEAudioTap.h	540	use of undeclared identifier 'W_SetFrequency'
other: undeclared/unknown identifier	source/game_sa/Audio/Hardware/AEAudioTap.h	540	use of undeclared identifier 'W_SetFrequency'; did you mean 'CAEAudioChannel::SetFrequency'?
C: syntax / extension	source/game_sa/Audio/Hardware/AEDirectSoundMute.h	26	expected ')'
other	source/game_sa/Audio/Hardware/AEDirectSoundMute.h	26	type-id cannot have a name
W/R: DirectX	source/game_sa/Audio/Hardware/AEDirectSoundMute.h	26	unknown type name 'IDirectSoundBuffer'
other	source/game_sa/Audio/Hardware/AEDirectSoundMute.h	34	initializer on function does not look like a pure-specifier
other: undeclared/unknown identifier	source/game_sa/Audio/Hardware/AEDirectSoundMute.h	36	use of undeclared identifier 'DSBVOLUME_MIN'
C: syntax / extension	source/game_sa/Audio/Hardware/AEDirectSoundMute.h	40	expected ';' after top level declarator
C: syntax / extension	source/game_sa/Audio/Hardware/AEDirectSoundMute.h	64	expected ';' after top level declarator
other	source/game_sa/Audio/Hardware/AEDirectSoundMute.h	64	redefinition of 'STDMETHODCALLTYPE'
W/R: DirectX	source/game_sa/Audio/Hardware/AEDirectSoundMute.h	84	unknown type name 'IDirectSoundBuffer'
other	source/game_sa/Audio/Hardware/AEDirectSoundMute.h	101	reinterpret_cast from 'void *' to 'SetVolumeFn' (aka 'long (int *, long)') is not allowed
other: undeclared/unknown identifier	source/game_sa/Audio/Hardware/AEDirectSoundMute.h	102	use of undeclared identifier 'MutedSetVolume'
other: undeclared/unknown identifier	source/game_sa/Audio/Hardware/AEDirectSoundMute.h	103	use of undeclared identifier 'MutedGetVolume'
other: undeclared/unknown identifier	source/game_sa/Audio/Hardware/AEDirectSoundMute.h	109	use of undeclared identifier 'DSBVOLUME_MAX'
other: undeclared/unknown identifier	source/game_sa/Audio/Hardware/AEDirectSoundMute.h	115	use of undeclared identifier 'DSBVOLUME_MIN'
W/R: DirectX	source/game_sa/Audio/Hardware/AEStaticChannel.cpp	24	unknown type name 'IDirectSound'; did you mean 'eDirection'?
other: undeclared/unknown identifier	source/game_sa/Audio/Hardware/AEStaticChannel.cpp	34	use of undeclared identifier 'm_pDirectSoundBuffer'
other: undeclared/unknown identifier	source/game_sa/Audio/Hardware/AEStaticChannel.cpp	43	use of undeclared identifier 'm_pDirectSoundBuffer'
other: undeclared/unknown identifier	source/game_sa/Audio/Hardware/AEStaticChannel.cpp	60	use of undeclared identifier 'm_pDirectSoundBuffer'
other	source/game_sa/Audio/Hardware/AEStaticChannel.cpp	64	cannot initialize object parameter of type 'CAEAudioChannel' with an expression of type 'CAEStaticChannel'
other: undeclared/unknown identifier	source/game_sa/Audio/Hardware/AEStaticChannel.cpp	67	use of undeclared identifier 'm_pDirectSoundBuffer'
other: undeclared/unknown identifier	source/game_sa/Audio/Hardware/AEStaticChannel.cpp	76	use of undeclared identifier 'm_pDirectSoundBuffer'
other	source/game_sa/Audio/Hardware/AEStaticChannel.cpp	82	cannot initialize object parameter of type 'const CAEAudioChannel' with an expression of type 'CAEStaticChannel'
other	source/game_sa/Audio/Hardware/AEStaticChannel.cpp	90	cannot initialize object parameter of type 'const CAEAudioChannel' with an expression of type 'CAEStaticChannel'
other	source/game_sa/Audio/Hardware/AEStaticChannel.cpp	104	cannot initialize object parameter of type 'const CAEAudioChannel' with an expression of type 'CAEStaticChannel'
other: undeclared/unknown identifier	source/game_sa/Audio/Hardware/AEStaticChannel.cpp	104	use of undeclared identifier 'm_pDirectSoundBuffer'
other: undeclared/unknown identifier	source/game_sa/Audio/Hardware/AEStaticChannel.cpp	117	use of undeclared identifier 'm_pDirectSoundBuffer'
other: undeclared/unknown identifier	source/game_sa/Audio/Hardware/AEStaticChannel.cpp	121	use of undeclared identifier 'm_pDirectSoundBuffer'
other: undeclared/unknown identifier	source/game_sa/Audio/Hardware/AEStaticChannel.cpp	122	use of undeclared identifier 'm_pDirectSoundBuffer'
other: undeclared/unknown identifier	source/game_sa/Audio/Hardware/AEStaticChannel.cpp	124	use of undeclared identifier 'm_pDirectSoundBuffer'
other: undeclared/unknown identifier	source/game_sa/Audio/Hardware/AEStaticChannel.cpp	128	use of undeclared identifier 'm_pDirectSoundBuffer'
other: undeclared/unknown identifier	source/game_sa/Audio/Hardware/AEStaticChannel.cpp	135	use of undeclared identifier 'm_pDirectSoundBuffer'
other	source/game_sa/Audio/Hardware/AEStaticChannel.cpp	136	cannot initialize object parameter of type 'const CAEAudioChannel' with an expression of type 'CAEStaticChannel'
other: undeclared/unknown identifier	source/game_sa/Audio/Hardware/AEStaticChannel.cpp	137	use of undeclared identifier 'm_pDirectSoundBuffer'
other: undeclared/unknown identifier	source/game_sa/Audio/Hardware/AEStaticChannel.cpp	139	use of undeclared identifier 'm_pDirectSoundBuffer'
other: undeclared/unknown identifier	source/game_sa/Audio/Hardware/AEStaticChannel.cpp	143	use of undeclared identifier 'm_pDirectSoundBuffer'
other: undeclared/unknown identifier	source/game_sa/Audio/Hardware/AEStaticChannel.cpp	145	use of undeclared identifier 'm_pDirectSoundBuffer'
other: undeclared/unknown identifier	source/game_sa/Audio/Hardware/AEStaticChannel.cpp	146	use of undeclared identifier 'm_pDirectSoundBuffer'
other: undeclared/unknown identifier	source/game_sa/Audio/Hardware/AEStaticChannel.cpp	165	use of undeclared identifier 'm_pDirectSoundBuffer'
other: undeclared/unknown identifier	source/game_sa/Audio/Hardware/AEStaticChannel.cpp	168	use of undeclared identifier 'm_pDirectSoundBuffer'
other: undeclared/unknown identifier	source/game_sa/Audio/Hardware/AEStaticChannel.cpp	169	use of undeclared identifier 'm_pDirectSoundBuffer'
other: undeclared/unknown identifier	source/game_sa/Audio/Hardware/AEStaticChannel.cpp	171	use of undeclared identifier 'm_pDirectSoundBuffer'
W/R: DirectX	source/game_sa/Audio/Hardware/AEStaticChannel.cpp	206	unknown type name 'DSBUFFERDESC'
W/R: DirectX	source/game_sa/Audio/Hardware/AEStaticChannel.cpp	207	use of undeclared identifier 'DSBUFFERDESC'
other: undeclared/unknown identifier	source/game_sa/Audio/Hardware/AEStaticChannel.cpp	208	use of undeclared identifier 'DSBCAPS_CTRL3D'
other: undeclared/unknown identifier	source/game_sa/Audio/Hardware/AEStaticChannel.cpp	208	use of undeclared identifier 'DSBCAPS_CTRLFREQUENCY'
other: undeclared/unknown identifier	source/game_sa/Audio/Hardware/AEStaticChannel.cpp	208	use of undeclared identifier 'DSBCAPS_CTRLVOLUME'
other: undeclared/unknown identifier	source/game_sa/Audio/Hardware/AEStaticChannel.cpp	208	use of undeclared identifier 'DSBCAPS_GLOBALFOCUS'
other: undeclared/unknown identifier	source/game_sa/Audio/Hardware/AEStaticChannel.cpp	208	use of undeclared identifier 'DSBCAPS_LOCHARDWARE'
other: undeclared/unknown identifier	source/game_sa/Audio/Hardware/AEStaticChannel.cpp	208	use of undeclared identifier 'DSBCAPS_LOCSOFTWARE'
other: undeclared/unknown identifier	source/game_sa/Audio/Hardware/AEStaticChannel.cpp	212	use of undeclared identifier 'GUID_NULL'
W/R: DirectX	source/game_sa/Audio/Hardware/AEStaticChannel.cpp	222	use of undeclared identifier 'WAVE_FORMAT_PCM'
other: undeclared/unknown identifier	source/game_sa/Audio/Hardware/AEStaticChannel.cpp	224	use of undeclared identifier 'm_pDirectSoundBuffer'
other: undeclared/unknown identifier	source/game_sa/Audio/Hardware/AEStaticChannel.cpp	227	use of undeclared identifier 'm_pDirectSoundBuffer'
other: undeclared/unknown identifier	source/game_sa/Audio/Hardware/AEStaticChannel.cpp	228	use of undeclared identifier 'm_pDirectSoundBuffer'
other: undeclared/unknown identifier	source/game_sa/Audio/Hardware/AEStaticChannel.cpp	234	use of undeclared identifier 'DSBLOCK_ENTIREBUFFER'
other: undeclared/unknown identifier	source/game_sa/Audio/Hardware/AEStaticChannel.cpp	234	use of undeclared identifier 'm_pDirectSoundBuffer'
other: undeclared/unknown identifier	source/game_sa/Audio/Hardware/AEStaticChannel.cpp	235	use of undeclared identifier 'm_pDirectSoundBuffer'
other: undeclared/unknown identifier	source/game_sa/Audio/Hardware/AEStaticChannel.cpp	236	use of undeclared identifier 'm_pDirectSoundBuffer'
other: undeclared/unknown identifier	source/game_sa/Audio/Hardware/AEStaticChannel.cpp	238	use of undeclared identifier 'm_pDirectSoundBuffer'
other	source/game_sa/Audio/Hardware/AEStaticChannel.cpp	263	cannot initialize object parameter of type 'const CAEAudioChannel' with an expression of type 'CAEStaticChannel'
other: undeclared/unknown identifier	source/game_sa/Audio/Hardware/AEStaticChannel.cpp	267	use of undeclared identifier 'm_pDirectSoundBuffer'
other: undeclared/unknown identifier	source/game_sa/Audio/Hardware/AEStaticChannel.cpp	268	use of undeclared identifier 'm_pDirectSoundBuffer'
W/R: DirectX	source/game_sa/Audio/Hardware/AEStaticChannel.cpp	269	use of undeclared identifier 'IID_IDirectSound3DBuffer'
other: undeclared/unknown identifier	source/game_sa/Audio/Hardware/AEStaticChannel.cpp	269	use of undeclared identifier 'm_pDirectSoundBuffer'
other: undeclared/unknown identifier	source/game_sa/Audio/Hardware/AEStaticChannel.cpp	271	use of undeclared identifier 'm_pDirectSoundBuffer'
W/R: DirectX	source/game_sa/Audio/Hardware/AEStaticChannel.h	26	unknown type name 'IDirectSound'; did you mean 'eDirection'?
P: 64-bit layout (sizeof/offsetof static_assert)	source/game_sa/Audio/Hardware/AEStaticChannel.h	43	static assertion failed due to requirement 'sizeof(CAEStaticChannel) == 144': Invalid structure size of CAEStaticChannel
other: undeclared/unknown type	source/game_sa/Audio/Hardware/AEStreamingChannel.cpp	11	unknown type name 'DSFXParamEq'
other: undeclared/unknown identifier	source/game_sa/Audio/Hardware/AEStreamingChannel.cpp	24	use of undeclared identifier 'm_pDirectSoundBuffer8'
other: undeclared/unknown identifier	source/game_sa/Audio/Hardware/AEStreamingChannel.cpp	25	use of undeclared identifier 'm_pDirectSoundBuffer8'
other: undeclared/unknown identifier	source/game_sa/Audio/Hardware/AEStreamingChannel.cpp	32	use of undeclared identifier 'm_pDirectSoundBuffer'
other: undeclared/unknown identifier	source/game_sa/Audio/Hardware/AEStreamingChannel.cpp	33	use of undeclared identifier 'm_pDirectSoundBuffer'
W: Win32 API / type	source/game_sa/Audio/Hardware/AEStreamingChannel.cpp	47	use of undeclared identifier 'CoInitialize'
W/R: DirectX	source/game_sa/Audio/Hardware/AEStreamingChannel.cpp	49	unknown type name 'DSBUFFERDESC'
other: undeclared/unknown identifier	source/game_sa/Audio/Hardware/AEStreamingChannel.cpp	50	use of undeclared identifier 'GUID_NULL'
other: undeclared/unknown identifier	source/game_sa/Audio/Hardware/AEStreamingChannel.cpp	55	use of undeclared identifier 'DSBCAPS_CTRLFREQUENCY'
other: undeclared/unknown identifier	source/game_sa/Audio/Hardware/AEStreamingChannel.cpp	55	use of undeclared identifier 'DSBCAPS_CTRLFX'
other: undeclared/unknown identifier	source/game_sa/Audio/Hardware/AEStreamingChannel.cpp	55	use of undeclared identifier 'DSBCAPS_CTRLVOLUME'
other: undeclared/unknown identifier	source/game_sa/Audio/Hardware/AEStreamingChannel.cpp	55	use of undeclared identifier 'DSBCAPS_GETCURRENTPOSITION2'
other: undeclared/unknown identifier	source/game_sa/Audio/Hardware/AEStreamingChannel.cpp	55	use of undeclared identifier 'DSBCAPS_GLOBALFOCUS'
other: undeclared/unknown identifier	source/game_sa/Audio/Hardware/AEStreamingChannel.cpp	55	use of undeclared identifier 'DSBCAPS_LOCSOFTWARE'
W/R: DirectX	source/game_sa/Audio/Hardware/AEStreamingChannel.cpp	57	use of undeclared identifier 'WAVE_FORMAT_PCM'
other: undeclared/unknown identifier	source/game_sa/Audio/Hardware/AEStreamingChannel.cpp	67	use of undeclared identifier 'm_pDirectSoundBuffer'
other: undeclared/unknown identifier	source/game_sa/Audio/Hardware/AEStreamingChannel.cpp	70	use of undeclared identifier 'm_pDirectSoundBuffer'
other: undeclared/unknown identifier	source/game_sa/Audio/Hardware/AEStreamingChannel.cpp	71	use of undeclared identifier 'm_pDirectSoundBuffer'
W/R: DirectX	source/game_sa/Audio/Hardware/AEStreamingChannel.cpp	82	unknown type name 'DSBUFFERDESC'
other: undeclared/unknown identifier	source/game_sa/Audio/Hardware/AEStreamingChannel.cpp	86	use of undeclared identifier 'DSBCAPS_GLOBALFOCUS'
other: undeclared/unknown identifier	source/game_sa/Audio/Hardware/AEStreamingChannel.cpp	86	use of undeclared identifier 'DSBCAPS_LOCSOFTWARE'
other: undeclared/unknown identifier	source/game_sa/Audio/Hardware/AEStreamingChannel.cpp	92	use of undeclared identifier 'DSBLOCK_ENTIREBUFFER'
other: undeclared/unknown identifier	source/game_sa/Audio/Hardware/AEStreamingChannel.cpp	95	use of undeclared identifier 'DSBPLAY_LOOPING'
other: undeclared/unknown identifier	source/game_sa/Audio/Hardware/AEStreamingChannel.cpp	106	use of undeclared identifier 'm_pDirectSoundBuffer'
other: undeclared/unknown identifier	source/game_sa/Audio/Hardware/AEStreamingChannel.cpp	107	use of undeclared identifier 'm_pDirectSoundBuffer'
W/R: DirectX	source/game_sa/Audio/Hardware/AEStreamingChannel.cpp	132	unknown type name 'IDirectSoundFXParamEq'
other: undeclared/unknown identifier	source/game_sa/Audio/Hardware/AEStreamingChannel.cpp	133	use of undeclared identifier 'm_pDirectSoundBuffer8'
other: undeclared/unknown identifier	source/game_sa/Audio/Hardware/AEStreamingChannel.cpp	134	use of undeclared identifier 'GUID_All_Objects'
W/R: DirectX	source/game_sa/Audio/Hardware/AEStreamingChannel.cpp	136	use of undeclared identifier 'IID_IDirectSoundFXParamEq'
other: undeclared/unknown type	source/game_sa/Audio/Hardware/AEStreamingChannel.cpp	142	unknown type name 'DSFXParamEq'
other	source/game_sa/Audio/Hardware/AEStreamingChannel.cpp	152	cannot initialize object parameter of type 'const CAEAudioChannel' with an expression of type 'CAEStreamingChannel'
other: undeclared/unknown identifier	source/game_sa/Audio/Hardware/AEStreamingChannel.cpp	152	use of undeclared identifier 'm_pDirectSoundBuffer'
other: undeclared/unknown identifier	source/game_sa/Audio/Hardware/AEStreamingChannel.cpp	163	use of undeclared identifier 'm_pDirectSoundBuffer'
other: undeclared/unknown identifier	source/game_sa/Audio/Hardware/AEStreamingChannel.cpp	166	use of undeclared identifier 'm_pDirectSoundBuffer'
other: undeclared/unknown identifier	source/game_sa/Audio/Hardware/AEStreamingChannel.cpp	167	use of undeclared identifier 'DSBPLAY_LOOPING'
other: undeclared/unknown identifier	source/game_sa/Audio/Hardware/AEStreamingChannel.cpp	167	use of undeclared identifier 'm_pDirectSoundBuffer'
other: undeclared/unknown identifier	source/game_sa/Audio/Hardware/AEStreamingChannel.cpp	170	use of undeclared identifier 'm_pDirectSoundBuffer'
other: undeclared/unknown identifier	source/game_sa/Audio/Hardware/AEStreamingChannel.cpp	171	use of undeclared identifier 'm_pDirectSoundBuffer'
other: undeclared/unknown identifier	source/game_sa/Audio/Hardware/AEStreamingChannel.cpp	221	use of undeclared identifier 'm_pDirectSoundBuffer'
other: undeclared/unknown identifier	source/game_sa/Audio/Hardware/AEStreamingChannel.cpp	247	use of undeclared identifier 'DSBLOCK_ENTIREBUFFER'
other: undeclared/unknown identifier	source/game_sa/Audio/Hardware/AEStreamingChannel.cpp	247	use of undeclared identifier 'm_pDirectSoundBuffer'
other: undeclared/unknown identifier	source/game_sa/Audio/Hardware/AEStreamingChannel.cpp	261	use of undeclared identifier 'm_pDirectSoundBuffer'
other	source/game_sa/Audio/Hardware/AEStreamingChannel.cpp	275	cannot initialize object parameter of type 'CAEAudioChannel' with an expression of type 'CAEStreamingChannel'
other: undeclared/unknown identifier	source/game_sa/Audio/Hardware/AEStreamingChannel.cpp	279	use of undeclared identifier 'm_pDirectSoundBuffer'
other: undeclared/unknown identifier	source/game_sa/Audio/Hardware/AEStreamingChannel.cpp	325	use of undeclared identifier 'm_pDirectSoundBuffer'
other: undeclared/unknown type	source/game_sa/Audio/Hardware/AEStreamingChannel.cpp	355	unknown type name 'DSEFFECTDESC'
other: undeclared/unknown identifier	source/game_sa/Audio/Hardware/AEStreamingChannel.cpp	357	use of undeclared identifier 'GUID_DSFX_STANDARD_PARAMEQ'
other: undeclared/unknown identifier	source/game_sa/Audio/Hardware/AEStreamingChannel.cpp	365	use of undeclared identifier 'm_pDirectSoundBuffer'
other: undeclared/unknown identifier	source/game_sa/Audio/Hardware/AEStreamingChannel.cpp	369	use of undeclared identifier 'm_pDirectSoundBuffer8'
W/R: DirectX	source/game_sa/Audio/Hardware/AEStreamingChannel.cpp	377	unknown type name 'IDirectSoundFXParamEq'
other: undeclared/unknown identifier	source/game_sa/Audio/Hardware/AEStreamingChannel.cpp	378	use of undeclared identifier 'm_pDirectSoundBuffer8'
other: undeclared/unknown identifier	source/game_sa/Audio/Hardware/AEStreamingChannel.cpp	379	use of undeclared identifier 'GUID_All_Objects'
W/R: DirectX	source/game_sa/Audio/Hardware/AEStreamingChannel.cpp	381	use of undeclared identifier 'IID_IDirectSoundFXParamEq'
other: undeclared/unknown identifier	source/game_sa/Audio/Hardware/AEStreamingChannel.cpp	389	use of undeclared identifier 'DSBPLAY_LOOPING'
other: undeclared/unknown identifier	source/game_sa/Audio/Hardware/AEStreamingChannel.cpp	389	use of undeclared identifier 'm_pDirectSoundBuffer'
other: undeclared/unknown identifier	source/game_sa/Audio/Hardware/AEStreamingChannel.cpp	399	use of undeclared identifier 'm_pDirectSoundBuffer'
other: undeclared/unknown identifier	source/game_sa/Audio/Hardware/AEStreamingChannel.cpp	403	use of undeclared identifier 'm_pDirectSoundBuffer8'
other: undeclared/unknown identifier	source/game_sa/Audio/Hardware/AEStreamingChannel.cpp	406	use of undeclared identifier 'DSBPLAY_LOOPING'
other: undeclared/unknown identifier	source/game_sa/Audio/Hardware/AEStreamingChannel.cpp	406	use of undeclared identifier 'm_pDirectSoundBuffer'
other: undeclared/unknown identifier	source/game_sa/Audio/Hardware/AEStreamingChannel.cpp	448	use of undeclared identifier 'm_pDirectSoundBuffer'
other	source/game_sa/Audio/Hardware/AEStreamingChannel.cpp	451	cannot initialize object parameter of type 'CAEAudioChannel' with an expression of type 'CAEStreamingChannel'
other: undeclared/unknown identifier	source/game_sa/Audio/Hardware/AEStreamingChannel.cpp	458	use of undeclared identifier 'm_pDirectSoundBuffer'
other: undeclared/unknown identifier	source/game_sa/Audio/Hardware/AEStreamingChannel.cpp	459	use of undeclared identifier 'm_pDirectSoundBuffer'
other: undeclared/unknown identifier	source/game_sa/Audio/Hardware/AEStreamingChannel.cpp	465	use of undeclared identifier 'm_pDirectSoundBuffer'
other: undeclared/unknown identifier	source/game_sa/Audio/Hardware/AEStreamingChannel.cpp	466	use of undeclared identifier 'DSBPLAY_LOOPING'
other: undeclared/unknown identifier	source/game_sa/Audio/Hardware/AEStreamingChannel.cpp	466	use of undeclared identifier 'm_pDirectSoundBuffer'
other: undeclared/unknown identifier	source/game_sa/Audio/Hardware/AEStreamingChannel.cpp	471	use of undeclared identifier 'm_pDirectSoundBuffer'
other	source/game_sa/Audio/Hardware/AEStreamingChannel.cpp	501	cannot initialize object parameter of type 'CAEAudioChannel' with an expression of type 'CAEStreamingChannel'
other	source/game_sa/Audio/Hardware/AEStreamingChannel.cpp	503	cannot initialize object parameter of type 'const CAEAudioChannel' with an expression of type 'CAEStreamingChannel'
other: undeclared/unknown identifier	source/game_sa/Audio/Hardware/AEStreamingChannel.cpp	513	use of undeclared identifier 'm_pDirectSoundBuffer'
other: undeclared/unknown identifier	source/game_sa/Audio/Hardware/AEStreamingChannel.cpp	519	use of undeclared identifier 'm_pDirectSoundBuffer'
other	source/game_sa/Audio/Hardware/AEStreamingChannel.cpp	541	cannot initialize object parameter of type 'CAEAudioChannel' with an expression of type 'CAEStreamingChannel'
other: undeclared/unknown identifier	source/game_sa/Audio/Hardware/AEStreamingChannel.cpp	545	use of undeclared identifier 'm_pDirectSoundBuffer'
other: undeclared/unknown identifier	source/game_sa/Audio/Hardware/AEStreamingChannel.cpp	556	use of undeclared identifier 'm_pDirectSoundBuffer'
other: undeclared/unknown identifier	source/game_sa/Audio/Hardware/AEStreamingChannel.cpp	583	use of undeclared identifier 'm_pDirectSoundBuffer'
other: undeclared/unknown identifier	source/game_sa/Audio/Hardware/AEStreamingChannel.cpp	594	use of undeclared identifier 'm_pDirectSoundBuffer'
W/R: DirectX	source/game_sa/Audio/Hardware/AEStreamingChannel.h	37	unknown type name 'IDirectSoundBuffer'
W/R: DirectX	source/game_sa/Audio/Hardware/AEStreamingChannel.h	41	unknown type name 'IDirectSound'; did you mean 'eDirection'?
W/R: DirectX	source/game_sa/Audio/Hardware/AEStreamingChannel.h	77	unknown type name 'IDirectSound'
W/R: DirectX	source/game_sa/Audio/Hardware/AEStreamingChannel.h	77	unknown type name 'IDirectSound'; did you mean 'eDirection'?
other: undeclared/unknown identifier	source/game_sa/Audio/Hardware/AEStreamingChannel.h	88	use of undeclared identifier 'm_pDirectSoundBuffer'
other: undeclared/unknown identifier	source/game_sa/Audio/Hardware/AEStreamingChannel.h	88	use of undeclared identifier 'm_pDirectSoundBuffer'; did you mean 'm_pDirectSound3DBuffer'?
other: undeclared/unknown identifier	source/game_sa/Audio/Hardware/AEStreamingChannel.h	89	use of undeclared identifier 'm_pDirectSoundBuffer'
other: undeclared/unknown identifier	source/game_sa/Audio/Hardware/AEStreamingChannel.h	89	use of undeclared identifier 'm_pDirectSoundBuffer'; did you mean 'm_pDirectSound3DBuffer'?
P: 64-bit layout (sizeof/offsetof static_assert)	source/game_sa/Audio/Hardware/AEStreamingChannel.h	93	static assertion failed due to requirement 'sizeof(CAEStreamingChannel) == 393368': Invalid structure size of CAEStreamingChannel
P: 64-bit layout (sizeof/offsetof static_assert)	source/game_sa/Audio/Loaders/AEBankLoader.h	84	static assertion failed due to requirement 'sizeof(CAESoundRequest) == 32': Invalid structure size of CAESoundRequest
P: 64-bit layout (sizeof/offsetof static_assert)	source/game_sa/Audio/Loaders/AEBankLoader.h	131	static assertion failed due to requirement 'sizeof(CAEBankLoader) == 1764': Invalid structure size of CAEBankLoader
W: Win32 API / type	source/game_sa/Audio/Loaders/AEDataStream.cpp	34	unknown type name 'REFIID'
W: Win32 API / type	source/game_sa/Audio/Loaders/AEDataStream.cpp	38	use of undeclared identifier 'IID_IStream'
W: Win32 API / type	source/game_sa/Audio/Loaders/AEDataStream.cpp	38	use of undeclared identifier 'IID_IUnknown'
other: undeclared/unknown identifier	source/game_sa/Audio/Loaders/AEDataStream.cpp	39	use of undeclared identifier 'AddRef'
W: Win32 API / type	source/game_sa/Audio/Loaders/AEDataStream.cpp	44	use of undeclared identifier 'E_NOINTERFACE'
other	source/game_sa/Audio/Loaders/AEDataStream.cpp	48	out-of-line definition of 'AddRef' does not match any declaration in 'CAEDataStream'
other	source/game_sa/Audio/Loaders/AEDataStream.cpp	53	out-of-line definition of 'Release' does not match any declaration in 'CAEDataStream'
other	source/game_sa/Audio/Loaders/AEDataStream.cpp	65	out-of-line definition of 'Read' does not match any declaration in 'CAEDataStream'
other	source/game_sa/Audio/Loaders/AEDataStream.cpp	71	out-of-line definition of 'Write' does not match any declaration in 'CAEDataStream'
W: Win32 API / type	source/game_sa/Audio/Loaders/AEDataStream.cpp	72	use of undeclared identifier 'E_NOTIMPL'
W: Win32 API / type	source/game_sa/Audio/Loaders/AEDataStream.cpp	76	unknown type name 'LARGE_INTEGER'
other: undeclared/unknown type	source/game_sa/Audio/Loaders/AEDataStream.cpp	76	unknown type name 'ULARGE_INTEGER'
W: Win32 API / type	source/game_sa/Audio/Loaders/AEDataStream.cpp	84	use of undeclared identifier 'E_INVALIDARG'
other: undeclared/unknown type	source/game_sa/Audio/Loaders/AEDataStream.cpp	95	unknown type name 'ULARGE_INTEGER'
W: Win32 API / type	source/game_sa/Audio/Loaders/AEDataStream.cpp	96	use of undeclared identifier 'E_NOTIMPL'
other: undeclared/unknown type	source/game_sa/Audio/Loaders/AEDataStream.cpp	100	unknown type name 'IStream'
other: undeclared/unknown type	source/game_sa/Audio/Loaders/AEDataStream.cpp	100	unknown type name 'ULARGE_INTEGER'
W: Win32 API / type	source/game_sa/Audio/Loaders/AEDataStream.cpp	101	use of undeclared identifier 'E_NOTIMPL'
other	source/game_sa/Audio/Loaders/AEDataStream.cpp	105	out-of-line definition of 'Commit' does not match any declaration in 'CAEDataStream'
W: Win32 API / type	source/game_sa/Audio/Loaders/AEDataStream.cpp	106	use of undeclared identifier 'E_NOTIMPL'
other	source/game_sa/Audio/Loaders/AEDataStream.cpp	110	out-of-line definition of 'Revert' does not match any declaration in 'CAEDataStream'
W: Win32 API / type	source/game_sa/Audio/Loaders/AEDataStream.cpp	111	use of undeclared identifier 'E_NOTIMPL'
other: undeclared/unknown type	source/game_sa/Audio/Loaders/AEDataStream.cpp	115	unknown type name 'ULARGE_INTEGER'
W: Win32 API / type	source/game_sa/Audio/Loaders/AEDataStream.cpp	116	use of undeclared identifier 'E_NOTIMPL'
other: undeclared/unknown type	source/game_sa/Audio/Loaders/AEDataStream.cpp	120	unknown type name 'ULARGE_INTEGER'
W: Win32 API / type	source/game_sa/Audio/Loaders/AEDataStream.cpp	121	use of undeclared identifier 'E_NOTIMPL'
other: undeclared/unknown type	source/game_sa/Audio/Loaders/AEDataStream.cpp	125	unknown type name 'STATSTG'
other: undeclared/unknown identifier	source/game_sa/Audio/Loaders/AEDataStream.cpp	126	use of undeclared identifier 'STATFLAG_NONAME'
W: Win32 API / type	source/game_sa/Audio/Loaders/AEDataStream.cpp	127	use of undeclared identifier 'E_INVALIDARG'
other: undeclared/unknown identifier	source/game_sa/Audio/Loaders/AEDataStream.cpp	130	use of undeclared identifier 'STATSTG'
other: undeclared/unknown identifier	source/game_sa/Audio/Loaders/AEDataStream.cpp	132	use of undeclared identifier 'STGTY_STREAM'
other: undeclared/unknown type	source/game_sa/Audio/Loaders/AEDataStream.cpp	137	unknown type name 'IStream'
W: Win32 API / type	source/game_sa/Audio/Loaders/AEDataStream.cpp	138	use of undeclared identifier 'E_NOTIMPL'
other	source/game_sa/Audio/Loaders/AEDataStream.cpp	228	static_cast from 'uint32 (RHCurrentNS::*)(long, int32)' to 'HRESULT (CAEDataStream::*)(int, DWORD, int *)' is not allowed
W: Win32 API / type	source/game_sa/Audio/Loaders/AEDataStream.cpp	228	unknown type name 'LARGE_INTEGER'
other: undeclared/unknown type	source/game_sa/Audio/Loaders/AEDataStream.cpp	228	unknown type name 'ULARGE_INTEGER'
other	source/game_sa/Audio/Loaders/AEDataStream.cpp	242	'InjectHooks' is a private member of 'CAEStreamTransformer'
C: syntax / extension	source/game_sa/Audio/Loaders/AEDataStream.h	7	expected class name
C: syntax / extension	source/game_sa/Audio/Loaders/AEDataStream.h	23	expected ';' at end of declaration list
other	source/game_sa/Audio/Loaders/AEDataStream.h	24	duplicate member 'STDMETHODCALLTYPE'
C: syntax / extension	source/game_sa/Audio/Loaders/AEDataStream.h	24	expected ';' at end of declaration list
other	source/game_sa/Audio/Loaders/AEDataStream.h	25	duplicate member 'STDMETHODCALLTYPE'
C: syntax / extension	source/game_sa/Audio/Loaders/AEDataStream.h	25	expected ';' at end of declaration list
other	source/game_sa/Audio/Loaders/AEDataStream.h	26	duplicate member 'STDMETHODCALLTYPE'
C: syntax / extension	source/game_sa/Audio/Loaders/AEDataStream.h	26	expected ';' at end of declaration list
other	source/game_sa/Audio/Loaders/AEDataStream.h	27	duplicate member 'STDMETHODCALLTYPE'
C: syntax / extension	source/game_sa/Audio/Loaders/AEDataStream.h	27	expected ';' at end of declaration list
other	source/game_sa/Audio/Loaders/AEDataStream.h	28	duplicate member 'STDMETHODCALLTYPE'
C: syntax / extension	source/game_sa/Audio/Loaders/AEDataStream.h	28	expected ';' at end of declaration list
other	source/game_sa/Audio/Loaders/AEDataStream.h	29	duplicate member 'STDMETHODCALLTYPE'
C: syntax / extension	source/game_sa/Audio/Loaders/AEDataStream.h	29	expected ';' at end of declaration list
other	source/game_sa/Audio/Loaders/AEDataStream.h	30	duplicate member 'STDMETHODCALLTYPE'
C: syntax / extension	source/game_sa/Audio/Loaders/AEDataStream.h	30	expected ';' at end of declaration list
other	source/game_sa/Audio/Loaders/AEDataStream.h	31	duplicate member 'STDMETHODCALLTYPE'
C: syntax / extension	source/game_sa/Audio/Loaders/AEDataStream.h	31	expected ';' at end of declaration list
other	source/game_sa/Audio/Loaders/AEDataStream.h	32	duplicate member 'STDMETHODCALLTYPE'
C: syntax / extension	source/game_sa/Audio/Loaders/AEDataStream.h	32	expected ';' at end of declaration list
other	source/game_sa/Audio/Loaders/AEDataStream.h	33	duplicate member 'STDMETHODCALLTYPE'
C: syntax / extension	source/game_sa/Audio/Loaders/AEDataStream.h	33	expected ';' at end of declaration list
other	source/game_sa/Audio/Loaders/AEDataStream.h	34	duplicate member 'STDMETHODCALLTYPE'
C: syntax / extension	source/game_sa/Audio/Loaders/AEDataStream.h	34	expected ';' at end of declaration list
other	source/game_sa/Audio/Loaders/AEDataStream.h	35	duplicate member 'STDMETHODCALLTYPE'
C: syntax / extension	source/game_sa/Audio/Loaders/AEDataStream.h	35	expected ';' at end of declaration list
other	source/game_sa/Audio/Loaders/AEDataStream.h	36	duplicate member 'STDMETHODCALLTYPE'
C: syntax / extension	source/game_sa/Audio/Loaders/AEDataStream.h	36	expected ';' at end of declaration list
P: 64-bit layout (sizeof/offsetof static_assert)	source/game_sa/Audio/Loaders/AEDataStream.h	52	static assertion failed due to requirement 'sizeof(CAEDataStream) == 40': Invalid structure size of CAEDataStream
W: Win32 API / type	source/game_sa/Audio/Loaders/AEMFDecoder.cpp	23	unknown type name 'GUID'; did you mean '_GUID'?
C: two-phase lookup / template / incomplete type	source/game_sa/Audio/Loaders/AEMFDecoder.cpp	23	variable has incomplete type 'const _GUID'
W: Win32 API / type	source/game_sa/Audio/Loaders/AEMFDecoder.cpp	25	unknown type name 'GUID'; did you mean '_GUID'?
C: two-phase lookup / template / incomplete type	source/game_sa/Audio/Loaders/AEMFDecoder.cpp	25	variable has incomplete type 'const _GUID'
W: Win32 API / type	source/game_sa/Audio/Loaders/AEMFDecoder.cpp	27	unknown type name 'GUID'; did you mean '_GUID'?
C: two-phase lookup / template / incomplete type	source/game_sa/Audio/Loaders/AEMFDecoder.cpp	27	variable has incomplete type 'const _GUID'
W: Win32 API / type	source/game_sa/Audio/Loaders/AEMFDecoder.cpp	29	unknown type name 'GUID'; did you mean '_GUID'?
C: two-phase lookup / template / incomplete type	source/game_sa/Audio/Loaders/AEMFDecoder.cpp	29	variable has incomplete type 'const _GUID'
W: Win32 API / type	source/game_sa/Audio/Loaders/AEMFDecoder.cpp	31	unknown type name 'GUID'; did you mean '_GUID'?
C: two-phase lookup / template / incomplete type	source/game_sa/Audio/Loaders/AEMFDecoder.cpp	31	variable has incomplete type 'const _GUID'
W: Win32 API / type	source/game_sa/Audio/Loaders/AEMFDecoder.cpp	33	unknown type name 'GUID'; did you mean '_GUID'?
C: two-phase lookup / template / incomplete type	source/game_sa/Audio/Loaders/AEMFDecoder.cpp	33	variable has incomplete type 'const _GUID'
W: Win32 API / type	source/game_sa/Audio/Loaders/AEMFDecoder.cpp	35	unknown type name 'GUID'; did you mean '_GUID'?
C: two-phase lookup / template / incomplete type	source/game_sa/Audio/Loaders/AEMFDecoder.cpp	35	variable has incomplete type 'const _GUID'
W: Win32 API / type	source/game_sa/Audio/Loaders/AEMFDecoder.cpp	37	unknown type name 'GUID'; did you mean '_GUID'?
C: two-phase lookup / template / incomplete type	source/game_sa/Audio/Loaders/AEMFDecoder.cpp	37	variable has incomplete type 'const _GUID'
other: undeclared/unknown type	source/game_sa/Audio/Loaders/AEMFDecoder.cpp	39	unknown type name 'IID'
W: Win32 API / type	source/game_sa/Audio/Loaders/AEMFDecoder.cpp	45	unknown type name 'IMFAttributes'
W: Win32 API / type	source/game_sa/Audio/Loaders/AEMFDecoder.cpp	45	unknown type name 'IMFSourceReader'
W: Win32 API / type	source/game_sa/Audio/Loaders/AEMFDecoder.cpp	46	unknown type name 'IMFMediaType'
other	source/game_sa/Audio/Loaders/AEMFDecoder.cpp	50	member initializer 'm_nTempBufferUsed' does not name a non-static data member or base class
other	source/game_sa/Audio/Loaders/AEMFDecoder.cpp	50	member initializer 'm_pPcmAudio' does not name a non-static data member or base class
other	source/game_sa/Audio/Loaders/AEMFDecoder.cpp	50	member initializer 'm_pSourceReader' does not name a non-static data member or base class
other	source/game_sa/Audio/Loaders/AEMFDecoder.cpp	50	member initializer 'm_wpTempBuffer' does not name a non-static data member or base class
other: undeclared/unknown identifier	source/game_sa/Audio/Loaders/AEMFDecoder.cpp	55	use of undeclared identifier 'm_pPcmAudio'
other: undeclared/unknown identifier	source/game_sa/Audio/Loaders/AEMFDecoder.cpp	56	use of undeclared identifier 'm_pPcmAudio'
other: undeclared/unknown identifier	source/game_sa/Audio/Loaders/AEMFDecoder.cpp	57	use of undeclared identifier 'm_pPcmAudio'
other: undeclared/unknown identifier	source/game_sa/Audio/Loaders/AEMFDecoder.cpp	60	use of undeclared identifier 'm_pSourceReader'
other: undeclared/unknown identifier	source/game_sa/Audio/Loaders/AEMFDecoder.cpp	61	use of undeclared identifier 'm_pSourceReader'
other: undeclared/unknown identifier	source/game_sa/Audio/Loaders/AEMFDecoder.cpp	62	use of undeclared identifier 'm_pSourceReader'
other: undeclared/unknown identifier	source/game_sa/Audio/Loaders/AEMFDecoder.cpp	65	use of undeclared identifier 'm_wpTempBuffer'
other: undeclared/unknown identifier	source/game_sa/Audio/Loaders/AEMFDecoder.cpp	66	use of undeclared identifier 'm_wpTempBuffer'
other: undeclared/unknown identifier	source/game_sa/Audio/Loaders/AEMFDecoder.cpp	67	use of undeclared identifier 'm_wpTempBuffer'
other: undeclared/unknown identifier	source/game_sa/Audio/Loaders/AEMFDecoder.cpp	82	use of undeclared identifier 'm_pSourceReader'
W: Win32 API / type	source/game_sa/Audio/Loaders/AEMFDecoder.cpp	86	use of undeclared identifier 'MF_SOURCE_READER_ALL_STREAMS'
W: Win32 API / type	source/game_sa/Audio/Loaders/AEMFDecoder.cpp	86	use of undeclared identifier 'MF_SOURCE_READER_FIRST_AUDIO_STREAM'
other: undeclared/unknown identifier	source/game_sa/Audio/Loaders/AEMFDecoder.cpp	86	use of undeclared identifier 'm_pSourceReader'
other: undeclared/unknown identifier	source/game_sa/Audio/Loaders/AEMFDecoder.cpp	87	use of undeclared identifier 'm_pSourceReader'
other: undeclared/unknown identifier	source/game_sa/Audio/Loaders/AEMFDecoder.cpp	88	use of undeclared identifier 'm_pSourceReader'
W: Win32 API / type	source/game_sa/Audio/Loaders/AEMFDecoder.cpp	93	unknown type name 'IMFMediaType'
other: undeclared/unknown identifier	source/game_sa/Audio/Loaders/AEMFDecoder.cpp	95	use of undeclared identifier 'm_pSourceReader'
other: undeclared/unknown identifier	source/game_sa/Audio/Loaders/AEMFDecoder.cpp	96	use of undeclared identifier 'm_pSourceReader'
other: undeclared/unknown identifier	source/game_sa/Audio/Loaders/AEMFDecoder.cpp	103	use of undeclared identifier 'm_pSourceReader'
other: undeclared/unknown identifier	source/game_sa/Audio/Loaders/AEMFDecoder.cpp	104	use of undeclared identifier 'm_pSourceReader'
W: Win32 API / type	source/game_sa/Audio/Loaders/AEMFDecoder.cpp	109	use of undeclared identifier 'MF_SOURCE_READER_FIRST_AUDIO_STREAM'
other: undeclared/unknown identifier	source/game_sa/Audio/Loaders/AEMFDecoder.cpp	109	use of undeclared identifier 'm_pSourceReader'
other: undeclared/unknown identifier	source/game_sa/Audio/Loaders/AEMFDecoder.cpp	111	use of undeclared identifier 'm_pSourceReader'
other: undeclared/unknown identifier	source/game_sa/Audio/Loaders/AEMFDecoder.cpp	112	use of undeclared identifier 'm_pSourceReader'
W: Win32 API / type	source/game_sa/Audio/Loaders/AEMFDecoder.cpp	118	use of undeclared identifier 'MF_SOURCE_READER_FIRST_AUDIO_STREAM'
other: undeclared/unknown identifier	source/game_sa/Audio/Loaders/AEMFDecoder.cpp	118	use of undeclared identifier 'm_pPcmAudio'
other: undeclared/unknown identifier	source/game_sa/Audio/Loaders/AEMFDecoder.cpp	118	use of undeclared identifier 'm_pSourceReader'
other: undeclared/unknown identifier	source/game_sa/Audio/Loaders/AEMFDecoder.cpp	119	use of undeclared identifier 'm_pSourceReader'
other: undeclared/unknown identifier	source/game_sa/Audio/Loaders/AEMFDecoder.cpp	120	use of undeclared identifier 'm_pSourceReader'
W: Win32 API / type	source/game_sa/Audio/Loaders/AEMFDecoder.cpp	124	use of undeclared identifier 'MF_SOURCE_READER_FIRST_AUDIO_STREAM'
other: undeclared/unknown identifier	source/game_sa/Audio/Loaders/AEMFDecoder.cpp	124	use of undeclared identifier 'm_pSourceReader'
other: undeclared/unknown identifier	source/game_sa/Audio/Loaders/AEMFDecoder.cpp	125	use of undeclared identifier 'm_pPcmAudio'
other: undeclared/unknown identifier	source/game_sa/Audio/Loaders/AEMFDecoder.cpp	126	use of undeclared identifier 'm_pPcmAudio'
other: undeclared/unknown identifier	source/game_sa/Audio/Loaders/AEMFDecoder.cpp	127	use of undeclared identifier 'm_pSourceReader'
other: undeclared/unknown identifier	source/game_sa/Audio/Loaders/AEMFDecoder.cpp	128	use of undeclared identifier 'm_pSourceReader'
other: undeclared/unknown identifier	source/game_sa/Audio/Loaders/AEMFDecoder.cpp	135	use of undeclared identifier 'm_pPcmAudio'
other: undeclared/unknown identifier	source/game_sa/Audio/Loaders/AEMFDecoder.cpp	136	use of undeclared identifier 'm_pPcmAudio'
other: undeclared/unknown identifier	source/game_sa/Audio/Loaders/AEMFDecoder.cpp	137	use of undeclared identifier 'm_pPcmAudio'
other: undeclared/unknown identifier	source/game_sa/Audio/Loaders/AEMFDecoder.cpp	138	use of undeclared identifier 'm_pSourceReader'
other: undeclared/unknown identifier	source/game_sa/Audio/Loaders/AEMFDecoder.cpp	139	use of undeclared identifier 'm_pSourceReader'
other: undeclared/unknown type	source/game_sa/Audio/Loaders/AEMFDecoder.cpp	145	unknown type name 'PROPVARIANT'
W: Win32 API / type	source/game_sa/Audio/Loaders/AEMFDecoder.cpp	146	use of undeclared identifier 'MF_PD_DURATION'
W: Win32 API / type	source/game_sa/Audio/Loaders/AEMFDecoder.cpp	146	use of undeclared identifier 'MF_SOURCE_READER_MEDIASOURCE'
other: undeclared/unknown identifier	source/game_sa/Audio/Loaders/AEMFDecoder.cpp	146	use of undeclared identifier 'm_pSourceReader'
other: undeclared/unknown identifier	source/game_sa/Audio/Loaders/AEMFDecoder.cpp	147	use of undeclared identifier 'm_pPcmAudio'
other: undeclared/unknown identifier	source/game_sa/Audio/Loaders/AEMFDecoder.cpp	148	use of undeclared identifier 'm_pPcmAudio'
other: undeclared/unknown identifier	source/game_sa/Audio/Loaders/AEMFDecoder.cpp	149	use of undeclared identifier 'm_pSourceReader'
other: undeclared/unknown identifier	source/game_sa/Audio/Loaders/AEMFDecoder.cpp	150	use of undeclared identifier 'm_pSourceReader'
other: undeclared/unknown identifier	source/game_sa/Audio/Loaders/AEMFDecoder.cpp	155	use of undeclared identifier 'm_pPcmAudio'
other: undeclared/unknown identifier	source/game_sa/Audio/Loaders/AEMFDecoder.cpp	156	use of undeclared identifier 'm_pPcmAudio'
other: undeclared/unknown identifier	source/game_sa/Audio/Loaders/AEMFDecoder.cpp	157	use of undeclared identifier 'm_pSourceReader'
other: undeclared/unknown identifier	source/game_sa/Audio/Loaders/AEMFDecoder.cpp	158	use of undeclared identifier 'm_pSourceReader'
other: undeclared/unknown identifier	source/game_sa/Audio/Loaders/AEMFDecoder.cpp	162	use of undeclared identifier 'm_wpTempBuffer'
other: undeclared/unknown identifier	source/game_sa/Audio/Loaders/AEMFDecoder.cpp	177	use of undeclared identifier 'm_nTempBufferUsed'
other: undeclared/unknown identifier	source/game_sa/Audio/Loaders/AEMFDecoder.cpp	178	use of undeclared identifier 'm_nTempBufferUsed'
other: undeclared/unknown identifier	source/game_sa/Audio/Loaders/AEMFDecoder.cpp	180	use of undeclared identifier 'm_wpTempBuffer'
other: undeclared/unknown identifier	source/game_sa/Audio/Loaders/AEMFDecoder.cpp	182	use of undeclared identifier 'm_nTempBufferUsed'
other: undeclared/unknown identifier	source/game_sa/Audio/Loaders/AEMFDecoder.cpp	188	use of undeclared identifier 'm_nTempBufferUsed'
other: undeclared/unknown identifier	source/game_sa/Audio/Loaders/AEMFDecoder.cpp	190	use of undeclared identifier 'm_nTempBufferUsed'
other: undeclared/unknown identifier	source/game_sa/Audio/Loaders/AEMFDecoder.cpp	190	use of undeclared identifier 'm_wpTempBuffer'
W: Win32 API / type	source/game_sa/Audio/Loaders/AEMFDecoder.cpp	195	unknown type name 'IMFSample'
W: Win32 API / type	source/game_sa/Audio/Loaders/AEMFDecoder.cpp	196	unknown type name 'IMFMediaBuffer'
W: Win32 API / type	source/game_sa/Audio/Loaders/AEMFDecoder.cpp	200	use of undeclared identifier 'MF_SOURCE_READER_FIRST_AUDIO_STREAM'
other: undeclared/unknown identifier	source/game_sa/Audio/Loaders/AEMFDecoder.cpp	200	use of undeclared identifier 'm_pSourceReader'
W: Win32 API / type	source/game_sa/Audio/Loaders/AEMFDecoder.cpp	202	use of undeclared identifier 'MF_SOURCE_READERF_CURRENTMEDIATYPECHANGED'
W: Win32 API / type	source/game_sa/Audio/Loaders/AEMFDecoder.cpp	202	use of undeclared identifier 'MF_SOURCE_READERF_ENDOFSTREAM'
other: undeclared/unknown identifier	source/game_sa/Audio/Loaders/AEMFDecoder.cpp	229	use of undeclared identifier 'm_wpTempBuffer'
other: undeclared/unknown identifier	source/game_sa/Audio/Loaders/AEMFDecoder.cpp	230	use of undeclared identifier 'm_nTempBufferUsed'
other: undeclared/unknown type	source/game_sa/Audio/Loaders/AEMFDecoder.cpp	265	unknown type name 'PROPVARIANT'
W: Win32 API / type	source/game_sa/Audio/Loaders/AEMFDecoder.cpp	267	use of undeclared identifier 'MF_SOURCE_READER_FIRST_AUDIO_STREAM'
other: undeclared/unknown identifier	source/game_sa/Audio/Loaders/AEMFDecoder.cpp	267	use of undeclared identifier 'm_pSourceReader'
other: undeclared/unknown identifier	source/game_sa/Audio/Loaders/AEMFDecoder.cpp	268	use of undeclared identifier 'GUID_NULL'
other: undeclared/unknown identifier	source/game_sa/Audio/Loaders/AEMFDecoder.cpp	268	use of undeclared identifier 'm_pSourceReader'
W: Win32 API / type	source/game_sa/Audio/Loaders/AEMFDecoder.cpp	308	use of undeclared identifier 'IsWindows7OrGreater'
W: Win32 API / type	source/game_sa/Audio/Loaders/AEMFDecoder.cpp	310	use of undeclared identifier 'LoadLibraryA'
W: Win32 API / type	source/game_sa/Audio/Loaders/AEMFDecoder.cpp	314	use of undeclared identifier 'LoadLibraryA'
W: Win32 API / type	source/game_sa/Audio/Loaders/AEMFDecoder.cpp	316	use of undeclared identifier 'FreeLibrary'
W: Win32 API / type	source/game_sa/Audio/Loaders/AEMFDecoder.cpp	323	use of undeclared identifier 'GetProcAddress'
W: Win32 API / type	source/game_sa/Audio/Loaders/AEMFDecoder.cpp	325	use of undeclared identifier 'MFSTARTUP_NOSOCKET'
W: Win32 API / type	source/game_sa/Audio/Loaders/AEMFDecoder.cpp	325	use of undeclared identifier 'MF_VERSION'
W: Win32 API / type	source/game_sa/Audio/Loaders/AEMFDecoder.cpp	326	use of undeclared identifier 'FreeLibrary'
W: Win32 API / type	source/game_sa/Audio/Loaders/AEMFDecoder.cpp	328	use of undeclared identifier 'FreeLibrary'
W: Win32 API / type	source/game_sa/Audio/Loaders/AEMFDecoder.cpp	334	unknown type name 'IMFAttributes'
W: Win32 API / type	source/game_sa/Audio/Loaders/AEMFDecoder.cpp	334	unknown type name 'IMFSourceReader'
W: Win32 API / type	source/game_sa/Audio/Loaders/AEMFDecoder.cpp	335	use of undeclared identifier 'GetProcAddress'
W: Win32 API / type	source/game_sa/Audio/Loaders/AEMFDecoder.cpp	336	unknown type name 'IMFMediaType'
W: Win32 API / type	source/game_sa/Audio/Loaders/AEMFDecoder.cpp	337	use of undeclared identifier 'GetProcAddress'
W: Win32 API / type	source/game_sa/Audio/Loaders/AEMFDecoder.cpp	352	use of undeclared identifier 'GetProcAddress'
W: Win32 API / type	source/game_sa/Audio/Loaders/AEMFDecoder.cpp	355	use of undeclared identifier 'FreeLibrary'
W: Win32 API / type	source/game_sa/Audio/Loaders/AEMFDecoder.cpp	356	use of undeclared identifier 'FreeLibrary'
W: Win32 API / type	source/game_sa/Audio/Loaders/AEMFDecoder.h	13	unknown type name 'IMFAttributes'
W: Win32 API / type	source/game_sa/Audio/Loaders/AEMFDecoder.h	13	unknown type name 'IMFSourceReader'
W: Win32 API / type	source/game_sa/Audio/Loaders/AEMFDecoder.h	14	unknown type name 'IMFMediaType'
W: Win32 API / type	source/game_sa/Audio/Loaders/AEMFDecoder.h	21	unknown type name 'IMFSourceReader'
W: Win32 API / type	source/game_sa/Audio/Loaders/AEMFDecoder.h	22	unknown type name 'IMFMediaType'
P: 64-bit layout (sizeof/offsetof static_assert)	source/game_sa/Audio/Loaders/AEMFDecoder.h	60	static assertion failed due to requirement 'sizeof(CAEMFDecoder) == 196': Invalid structure size of CAEMFDecoder
C: libc++ / standard-library gap	source/game_sa/Audio/Loaders/AEMP3BankLoader.cpp	215	no member named 'enumerate' in namespace 'std::ranges::views'
other	source/game_sa/Audio/Loaders/AEMP3BankLoader.cpp	236	value of type 'eSoundRequestStatus' is not implicitly convertible to 'int'
other	source/game_sa/Audio/Loaders/AEMP3BankLoader.cpp	248	value of type 'eSoundRequestStatus' is not implicitly convertible to 'int'
other	source/game_sa/Audio/Loaders/AEMP3BankLoader.cpp	304	value of type 'eSoundRequestStatus' is not implicitly convertible to 'int'
C: syntax / extension	source/game_sa/Audio/Loaders/AEMP3BankLoader.cpp	328	expected ']'
other	source/game_sa/Audio/Loaders/AEMP3BankLoader.cpp	342	value of type 'eSoundRequestStatus' is not implicitly convertible to 'int'
P: 64-bit layout (sizeof/offsetof static_assert)	source/game_sa/Audio/Loaders/AEMP3BankLoader.h	47	static assertion failed due to requirement 'sizeof(CAEMP3BankLoader) == 1764': Invalid structure size of CAEMP3BankLoader
W/C: MSVC CRT name	source/game_sa/Audio/Loaders/AEMP3TrackLoader.cpp	140	use of undeclared identifier 'strcpy_s'
P: 64-bit layout (sizeof/offsetof static_assert)	source/game_sa/Audio/Loaders/AEStreamingDecoder.h	33	static assertion failed due to requirement 'sizeof(CAEStreamingDecoder) == 8': Invalid structure size of CAEStreamingDecoder
W/C: MSVC CRT name	source/game_sa/Audio/Loaders/AETrackLoader.cpp	28	use of undeclared identifier 'strcpy_s'
P: 64-bit layout (sizeof/offsetof static_assert)	source/game_sa/Audio/Loaders/AETrackLoader.h	44	static assertion failed due to requirement 'sizeof(CAETrackLoader) == 28': Invalid structure size of CAETrackLoader
P: 64-bit layout (sizeof/offsetof static_assert)	source/game_sa/Audio/Loaders/AEVorbisDecoder.h	43	static assertion failed due to requirement 'sizeof(CAEVorbisDecoder) == 40': Invalid structure size of CAEVorbisDecoder
C: syntax / extension	source/game_sa/Audio/Loaders/AEWMADecoder.cpp	8	expected expression
C: syntax / extension	source/game_sa/Audio/Loaders/AEWMADecoder.cpp	8	invalid use of non-static data member 'syncReader'
C: syntax / extension	source/game_sa/Audio/Loaders/AEWMADecoder.cpp	8	unexpected type name 'DWORD': expected expression
other: undeclared/unknown type	source/game_sa/Audio/Loaders/AEWMADecoder.cpp	8	unknown type name 'IUnknown'
W: Win32 API / type	source/game_sa/Audio/Loaders/AEWMADecoder.cpp	8	unknown type name 'IWMSyncReader'
other: undeclared/unknown identifier	source/game_sa/Audio/Loaders/AEWMADecoder.cpp	8	use of undeclared identifier 'IUnknown'
W: Win32 API / type	source/game_sa/Audio/Loaders/AEWMADecoder.cpp	8	use of undeclared identifier 'IWMSyncReader'; did you mean 'syncReader'?
W: Win32 API / type	source/game_sa/Audio/Loaders/AEWMADecoder.cpp	24	use of undeclared identifier 'CoUninitialize'
other: undeclared/unknown type	source/game_sa/Audio/Loaders/AEWMADecoder.cpp	29	unknown type name 'WMT_STREAM_SELECTION'
other: undeclared/unknown identifier	source/game_sa/Audio/Loaders/AEWMADecoder.cpp	29	use of undeclared identifier 'WMT_ON'
W: Win32 API / type	source/game_sa/Audio/Loaders/AEWMADecoder.cpp	31	use of undeclared identifier 'CoInitialize'; did you mean 'RwInitialize'?
W: Win32 API / type	source/game_sa/Audio/Loaders/AEWMADecoder.cpp	40	unknown type name 'IWMProfile'
W: Win32 API / type	source/game_sa/Audio/Loaders/AEWMADecoder.cpp	42	use of undeclared identifier 'IID_IWMProfile'
W: Win32 API / type	source/game_sa/Audio/Loaders/AEWMADecoder.cpp	56	unknown type name 'IWMOutputMediaProps'
C: syntax / extension	source/game_sa/Audio/Loaders/AEWMADecoder.cpp	69	expected expression
W: Win32 API / type	source/game_sa/Audio/Loaders/AEWMADecoder.cpp	69	unknown type name 'WM_MEDIA_TYPE'
W: Win32 API / type	source/game_sa/Audio/Loaders/AEWMADecoder.cpp	69	use of undeclared identifier 'WM_MEDIA_TYPE'
C: syntax / extension	source/game_sa/Audio/Loaders/AEWMADecoder.cpp	71	expected expression
W/R: DirectX	source/game_sa/Audio/Loaders/AEWMADecoder.cpp	71	unknown type name 'WAVEFORMATEX'
W/R: DirectX	source/game_sa/Audio/Loaders/AEWMADecoder.cpp	71	use of undeclared identifier 'WAVEFORMATEX'
W: Win32 API / type	source/game_sa/Audio/Loaders/AEWMADecoder.cpp	74	unknown type name 'IWMHeaderInfo3'
W: Win32 API / type	source/game_sa/Audio/Loaders/AEWMADecoder.cpp	77	use of undeclared identifier 'IID_IWMHeaderInfo3'
other: undeclared/unknown type	source/game_sa/Audio/Loaders/AEWMADecoder.cpp	86	unknown type name 'QWORD'
other: undeclared/unknown type	source/game_sa/Audio/Loaders/AEWMADecoder.cpp	87	unknown type name 'WMT_ATTR_DATATYPE'
other: undeclared/unknown type	source/game_sa/Audio/Loaders/AEWMADecoder.cpp	128	unknown type name 'INSSBuffer'
W: Win32 API / type	source/game_sa/Audio/Loaders/AEWMADecoder.cpp	207	use of undeclared identifier 'LoadLibraryA'
other: undeclared/unknown type	source/game_sa/Audio/Loaders/AEWMADecoder.cpp	209	unknown type name 'IUnknown'
W: Win32 API / type	source/game_sa/Audio/Loaders/AEWMADecoder.cpp	209	unknown type name 'IWMSyncReader'
W: Win32 API / type	source/game_sa/Audio/Loaders/AEWMADecoder.cpp	210	use of undeclared identifier 'GetProcAddress'
C: syntax / extension	source/game_sa/Audio/Loaders/AEWMADecoder.cpp	213	invalid use of member 'syncReader' in static member function
W: Win32 API / type	source/game_sa/Audio/Loaders/AEWMADecoder.cpp	213	use of undeclared identifier 'IWMSyncReader'; did you mean 'syncReader'?
other: undeclared/unknown identifier	source/game_sa/Audio/Loaders/AEWMADecoder.cpp	213	use of undeclared identifier 'reader'
other: undeclared/unknown identifier	source/game_sa/Audio/Loaders/AEWMADecoder.cpp	216	use of undeclared identifier 'reader'
other: undeclared/unknown identifier	source/game_sa/Audio/Loaders/AEWMADecoder.cpp	217	use of undeclared identifier 'reader'
W: Win32 API / type	source/game_sa/Audio/Loaders/AEWMADecoder.cpp	224	use of undeclared identifier 'FreeLibrary'
W: Win32 API / type	source/game_sa/Audio/Loaders/AEWMADecoder.cpp	234	use of undeclared identifier 'FreeLibrary'
W: Win32 API / type	source/game_sa/Audio/Loaders/AEWMADecoder.cpp	241	unknown type name 'IWMProfile'
W: Win32 API / type	source/game_sa/Audio/Loaders/AEWMADecoder.cpp	243	use of undeclared identifier 'E_INVALIDARG'
W: Win32 API / type	source/game_sa/Audio/Loaders/AEWMADecoder.cpp	247	unknown type name 'IWMStreamConfig'
W: Win32 API / type	source/game_sa/Audio/Loaders/AEWMADecoder.cpp	248	unknown type name 'GUID'; did you mean '_GUID'?
C: two-phase lookup / template / incomplete type	source/game_sa/Audio/Loaders/AEWMADecoder.cpp	248	variable has incomplete type '_GUID'
other: undeclared/unknown identifier	source/game_sa/Audio/Loaders/AEWMADecoder.cpp	267	use of undeclared identifier 'WMMEDIATYPE_Audio'
W: Win32 API / type	source/game_sa/Audio/Loaders/AEWMADecoder.cpp	280	use of undeclared identifier 'E_INVALIDARG'
W: Win32 API / type	source/game_sa/Audio/Loaders/AEWMADecoder.h	22	unknown type name 'IWMSyncReader'
W: Win32 API / type	source/game_sa/Audio/Loaders/AEWMADecoder.h	25	unknown type name 'IWMProfile'
other: undeclared/unknown type	source/game_sa/Audio/Loaders/AEWMADecoder.h	27	unknown type name 'IUnknown'
W: Win32 API / type	source/game_sa/Audio/Loaders/AEWMADecoder.h	27	unknown type name 'IWMSyncReader'
P: 64-bit layout (sizeof/offsetof static_assert)	source/game_sa/Audio/Loaders/AEWMADecoder.h	53	static assertion failed due to requirement 'sizeof(CAEWMADecoder) == 131128': Invalid structure size of CAEWMADecoder
P: 64-bit layout (sizeof/offsetof static_assert)	source/game_sa/Audio/Loaders/AEWaveDecoder.h	55	static assertion failed due to requirement 'sizeof(CAEWaveDecoder) == 60': Invalid structure size of CAEWaveDecoder
C: libc++ / standard-library gap	source/game_sa/Audio/Managers/AESoundManager.cpp	125	no member named 'enumerate' in namespace 'std::ranges::views'
C: libc++ / standard-library gap	source/game_sa/Audio/Managers/AESoundManager.cpp	140	no member named 'enumerate' in namespace 'std::ranges::views'
C: libc++ / standard-library gap	source/game_sa/Audio/Managers/AESoundManager.cpp	152	no member named 'enumerate' in namespace 'std::ranges::views'
C: libc++ / standard-library gap	source/game_sa/Audio/Managers/AESoundManager.cpp	161	no member named 'enumerate' in namespace 'std::ranges::views'
C: libc++ / standard-library gap	source/game_sa/Audio/Managers/AESoundManager.cpp	186	no member named 'enumerate' in namespace 'std::ranges::views'
C: libc++ / standard-library gap	source/game_sa/Audio/Managers/AESoundManager.cpp	197	no member named 'enumerate' in namespace 'std::ranges::views'
C: libc++ / standard-library gap	source/game_sa/Audio/Managers/AESoundManager.cpp	490	no member named 'enumerate' in namespace 'std::ranges::views'
P: 64-bit layout (sizeof/offsetof static_assert)	source/game_sa/Audio/Managers/AESoundManager.h	93	static assertion failed due to requirement 'sizeof(CAESoundManager) == 36028': Invalid structure size of CAESoundManager
other: conversion/overload	source/game_sa/Audio/Managers/AEUserRadioTrackManager.cpp	140	incompatible pointer types assigning to 'CAEStreamingDecoder *' from 'CAEWMADecoder *'
other: undeclared/unknown identifier	source/game_sa/Audio/Managers/AEUserRadioTrackManager.cpp	185	use of undeclared identifier 'LPTHREAD_START_ROUTINE'
W: Win32 API / type	source/game_sa/Audio/Managers/AEUserRadioTrackManager.cpp	200	use of undeclared identifier 'TerminateThread'
W/C: MSVC CRT name	source/game_sa/Audio/Managers/AEUserRadioTrackManager.cpp	250	use of undeclared identifier '_stricmp'; did you mean 'strcmp'?
W/C: MSVC CRT name	source/game_sa/Audio/Managers/AEUserRadioTrackManager.cpp	260	use of undeclared identifier '_stricmp'; did you mean 'strcmp'?
W: Win32 API / type	source/game_sa/Audio/Managers/AEUserRadioTrackManager.cpp	270	use of undeclared identifier 'CoInitialize'; did you mean 'RwInitialize'?
other: conversion/overload	source/game_sa/Audio/Managers/AEUserRadioTrackManager.cpp	280	no matching member function for call to 'WriteUserTracksFile'
W: Win32 API / type	source/game_sa/Audio/Managers/AEUserRadioTrackManager.cpp	297	use of undeclared identifier 'CoUninitialize'
W: Win32 API / type	source/game_sa/Audio/Managers/AEUserRadioTrackManager.cpp	311	use of undeclared identifier 'CoUninitialize'
other: conversion/overload	source/game_sa/Audio/Managers/AEUserRadioTrackManager.cpp	330	no matching member function for call to 'WriteUserTracksFile'
other: conversion/overload	source/game_sa/Audio/Managers/AEUserRadioTrackManager.cpp	346	no matching member function for call to 'WriteUserTracksFile'
other: undeclared/unknown type	source/game_sa/Audio/Managers/AEUserRadioTrackManager.cpp	376	unknown type name 'IShellLinkW'
other: undeclared/unknown type	source/game_sa/Audio/Managers/AEUserRadioTrackManager.cpp	377	unknown type name 'IPersistFile'
other: undeclared/unknown identifier	source/game_sa/Audio/Managers/AEUserRadioTrackManager.cpp	379	use of undeclared identifier 'CLSCTX_INPROC_SERVER'
W: Win32 API / type	source/game_sa/Audio/Managers/AEUserRadioTrackManager.cpp	379	use of undeclared identifier 'CLSID_ShellLink'
W: Win32 API / type	source/game_sa/Audio/Managers/AEUserRadioTrackManager.cpp	379	use of undeclared identifier 'IID_IShellLinkW'
W: Win32 API / type	source/game_sa/Audio/Managers/AEUserRadioTrackManager.cpp	383	use of undeclared identifier 'IID_IPersistFile'
W: Win32 API / type	source/game_sa/Audio/Managers/AEUserRadioTrackManager.cpp	390	unknown type name 'WIN32_FIND_DATAW'
other: undeclared/unknown identifier	source/game_sa/Audio/Managers/AEUserRadioTrackManager.cpp	391	use of undeclared identifier 'STGM_READ'
P: 64-bit layout (sizeof/offsetof static_assert)	source/game_sa/Audio/Managers/AEUserRadioTrackManager.h	65	static assertion failed due to requirement 'sizeof(CAEUserRadioTrackManager) == 28': Invalid structure size of CAEUserRadioTrackManager
W/R: DirectX	source/game_sa/Audio/hardware/AEAudioHardware.h	102	unknown type name 'IDirectSound8'
other: undeclared/unknown type	source/game_sa/Audio/hardware/AEAudioHardware.h	105	unknown type name 'DSCAPS'
W/R: DirectX	source/game_sa/Audio/hardware/AEAudioHardware.h	106	unknown type name 'IDirectSound3DListener'
P: 64-bit layout (sizeof/offsetof static_assert)	source/game_sa/Audio/hardware/AEAudioHardware.h	217	static assertion failed due to requirement 'sizeof(CAEAudioHardware) == 4116': Invalid structure size of CAEAudioHardware
P: 64-bit layout (sizeof/offsetof static_assert)	source/game_sa/Audio/managers/AESoundManager.h	93	static assertion failed due to requirement 'sizeof(CAESoundManager) == 36028': Invalid structure size of CAESoundManager
P: 64-bit layout (sizeof/offsetof static_assert)	source/game_sa/AutoPilot.h	150	static assertion failed due to requirement 'sizeof(CAutoPilot) == 152': Invalid structure size of CAutoPilot
P: integer width / mixed-type overload	source/game_sa/Birds.cpp	159	no matching function for call to 'min'
P: 64-bit layout (sizeof/offsetof static_assert)	source/game_sa/BreakManager_c.h	26	static assertion failed due to requirement 'sizeof(BreakManager_c) == 2048': Invalid structure size of BreakManager_c
P: 64-bit layout (sizeof/offsetof static_assert)	source/game_sa/BreakObject_c.h	39	static assertion failed due to requirement 'sizeof(BreakGroup_t) == 116': Invalid structure size of BreakGroup_t
P: 64-bit layout (sizeof/offsetof static_assert)	source/game_sa/BreakObject_c.h	74	static assertion failed due to requirement 'sizeof(BreakObject_c) == 32': Invalid structure size of BreakObject_c
P: 64-bit layout (sizeof/offsetof static_assert)	source/game_sa/BulletInfo.h	46	static assertion failed due to requirement 'sizeof(CBulletInfo) == 44': Invalid structure size of CBulletInfo
C: libc++ / standard-library gap	source/game_sa/BulletTraces.cpp	206	no member named 'enumerate' in namespace 'std::ranges::views'
P: 64-bit layout (sizeof/offsetof static_assert)	source/game_sa/Buoyancy.h	84	static assertion failed due to requirement 'sizeof(cBuoyancy) == 208': Invalid structure size of cBuoyancy
W/C: MSVC CRT name	source/game_sa/C_PcSave.cpp	26	use of undeclared identifier 'sprintf_s'
other: conversion/overload	source/game_sa/C_PcSave.cpp	79	cannot initialize a parameter of type 'locale_t' (aka '_xlocale *') with an lvalue of type 'const char[8]'
W/C: MSVC CRT name	source/game_sa/C_PcSave.cpp	79	use of undeclared identifier 'sprintf_s'; did you mean 'sprintf_l'?
P: 64-bit layout (sizeof/offsetof static_assert)	source/game_sa/Cam.h	201	static assertion failed due to requirement 'sizeof(CCam) == 568': Invalid structure size of CCam
P: 64-bit layout (sizeof/offsetof static_assert)	source/game_sa/CamPathSplines.h	14	static assertion failed due to requirement 'sizeof(CCamPathSplines) == 4': Invalid structure size of CCamPathSplines
other: undeclared/unknown identifier	source/game_sa/Camera.cpp	5060	use of undeclared identifier 'strtok_s'; did you mean 'strtok_r'?
P: 64-bit layout (sizeof/offsetof static_assert)	source/game_sa/Camera.h	521	static assertion failed due to requirement 'sizeof(CCamera) == 3448': Invalid structure size of CCamera
other: conversion/overload	source/game_sa/CarCtrl.cpp	621	no matching function for call to 'operator new'
W/C: MSVC CRT name	source/game_sa/CarCtrl.cpp	2648	use of undeclared identifier 'sprintf_s'
P: 64-bit layout (sizeof/offsetof static_assert)	source/game_sa/CarCtrl.cpp	3082	static assertion failed due to requirement '__builtin_offsetof(CVehicle, m_nCreatedBy) == 1188'
P: 64-bit layout (sizeof/offsetof static_assert)	source/game_sa/CarCtrl.cpp	3083	static assertion failed due to requirement '__builtin_offsetof(CPed, m_nPedType) == 1432'
P: 64-bit layout (sizeof/offsetof static_assert)	source/game_sa/CarCtrl.cpp	3084	static assertion failed due to requirement '__builtin_offsetof(CVehicleModelInfo, m_nVehicleClass) == 77'
other: conversion/overload	source/game_sa/CarCtrl.cpp	4419	no matching member function for call to 'GetAllValid'
other: conversion/overload	source/game_sa/CarCtrl.cpp	4451	no matching member function for call to 'GetAllValid'
other: conversion/overload	source/game_sa/CarCtrl.cpp	4459	no matching member function for call to 'GetAllValid'
P: 64-bit layout (sizeof/offsetof static_assert)	source/game_sa/CarCtrl.cpp	5212	static assertion failed due to requirement '__builtin_offsetof(CVehicle, m_autoPilot) + __builtin_offsetof(CAutoPilot, m_vehicleRecordingId) == 1060'
P: 64-bit layout (sizeof/offsetof static_assert)	source/game_sa/CarCtrl.cpp	5213	static assertion failed due to requirement '__builtin_offsetof(CVehicle, m_autoPilot) + __builtin_offsetof(CAutoPilot, m_nCarDrivingStyle) == 953'
P: 64-bit layout (sizeof/offsetof static_assert)	source/game_sa/CarCtrl.cpp	5214	static assertion failed due to requirement '__builtin_offsetof(CVehicle, m_autoPilot) + __builtin_offsetof(CAutoPilot, m_nCarMission) == 954'
P: 64-bit layout (sizeof/offsetof static_assert)	source/game_sa/CarCtrl.cpp	5215	static assertion failed due to requirement '__builtin_offsetof(CVehicle, m_autoPilot) + __builtin_offsetof(CAutoPilot, m_nTempAction) == 955'
P: 64-bit layout (sizeof/offsetof static_assert)	source/game_sa/CarCtrl.cpp	5216	static assertion failed due to requirement '__builtin_offsetof(CVehicle, m_autoPilot) + __builtin_offsetof(CAutoPilot, m_nCruiseSpeed) == 976'
P: 64-bit layout (sizeof/offsetof static_assert)	source/game_sa/CarCtrl.cpp	5217	static assertion failed due to requirement '__builtin_offsetof(CVehicle, m_autoPilot) + __builtin_offsetof(CAutoPilot, m_nMovementFlags) == 988'
P: 64-bit layout (sizeof/offsetof static_assert)	source/game_sa/CarCtrl.cpp	5218	static assertion failed due to requirement '__builtin_offsetof(CVehicle, m_autoPilot) + __builtin_offsetof(CAutoPilot, m_startingRouteNode) == 916'
P: 64-bit layout (sizeof/offsetof static_assert)	source/game_sa/CarCtrl.cpp	5219	static assertion failed due to requirement '__builtin_offsetof(CVehicle, m_autoPilot) + __builtin_offsetof(CAutoPilot, m_nTimeToStartMission) == 940'
P: 64-bit layout (sizeof/offsetof static_assert)	source/game_sa/CarCtrl.cpp	5220	static assertion failed due to requirement '__builtin_offsetof(CVehicle, m_autoPilot) + __builtin_offsetof(CAutoPilot, m_nTimeSwitchedToRealPhysics) == 944'
P: 64-bit layout (sizeof/offsetof static_assert)	source/game_sa/CarCtrl.cpp	5221	static assertion failed due to requirement '__builtin_offsetof(CVehicle, m_autoPilot) + __builtin_offsetof(CAutoPilot, m_nTempActionTime) == 956'
P: 64-bit layout (sizeof/offsetof static_assert)	source/game_sa/CarCtrl.cpp	5222	static assertion failed due to requirement '__builtin_offsetof(CVehicle, m_autoPilot) + __builtin_offsetof(CAutoPilot, m_vecDestinationCoors) == 1004'
P: 64-bit layout (sizeof/offsetof static_assert)	source/game_sa/CarCtrl.cpp	5223	static assertion failed due to requirement '__builtin_offsetof(CVehicle, m_autoPilot) + __builtin_offsetof(CAutoPilot, m_ucCarFollowDist) == 990'
P: 64-bit layout (sizeof/offsetof static_assert)	source/game_sa/CarCtrl.cpp	5224	static assertion failed due to requirement '__builtin_offsetof(CVehicle, m_autoPilot) + __builtin_offsetof(CAutoPilot, m_TargetEntity) == 1052'
P: 64-bit layout (sizeof/offsetof static_assert)	source/game_sa/CarCtrl.cpp	5225	static assertion failed due to requirement '__builtin_offsetof(CVehicle, m_autoPilot) + __builtin_offsetof(CAutoPilot, m_ObstructingEntity) == 1056'
P: 64-bit layout (sizeof/offsetof static_assert)	source/game_sa/CarCtrl.cpp	5226	static assertion failed due to requirement '__builtin_offsetof(CVehicle, m_fSteerAngle) == 1172'
P: 64-bit layout (sizeof/offsetof static_assert)	source/game_sa/CarCtrl.cpp	5227	static assertion failed due to requirement '__builtin_offsetof(CVehicle, m_GasPedal) == 1180'
P: 64-bit layout (sizeof/offsetof static_assert)	source/game_sa/CarCtrl.cpp	5228	static assertion failed due to requirement '__builtin_offsetof(CVehicle, m_BrakePedal) == 1184'
P: 64-bit layout (sizeof/offsetof static_assert)	source/game_sa/CarCtrl.cpp	5229	static assertion failed due to requirement '__builtin_offsetof(CVehicle, m_nRandomSeed) == 32'
P: 64-bit layout (sizeof/offsetof static_assert)	source/game_sa/CarCtrl.cpp	5230	static assertion failed due to requirement '__builtin_offsetof(CBmx, m_fControlPedaling) == 2072'
P: 64-bit layout (sizeof/offsetof static_assert)	source/game_sa/CarCtrl.cpp	8241	static assertion failed due to requirement '__builtin_offsetof(CVehicle, m_autoPilot) == 912'
P: 64-bit layout (sizeof/offsetof static_assert)	source/game_sa/CarCtrl.cpp	8242	static assertion failed due to requirement '__builtin_offsetof(CVehicle, vehicleFlags) == 1064'
P: 64-bit layout (sizeof/offsetof static_assert)	source/game_sa/CarCtrl.cpp	8243	static assertion failed due to requirement '__builtin_offsetof(CVehicle, m_pDriver) == 1120'
P: 64-bit layout (sizeof/offsetof static_assert)	source/game_sa/CarCtrl.cpp	8244	static assertion failed due to requirement '__builtin_offsetof(CVehicle, m_nExtendedRemovalRange) == 1190'
P: 64-bit layout (sizeof/offsetof static_assert)	source/game_sa/CarCtrl.cpp	8245	static assertion failed due to requirement '__builtin_offsetof(CVehicle, m_fHealth) == 1216'
P: 64-bit layout (sizeof/offsetof static_assert)	source/game_sa/CarCtrl.cpp	8246	static assertion failed due to requirement '__builtin_offsetof(CVehicle, m_nPrimaryColor) == 1076'
P: 64-bit layout (sizeof/offsetof static_assert)	source/game_sa/CarCtrl.cpp	8247	static assertion failed due to requirement '__builtin_offsetof(CVehicle, m_nVehicleType) == 1424'
P: 64-bit layout (sizeof/offsetof static_assert)	source/game_sa/CarCtrl.cpp	8248	static assertion failed due to requirement '__builtin_offsetof(CVehicle, m_nVehicleSubType) == 1428'
P: 64-bit layout (sizeof/offsetof static_assert)	source/game_sa/CarCtrl.cpp	8249	static assertion failed due to requirement '__builtin_offsetof(CVehicle, m_vecMoveSpeed) == 68'
P: 64-bit layout (sizeof/offsetof static_assert)	source/game_sa/CarCtrl.cpp	8250	static assertion failed due to requirement '__builtin_offsetof(CVehicleModelInfo, m_nVehicleType) == 60'
P: 64-bit layout (sizeof/offsetof static_assert)	source/game_sa/CarCtrl.cpp	8251	static assertion failed due to requirement '__builtin_offsetof(CVehicleModelInfo, m_nTimesUsed) == 80'
P: 64-bit layout (sizeof/offsetof static_assert)	source/game_sa/CarCtrl.cpp	8252	static assertion failed due to requirement '__builtin_offsetof(CCamera, m_mCameraMatrix) + 24 == 11991476 - 11989032'
P: 64-bit layout (sizeof/offsetof static_assert)	source/game_sa/CarCtrl.cpp	8253	static assertion failed due to requirement '__builtin_offsetof(CCamera, m_fCamFrontXNorm) == 11989252 - 11989032'
P: 64-bit layout (sizeof/offsetof static_assert)	source/game_sa/CarCtrl.cpp	8254	static assertion failed due to requirement '__builtin_offsetof(CCamera, m_fGenerationDistMultiplier) == 11989276 - 11989032'
other: conversion/overload	source/game_sa/CarGenerator.cpp	181	no matching function for call to 'operator new'
other: conversion/overload	source/game_sa/CarGenerator.cpp	184	no matching function for call to 'operator new'
other: conversion/overload	source/game_sa/CarGenerator.cpp	187	no matching function for call to 'operator new'
other: conversion/overload	source/game_sa/CarGenerator.cpp	221	no matching function for call to 'operator new'
other: conversion/overload	source/game_sa/CarGenerator.cpp	224	no matching function for call to 'operator new'
other: conversion/overload	source/game_sa/CarGenerator.cpp	227	no matching function for call to 'operator new'
other: conversion/overload	source/game_sa/CarGenerator.cpp	230	no matching function for call to 'operator new'
other: conversion/overload	source/game_sa/CarGenerator.cpp	233	no matching function for call to 'operator new'
other: conversion/overload	source/game_sa/CarGenerator.cpp	236	no matching function for call to 'operator new'
other: conversion/overload	source/game_sa/CarGenerator.cpp	240	no matching function for call to 'operator new'
other: conversion/overload	source/game_sa/CarGenerator.cpp	244	no matching function for call to 'operator new'
other: conversion/overload	source/game_sa/CarGenerator.cpp	247	no matching function for call to 'operator new'
other: conversion/overload	source/game_sa/CarGenerator.cpp	436	no matching function for call to 'operator new'
other: conversion/overload	source/game_sa/CarGenerator.cpp	438	no matching function for call to 'operator new'
other: conversion/overload	source/game_sa/CarGenerator.cpp	440	no matching function for call to 'operator new'
other: conversion/overload	source/game_sa/CarGenerator.cpp	442	no matching function for call to 'operator new'
other: conversion/overload	source/game_sa/CarGenerator.cpp	444	no matching function for call to 'operator new'
other: conversion/overload	source/game_sa/CarGenerator.cpp	446	no matching function for call to 'operator new'
other: conversion/overload	source/game_sa/CarGenerator.cpp	448	no matching function for call to 'operator new'
other: conversion/overload	source/game_sa/CarGenerator.cpp	453	no matching function for call to 'operator new'
other: conversion/overload	source/game_sa/CarGenerator.cpp	458	no matching function for call to 'operator new'
other: conversion/overload	source/game_sa/CarGenerator.cpp	460	no matching function for call to 'operator new'
W: Win32 API / type	source/game_sa/CdStreamInfo.cpp	29	unknown type name 'CRITICAL_SECTION'
other: undeclared/unknown identifier	source/game_sa/CdStreamInfo.cpp	74	use of undeclared identifier 'NO_ERROR'
W: Win32 API / type	source/game_sa/CdStreamInfo.cpp	77	use of undeclared identifier 'GENERIC_READ'
W: Win32 API / type	source/game_sa/CdStreamInfo.cpp	78	use of undeclared identifier 'FILE_SHARE_READ'
W: Win32 API / type	source/game_sa/CdStreamInfo.cpp	80	use of undeclared identifier 'OPEN_EXISTING'
W: Win32 API / type	source/game_sa/CdStreamInfo.cpp	81	use of undeclared identifier 'FILE_ATTRIBUTE_READONLY'
W: Win32 API / type	source/game_sa/CdStreamInfo.cpp	81	use of undeclared identifier 'FILE_FLAG_RANDOM_ACCESS'
W: Win32 API / type	source/game_sa/CdStreamInfo.cpp	85	use of undeclared identifier 'INVALID_HANDLE_VALUE'
other: undeclared/unknown identifier	source/game_sa/CdStreamInfo.cpp	88	use of undeclared identifier 'strncpy_s'; did you mean 'strncpy'?
W: Win32 API / type	source/game_sa/CdStreamInfo.cpp	149	use of undeclared identifier 'WAIT_OBJECT_0'
W: Win32 API / type	source/game_sa/CdStreamInfo.cpp	149	use of undeclared identifier 'WaitForSingleObjectEx'
other: undeclared/unknown identifier	source/game_sa/CdStreamInfo.cpp	166	use of undeclared identifier 'NO_ERROR'
W: Win32 API / type	source/game_sa/CdStreamInfo.cpp	176	use of undeclared identifier 'ReleaseSemaphore'
other: undeclared/unknown type	source/game_sa/CdStreamInfo.cpp	183	unknown type name 'LPOVERLAPPED'
W: Win32 API / type	source/game_sa/CdStreamInfo.cpp	185	use of undeclared identifier 'ERROR_IO_PENDING'
W: Win32 API / type	source/game_sa/CdStreamInfo.cpp	185	use of undeclared identifier 'GetLastError'
W: Win32 API / type	source/game_sa/CdStreamInfo.cpp	189	use of undeclared identifier 'SetFilePointer'
W: Win32 API / type	source/game_sa/CdStreamInfo.cpp	191	use of undeclared identifier 'ReadFile'
W: Win32 API / type	source/game_sa/CdStreamInfo.cpp	201	use of undeclared identifier 'WaitForSingleObject'
W: Win32 API / type	source/game_sa/CdStreamInfo.cpp	215	use of undeclared identifier 'ERROR_IO_PENDING'
W: Win32 API / type	source/game_sa/CdStreamInfo.cpp	215	use of undeclared identifier 'GetLastError'
W: Win32 API / type	source/game_sa/CdStreamInfo.cpp	225	use of undeclared identifier 'SetFilePointer'
W: Win32 API / type	source/game_sa/CdStreamInfo.cpp	227	use of undeclared identifier 'ReadFile'
other: undeclared/unknown identifier	source/game_sa/CdStreamInfo.cpp	249	use of undeclared identifier 'NO_ERROR'
W: Win32 API / type	source/game_sa/CdStreamInfo.cpp	261	use of undeclared identifier 'CREATE_SUSPENDED'
other: undeclared/unknown identifier	source/game_sa/CdStreamInfo.cpp	261	use of undeclared identifier 'LPTHREAD_START_ROUTINE'
W: Win32 API / type	source/game_sa/CdStreamInfo.cpp	263	use of undeclared identifier 'GetCurrentThread'; did you mean 'ImGui::GetCurrentTabBar'?
W: Win32 API / type	source/game_sa/CdStreamInfo.cpp	263	use of undeclared identifier 'GetThreadPriority'; did you mean 'OSThreadPriority'?
W: Win32 API / type	source/game_sa/CdStreamInfo.cpp	264	use of undeclared identifier 'ResumeThread'
other: undeclared/unknown identifier	source/game_sa/CdStreamInfo.cpp	283	use of undeclared identifier 'GetDiskFreeSpace'
W: Win32 API / type	source/game_sa/CdStreamInfo.cpp	285	use of undeclared identifier 'FILE_FLAG_OVERLAPPED'
W: Win32 API / type	source/game_sa/CdStreamInfo.cpp	288	use of undeclared identifier 'FILE_FLAG_NO_BUFFERING'
other: undeclared/unknown identifier	source/game_sa/CdStreamInfo.cpp	295	use of undeclared identifier 'NO_ERROR'
other: undeclared/unknown identifier	source/game_sa/CdStreamInfo.cpp	298	use of undeclared identifier 'LPTR'
W: Win32 API / type	source/game_sa/CdStreamInfo.cpp	305	use of undeclared identifier 'FILE_FLAG_OVERLAPPED'
other: undeclared/unknown identifier	source/game_sa/CdStreamInfo.cpp	317	use of undeclared identifier 'NO_ERROR'
W: Win32 API / type	source/game_sa/CdStreamInfo.cpp	319	use of undeclared identifier 'CloseHandle'
W: Win32 API / type	source/game_sa/CdStreamInfo.cpp	331	use of undeclared identifier 'CloseHandle'
W: Win32 API / type	source/game_sa/CdStreamInfo.cpp	332	use of undeclared identifier 'CloseHandle'
other: undeclared/unknown identifier	source/game_sa/CdStreamInfo.cpp	337	use of undeclared identifier 'LocalFree'
other: undeclared/unknown type	source/game_sa/CdStreamInfo.h	29	unknown type name 'CONDITION_VARIABLE'
W: Win32 API / type	source/game_sa/CdStreamInfo.h	43	unknown type name 'OVERLAPPED'
P: 64-bit layout (sizeof/offsetof static_assert)	source/game_sa/CdStreamInfo.h	66	static assertion failed due to requirement 'sizeof(SyncObj) == sizeof(void *)': Invalid structure size of SyncObj
P: 64-bit layout (sizeof/offsetof static_assert)	source/game_sa/CdStreamInfo.h	67	static assertion failed due to requirement 'sizeof(CdStreamInfoSA) == 2252': Invalid structure size of CdStreamInfoSA
P: 64-bit layout (sizeof/offsetof static_assert)	source/game_sa/CdStreamInfo.h	68	static assertion failed due to requirement 'sizeof(CdStream) == 48': Invalid structure size of CdStream
other: conversion/overload	source/game_sa/Cheat.cpp	34	no matching function for call to 'to_array'
W/C: MSVC CRT name	source/game_sa/Cheat.cpp	151	use of undeclared identifier 'strcpy_s'; did you mean 'strcpy'?
other: conversion/overload	source/game_sa/Cheat.cpp	526	no matching member function for call to 'GetAllValid'
other: conversion/overload	source/game_sa/Cheat.cpp	544	no matching member function for call to 'GetAllValid'
other: conversion/overload	source/game_sa/Cheat.cpp	696	no matching function for call to 'operator new'
other: undeclared/unknown identifier	source/game_sa/Clothes.cpp	82	use of undeclared identifier 'strtok_s'; did you mean 'strtok_r'?
other: undeclared/unknown identifier	source/game_sa/Clothes.cpp	108	use of undeclared identifier 'strtok_s'; did you mean 'strtok_r'?
C: libc++ / standard-library gap	source/game_sa/ClothesBuilder.cpp	472	no member named 'enumerate' in namespace 'std::ranges::views'
P: pointer/int width (cast/narrowing)	source/game_sa/Collision/ColModel.cpp	100	cast to smaller integer type 'unsigned int' from 'void *' [-Werror,-Wvoid-pointer-to-int-cast]
P: 64-bit (size_t in operator new/delete)	source/game_sa/Collision/ColModel.h	34	'operator new' takes type size_t ('unsigned long') as 1st parameter
P: 64-bit layout (sizeof/offsetof static_assert)	source/game_sa/Collision/ColModel.h	59	static assertion failed due to requirement 'sizeof(CColModel) == 48': Invalid structure size of CColModel
other	source/game_sa/Collision/ColStore.cpp	35	cannot use type 'void' as a range
W/C: MSVC CRT name	source/game_sa/Collision/ColStore.cpp	73	use of undeclared identifier 'strcpy_s'; did you mean 'strcpy'?
P: 64-bit (size_t in operator new/delete)	source/game_sa/Collision/ColStore.h	20	'operator new' takes type size_t ('unsigned long') as 1st parameter
C: libc++ / standard-library gap	source/game_sa/Collision/Collision.cpp	2551	no member named 'enumerate' in namespace 'std::ranges::views'
C: libc++ / standard-library gap	source/game_sa/Collision/Collision.cpp	2631	no member named 'enumerate' in namespace 'std::ranges::views'
C: libc++ / standard-library gap	source/game_sa/Collision/CollisionData.cpp	254	no member named 'enumerate' in namespace 'std::ranges::views'
P: 64-bit layout (sizeof/offsetof static_assert)	source/game_sa/Collision/CollisionData.h	124	static assertion failed due to requirement 'sizeof(CCollisionData) == 48': Invalid structure size of CCollisionData
P: 64-bit layout (sizeof/offsetof static_assert)	source/game_sa/Collision/CollisionEventScanner.cpp	28	static assertion failed due to requirement '__builtin_offsetof(CPed, m_pContactEntity) == 1412'
P: 64-bit layout (sizeof/offsetof static_assert)	source/game_sa/Collision/CollisionEventScanner.cpp	29	static assertion failed due to requirement '__builtin_offsetof(CPed, m_vecAnimMovingShift) == 1360'
P: 64-bit layout (sizeof/offsetof static_assert)	source/game_sa/Collision/CollisionEventScanner.cpp	30	static assertion failed due to requirement '__builtin_offsetof(CPhysical, m_fMass) == 140'
P: 64-bit layout (sizeof/offsetof static_assert)	source/game_sa/Collision/CollisionEventScanner.cpp	31	static assertion failed due to requirement '__builtin_offsetof(CPhysical, m_fDamageIntensity) == 216'
P: 64-bit layout (sizeof/offsetof static_assert)	source/game_sa/Collision/CollisionEventScanner.cpp	32	static assertion failed due to requirement '__builtin_offsetof(CPhysical, m_vecLastCollisionImpactVelocity) == 224'
C: libc++ / standard-library gap	source/game_sa/ControllerConfigManager.cpp	1374	no member named 'enumerate' in namespace 'std::ranges::views'
W/R: DirectX	source/game_sa/ControllerConfigManager.h	178	unknown type name 'DIJOYSTATE2'
W/R: DirectX	source/game_sa/ControllerConfigManager.h	179	unknown type name 'DIJOYSTATE2'
P: 64-bit layout (sizeof/offsetof static_assert)	source/game_sa/ControllerConfigManager.h	296	static assertion failed due to requirement 'sizeof(CControllerConfigManager) == 4836': Invalid structure size of CControllerConfigManager
W/C: MSVC CRT name	source/game_sa/Conversations/ConversationForPed.cpp	55	use of undeclared identifier 'strcpy_s'; did you mean 'strcpy'?
W/C: MSVC CRT name	source/game_sa/Conversations/ConversationForPed.cpp	56	use of undeclared identifier 'strcat_s'; did you mean 'strcat'?
P: 64-bit layout (sizeof/offsetof static_assert)	source/game_sa/Conversations/ConversationForPed.h	29	static assertion failed due to requirement 'sizeof(CConversationForPed) == 28': Invalid structure size of CConversationForPed
W/C: MSVC CRT name	source/game_sa/Conversations/Conversations.cpp	134	use of undeclared identifier 'stricmp'; did you mean 'strcmp'?
P: 64-bit layout (sizeof/offsetof static_assert)	source/game_sa/Core/EntryInfoList.h	20	static assertion failed due to requirement 'sizeof(CEntryInfoList) == 4': Invalid structure size of CEntryInfoList
P: 64-bit (size_t in operator new/delete)	source/game_sa/Core/EntryInfoNode.h	20	'operator new' takes type size_t ('unsigned long') as 1st parameter
P: 64-bit layout (sizeof/offsetof static_assert)	source/game_sa/Core/EntryInfoNode.h	25	static assertion failed due to requirement 'sizeof(CEntryInfoNode) == 20': Invalid structure size of CEntryInfoNode
P: 64-bit layout (sizeof/offsetof static_assert)	source/game_sa/Core/Link.h	36	static assertion failed due to requirement 'sizeof(CLink<void *>) == 12': Invalid structure size of CLink<void*>
P: 64-bit layout (sizeof/offsetof static_assert)	source/game_sa/Core/LinkList.h	113	static assertion failed due to requirement 'sizeof(CLinkList<void *>) == 52': Invalid structure size of CLinkList<void*>
F/C: inline asm / naked	source/game_sa/Core/Matrix.cpp	235	unsupported architecture 'arm64' for MS-style inline assembly
F/C: inline asm / naked	source/game_sa/Core/Matrix.cpp	321	unsupported architecture 'arm64' for MS-style inline assembly
F/C: inline asm / naked	source/game_sa/Core/Matrix.cpp	404	unsupported architecture 'arm64' for MS-style inline assembly
F/C: inline asm / naked	source/game_sa/Core/Matrix.cpp	485	unsupported architecture 'arm64' for MS-style inline assembly
F/C: inline asm / naked	source/game_sa/Core/Matrix.cpp	566	unsupported architecture 'arm64' for MS-style inline assembly
F/C: inline asm / naked	source/game_sa/Core/Matrix.cpp	844	unsupported architecture 'arm64' for MS-style inline assembly
F/C: inline asm / naked	source/game_sa/Core/Matrix.cpp	1054	unsupported architecture 'arm64' for MS-style inline assembly
P: 64-bit layout (sizeof/offsetof static_assert)	source/game_sa/Core/Matrix.h	262	static assertion failed due to requirement 'sizeof(CMatrix) == 72': Invalid structure size of CMatrix
P: 64-bit layout (sizeof/offsetof static_assert)	source/game_sa/Core/MatrixLink.h	30	static assertion failed due to requirement 'sizeof(CMatrixLink) == 84': Invalid structure size of CMatrixLink
P: 64-bit layout (sizeof/offsetof static_assert)	source/game_sa/Core/MatrixLinkList.h	38	static assertion failed due to requirement 'sizeof(CMatrixLinkList) == 508': Invalid structure size of CMatrixLinkList
P: 64-bit layout (sizeof/offsetof static_assert)	source/game_sa/Core/OctTree.h	46	static assertion failed due to requirement 'sizeof(COctTree) == 40': Invalid structure size of COctTree
P: 64-bit layout (sizeof/offsetof static_assert)	source/game_sa/Core/OctTreeBase.h	32	static assertion failed due to requirement 'sizeof(COctTreeBase) == 48': Invalid structure size of COctTreeBase
other: conversion/overload	source/game_sa/Core/Pool.h	146	no matching member function for call to 'GetAllValid'
P: integer width / mixed-type overload	source/game_sa/Core/Pool.h	289	no matching function for call to 'min'
C: libc++ / standard-library gap	source/game_sa/Core/Pool.h	376	no member named 'enumerate' in namespace 'std::ranges::views'
F/C: inline asm / naked	source/game_sa/Core/Pool.h	385	invalid operands to binary expression ('void' and '__pipeable<std::__bind_back_t<std::ranges::views::__transform::__fn, std::tuple<(lambda at /Users/Andrei.Mukhin/github/recomp/gta-reversed/source/game_sa/Core/Pool.h:385
P: 64-bit layout (sizeof/offsetof static_assert)	source/game_sa/Core/Pool.h	437	static assertion failed due to requirement 'sizeof(CPool<int, int>) == 20': Invalid structure size of CPool<int32>
P: 64-bit layout (sizeof/offsetof static_assert)	source/game_sa/Core/PtrNodeDoubleLink.h	38	static assertion failed due to requirement 'sizeof(CPtrNodeDoubleLink<void *>) == 12': Invalid structure size of CPtrNodeDoubleLink<void*>
P: 64-bit layout (sizeof/offsetof static_assert)	source/game_sa/Core/PtrNodeSingleLink.h	40	static assertion failed due to requirement 'sizeof(CPtrNodeSingleLink<void *>) == 8': Invalid structure size of CPtrNodeSingleLink<void*>
P: 64-bit layout (sizeof/offsetof static_assert)	source/game_sa/Core/QuadTreeNode.h	319	static assertion failed due to requirement 'sizeof(CQuadTreeNode<void *>) == 40': Invalid structure size of CQuadTreeNode<void*>
F/C: inline asm / naked	source/game_sa/Core/Quaternion.cpp	126	unsupported architecture 'arm64' for MS-style inline assembly
F/C: inline asm / naked	source/game_sa/Core/Quaternion.cpp	283	unsupported architecture 'arm64' for MS-style inline assembly
P: 64-bit layout (sizeof/offsetof static_assert)	source/game_sa/Core/SArray.h	110	static assertion failed due to requirement 'sizeof(SArray<int>) == 16': Invalid structure size of SArray<int32>
C: libc++ / standard-library gap	source/game_sa/Coronas.cpp	392	no member named 'enumerate' in namespace 'std::ranges::views'
other: undeclared/unknown identifier	source/game_sa/Coronas.cpp	424	use of undeclared identifier 't'
F/C: inline asm / naked	source/game_sa/Cover.cpp	374	unsupported architecture 'arm64' for MS-style inline assembly
F/C: inline asm / naked	source/game_sa/Cover.cpp	402	unsupported architecture 'arm64' for MS-style inline assembly
P: 64-bit layout (sizeof/offsetof static_assert)	source/game_sa/CoverPoint.h	67	static assertion failed due to requirement 'sizeof(CCoverPoint) == 28': Invalid structure size of CCoverPoint
W/C: MSVC CRT name	source/game_sa/CustomCarPlateMgr.cpp	351	use of undeclared identifier '_stricmp'; did you mean 'strcmp'?
W/C: MSVC CRT name	source/game_sa/CustomCarPlateMgr.cpp	353	use of undeclared identifier '_stricmp'; did you mean 'strcmp'?
W/C: MSVC CRT name	source/game_sa/CustomCarPlateMgr.cpp	407	use of undeclared identifier '_stricmp'; did you mean 'strcmp'?
W/C: MSVC CRT name	source/game_sa/CustomCarPlateMgr.cpp	410	use of undeclared identifier '_stricmp'; did you mean 'strcmp'?
other: undeclared/unknown identifier	source/game_sa/CustomRoadsignMgr.cpp	94	use of undeclared identifier 'strncpy_s'; did you mean 'strncpy'?
W/C: MSVC CRT name	source/game_sa/CutsceneMgr.cpp	34	use of undeclared identifier 'strcpy_s'
other: undeclared/unknown identifier	source/game_sa/CutsceneMgr.cpp	35	use of undeclared identifier '_strlwr_s'
other: conversion/overload	source/game_sa/CutsceneMgr.cpp	40	no matching function for call to object of type 'const (lambda at /Users/Andrei.Mukhin/github/recomp/gta-reversed/source/game_sa/CutsceneMgr.cpp:33:31)'
W/C: MSVC CRT name	source/game_sa/CutsceneMgr.cpp	332	use of undeclared identifier 'strcpy_s'; did you mean 'strcpy'?
W/C: MSVC CRT name	source/game_sa/CutsceneMgr.cpp	441	use of undeclared identifier 'strcpy_s'; did you mean 'strcpy'?
W/C: MSVC CRT name	source/game_sa/CutsceneMgr.cpp	618	use of undeclared identifier 'sscanf_s'
other: undeclared/unknown identifier	source/game_sa/CutsceneMgr.cpp	640	use of undeclared identifier 'strtok_s'; did you mean 'strtok_r'?
W/C: MSVC CRT name	source/game_sa/CutsceneMgr.cpp	644	use of undeclared identifier 'strcpy_s'; did you mean 'strcpy'?
other: undeclared/unknown identifier	source/game_sa/CutsceneMgr.cpp	644	use of undeclared identifier 'strtok_s'; did you mean 'strtok_r'?
other: undeclared/unknown identifier	source/game_sa/CutsceneMgr.cpp	645	use of undeclared identifier '_strlwr_s'
other: undeclared/unknown identifier	source/game_sa/CutsceneMgr.cpp	650	use of undeclared identifier 'strtok_s'; did you mean 'strtok_r'?
W/C: MSVC CRT name	source/game_sa/CutsceneMgr.cpp	657	use of undeclared identifier 'strcpy_s'; did you mean 'strcpy'?
W/C: MSVC CRT name	source/game_sa/CutsceneMgr.cpp	660	use of undeclared identifier 'strcpy_s'; did you mean 'strcpy'?
other: undeclared/unknown identifier	source/game_sa/CutsceneMgr.cpp	661	use of undeclared identifier '_strlwr_s'
W/C: MSVC CRT name	source/game_sa/CutsceneMgr.cpp	673	use of undeclared identifier 'sscanf_s'
other: undeclared/unknown identifier	source/game_sa/CutsceneMgr.cpp	674	use of undeclared identifier '_strupr_s'
other: undeclared/unknown identifier	source/game_sa/CutsceneMgr.cpp	684	use of undeclared identifier 'strtok_s'; did you mean 'strtok_r'?
W/C: MSVC CRT name	source/game_sa/CutsceneMgr.cpp	689	use of undeclared identifier 'sscanf_s'
W/C: MSVC CRT name	source/game_sa/CutsceneMgr.cpp	695	use of undeclared identifier 'sscanf_s'
W/C: MSVC CRT name	source/game_sa/CutsceneMgr.cpp	701	use of undeclared identifier 'sscanf_s'
other: conversion/overload	source/game_sa/CutsceneMgr.cpp	718	cannot initialize a parameter of type 'locale_t' (aka '_xlocale *') with an lvalue of type 'const char[3]'
W/C: MSVC CRT name	source/game_sa/CutsceneMgr.cpp	718	use of undeclared identifier 'sscanf_s'; did you mean 'sscanf_l'?
W/C: MSVC CRT name	source/game_sa/CutsceneMgr.cpp	808	use of undeclared identifier 'strcpy_s'; did you mean 'strcpy'?
W/C: MSVC CRT name	source/game_sa/CutsceneMgr.cpp	809	use of undeclared identifier 'strcpy_s'; did you mean 'strcpy'?
W/C: MSVC CRT name	source/game_sa/CutsceneMgr.cpp	823	use of undeclared identifier '_stricmp'; did you mean 'strcmp'?
P: 64-bit layout (sizeof/offsetof static_assert)	source/game_sa/CutsceneMgr.h	30	static assertion failed due to requirement 'sizeof(tCutsceneParticleEffect) == 108': Invalid structure size of tCutsceneParticleEffect
W/C: MSVC CRT name	source/game_sa/Darkel.cpp	90	use of undeclared identifier 'sprintf_s'
other: conversion/overload	source/game_sa/Darkel.cpp	98	cannot initialize a parameter of type 'locale_t' (aka '_xlocale *') with an lvalue of type 'const char[3]'
W/C: MSVC CRT name	source/game_sa/Darkel.cpp	98	use of undeclared identifier 'sprintf_s'; did you mean 'sprintf_l'?
W/C: MSVC CRT name	source/game_sa/Directory.cpp	108	use of undeclared identifier '_stricmp'; did you mean 'strcmp'?
P: 64-bit layout (sizeof/offsetof static_assert)	source/game_sa/Directory.h	53	static assertion failed due to requirement 'sizeof(CDirectory) == 16': Invalid structure size of CDirectory
P: 64-bit layout (sizeof/offsetof static_assert)	source/game_sa/Entity/AnimatedBuilding.h	25	static assertion failed due to requirement 'sizeof(CAnimatedBuilding) == 56': Invalid structure size of CAnimatedBuilding
P: 64-bit (size_t in operator new/delete)	source/game_sa/Entity/Building.h	14	'operator new' takes type size_t ('unsigned long') as 1st parameter
P: 64-bit layout (sizeof/offsetof static_assert)	source/game_sa/Entity/Building.h	23	static assertion failed due to requirement 'sizeof(CBuilding) == 56': Invalid structure size of CBuilding
P: 64-bit layout (sizeof/offsetof static_assert)	source/game_sa/Entity/Dummy/Dummy.h	22	static assertion failed due to requirement 'sizeof(CDummy) == 56': Invalid structure size of CDummy
P: 64-bit layout (sizeof/offsetof static_assert)	source/game_sa/Entity/Dummy/DummyObject.h	23	static assertion failed due to requirement 'sizeof(CDummyObject) == 56': Invalid structure size of CDummyObject
P: 64-bit layout (sizeof/offsetof static_assert)	source/game_sa/Entity/Dummy/DummyPed.h	16	static assertion failed due to requirement 'sizeof(CDummyPed) == 56': Invalid structure size of CDummyPed
P: pointer/int width (cast/narrowing)	source/game_sa/Entity/Entity.cpp	502	cast to smaller integer type 'unsigned int' from 'CEntity *' [-Werror,-Wpointer-to-int-cast]
P: pointer/int width (cast/narrowing)	source/game_sa/Entity/Entity.cpp	532	cast to smaller integer type 'unsigned int' from 'CEntity *' [-Werror,-Wpointer-to-int-cast]
P: pointer/int width (cast/narrowing)	source/game_sa/Entity/Entity.cpp	555	cast to smaller integer type 'unsigned int' from 'CEntity *' [-Werror,-Wpointer-to-int-cast]
P: pointer/int width (cast/narrowing)	source/game_sa/Entity/Entity.cpp	570	cast to smaller integer type 'unsigned int' from 'CEntity *' [-Werror,-Wpointer-to-int-cast]
P: pointer/int width (cast/narrowing)	source/game_sa/Entity/Entity.cpp	912	cast to 'void *' from smaller integer type 'int32' (aka 'int') [-Werror,-Wint-to-void-pointer-cast]
P: pointer/int width (cast/narrowing)	source/game_sa/Entity/Entity.cpp	913	cast to 'void *' from smaller integer type 'int32' (aka 'int') [-Werror,-Wint-to-void-pointer-cast]
P: integer width / mixed-type overload	source/game_sa/Entity/Entity.cpp	991	no matching function for call to 'GetRandomNumberInRange'
other: conversion/overload	source/game_sa/Entity/Entity.cpp	1055	no matching function for call to 'bit_cast'
P: pointer/int width (cast/narrowing)	source/game_sa/Entity/Entity.cpp	1376	cast to smaller integer type 'unsigned int' from 'CEntity *' [-Werror,-Wpointer-to-int-cast]
P: pointer/int width (cast/narrowing)	source/game_sa/Entity/Entity.cpp	1972	cast to smaller integer type 'unsigned int' from 'CEntity *' [-Werror,-Wpointer-to-int-cast]
P: pointer/int width (cast/narrowing)	source/game_sa/Entity/Entity.cpp	2038	cast to smaller integer type 'unsigned int' from 'CEntity *' [-Werror,-Wpointer-to-int-cast]
P: pointer/int width (cast/narrowing)	source/game_sa/Entity/Entity.cpp	2069	cast to smaller integer type 'unsigned int' from 'CEntity *' [-Werror,-Wpointer-to-int-cast]
P: pointer/int width (cast/narrowing)	source/game_sa/Entity/Entity.cpp	2095	cast to smaller integer type 'unsigned int' from 'CEntity *' [-Werror,-Wpointer-to-int-cast]
P: pointer/int width (cast/narrowing)	source/game_sa/Entity/Entity.cpp	2184	cast to smaller integer type 'unsigned int' from 'CEntity *' [-Werror,-Wpointer-to-int-cast]
P: pointer/int width (cast/narrowing)	source/game_sa/Entity/Entity.cpp	2204	cast to smaller integer type 'unsigned int' from 'CEntity *' [-Werror,-Wpointer-to-int-cast]
P: 64-bit layout (sizeof/offsetof static_assert)	source/game_sa/Entity/Entity.h	425	static assertion failed due to requirement 'sizeof(CEntity) == 56': Invalid structure size of CEntity
P: 64-bit layout (sizeof/offsetof static_assert)	source/game_sa/Entity/Object/CutsceneObject.h	43	static assertion failed due to requirement 'sizeof(CCutsceneObject) == 412': Invalid structure size of CCutsceneObject
P: 64-bit layout (sizeof/offsetof static_assert)	source/game_sa/Entity/Object/HandObject.h	32	static assertion failed due to requirement 'sizeof(CHandObject) == 396': Invalid structure size of CHandObject
P: pointer/int width (cast/narrowing)	source/game_sa/Entity/Object/Object.cpp	708	cast to smaller integer type 'unsigned int' from 'CObject *' [-Werror,-Wpointer-to-int-cast]
P: pointer/int width (cast/narrowing)	source/game_sa/Entity/Object/Object.cpp	714	cast to smaller integer type 'unsigned int' from 'CObject *' [-Werror,-Wpointer-to-int-cast]
P: pointer/int width (cast/narrowing)	source/game_sa/Entity/Object/Object.cpp	720	cast to smaller integer type 'unsigned int' from 'CObject *' [-Werror,-Wpointer-to-int-cast]
P: pointer/int width (cast/narrowing)	source/game_sa/Entity/Object/Object.cpp	726	cast to smaller integer type 'unsigned int' from 'CObject *' [-Werror,-Wpointer-to-int-cast]
other: conversion/overload	source/game_sa/Entity/Object/Object.cpp	1259	no matching member function for call to 'GetAllValid'
other: conversion/overload	source/game_sa/Entity/Object/Object.cpp	1269	no matching member function for call to 'GetAllValid'
other: conversion/overload	source/game_sa/Entity/Object/Object.cpp	1279	no matching member function for call to 'GetAllValid'
P: pointer/int width (cast/narrowing)	source/game_sa/Entity/Object/Object.cpp	1301	cast to smaller integer type 'unsigned int' from 'CObject *' [-Werror,-Wpointer-to-int-cast]
P: pointer/int width (cast/narrowing)	source/game_sa/Entity/Object/Object.cpp	1389	cast to smaller integer type 'unsigned int' from 'CObject *' [-Werror,-Wpointer-to-int-cast]
P: pointer/int width (cast/narrowing)	source/game_sa/Entity/Object/Object.cpp	1401	cast to smaller integer type 'unsigned int' from 'CObject *' [-Werror,-Wpointer-to-int-cast]
P: pointer/int width (cast/narrowing)	source/game_sa/Entity/Object/Object.cpp	1406	cast to smaller integer type 'unsigned int' from 'CObject *' [-Werror,-Wpointer-to-int-cast]
P: pointer/int width (cast/narrowing)	source/game_sa/Entity/Object/Object.cpp	1410	cast to smaller integer type 'unsigned int' from 'CObject *' [-Werror,-Wpointer-to-int-cast]
P: 64-bit layout (sizeof/offsetof static_assert)	source/game_sa/Entity/Object/Object.h	172	static assertion failed due to requirement 'sizeof(CObject) == 380': Invalid structure size of CObject
P: 64-bit layout (sizeof/offsetof static_assert)	source/game_sa/Entity/Object/Projectile.h	18	static assertion failed due to requirement 'sizeof(CProjectile) == 380': Invalid structure size of CProjectile
P: 64-bit layout (sizeof/offsetof static_assert)	source/game_sa/Entity/Ped/CivilianPed.h	20	static assertion failed due to requirement 'sizeof(CCivilianPed) == 1948': Invalid structure size of CCivilianPed
P: 64-bit layout (sizeof/offsetof static_assert)	source/game_sa/Entity/Ped/CopPed.h	58	static assertion failed due to requirement 'sizeof(CCopPed) == 1988': Invalid structure size of CCopPed
P: 64-bit layout (sizeof/offsetof static_assert)	source/game_sa/Entity/Ped/EmergencyPed.h	24	static assertion failed due to requirement 'sizeof(CEmergencyPed) == 1948': Invalid structure size of CEmergencyPed
P: 64-bit (size_t in operator new/delete)	source/game_sa/Entity/Ped/Ped.cpp	391	'operator new' takes type size_t ('unsigned long') as 1st parameter
P: 64-bit (size_t in operator new/delete)	source/game_sa/Entity/Ped/Ped.cpp	398	'operator new' takes type size_t ('unsigned long') as 1st parameter
P: 64-bit (size_t in operator new/delete)	source/game_sa/Entity/Ped/Ped.h	385	'operator new' takes type size_t ('unsigned long') as 1st parameter
P: 64-bit (size_t in operator new/delete)	source/game_sa/Entity/Ped/Ped.h	386	'operator new' takes type size_t ('unsigned long') as 1st parameter
P: 64-bit layout (sizeof/offsetof static_assert)	source/game_sa/Entity/Ped/Ped.h	657	static assertion failed due to requirement 'sizeof(CPed) == 1948': Invalid structure size of CPed
P: 64-bit layout (sizeof/offsetof static_assert)	source/game_sa/Entity/Ped/PedSaveStructure.h	25	static assertion failed due to requirement 'sizeof(CPedSaveStructure) == 396': Invalid structure size of CPedSaveStructure
other: conversion/overload	source/game_sa/Entity/Ped/PlayerPed.cpp	2125	no matching function for call to 'operator new'
P: 64-bit layout (sizeof/offsetof static_assert)	source/game_sa/Entity/Ped/PlayerPed.h	119	static assertion failed due to requirement 'sizeof(CPlayerPed) == 1956': Invalid structure size of CPlayerPed
other: conversion/overload	source/game_sa/Entity/Ped/PlayerSkin.cpp	68	cannot initialize a parameter of type 'locale_t' (aka '_xlocale *') with an lvalue of type 'const char *'
W/C: MSVC CRT name	source/game_sa/Entity/Ped/PlayerSkin.cpp	68	use of undeclared identifier 'sprintf_s'; did you mean 'sprintf_l'?
P: 64-bit layout (sizeof/offsetof static_assert)	source/game_sa/Entity/Physical.h	260	static assertion failed due to requirement 'sizeof(CPhysical) == 312': Invalid structure size of CPhysical
F/C: inline asm / naked	source/game_sa/Entity/Placeable.cpp	106	unsupported architecture 'arm64' for MS-style inline assembly
P: 64-bit layout (sizeof/offsetof static_assert)	source/game_sa/Entity/Placeable.h	65	static assertion failed due to requirement 'sizeof(CPlaceable) == 24': Invalid structure size of CPlaceable
P: 64-bit layout (sizeof/offsetof static_assert)	source/game_sa/Entity/Vehicle/Automobile.cpp	5546	static assertion failed due to requirement '__builtin_offsetof(CAutomobile, m_aCarNodes) == 1608'
P: 64-bit layout (sizeof/offsetof static_assert)	source/game_sa/Entity/Vehicle/Automobile.cpp	5547	static assertion failed due to requirement '__builtin_offsetof(CAutomobile, m_wheelRotation) == 2088'
P: 64-bit layout (sizeof/offsetof static_assert)	source/game_sa/Entity/Vehicle/Automobile.cpp	5548	static assertion failed due to requirement '__builtin_offsetof(CAutomobile, m_damageManager) == 1440'
P: 64-bit layout (sizeof/offsetof static_assert)	source/game_sa/Entity/Vehicle/Automobile.cpp	5549	static assertion failed due to requirement '__builtin_offsetof(CAutomobile, m_fWheelScale) == 1112'
P: 64-bit layout (sizeof/offsetof static_assert)	source/game_sa/Entity/Vehicle/Automobile.cpp	5550	static assertion failed due to requirement '__builtin_offsetof(CAutomobile, m_nVehicleSubType) == 1428'
P: 64-bit layout (sizeof/offsetof static_assert)	source/game_sa/Entity/Vehicle/Automobile.cpp	5551	static assertion failed due to requirement '__builtin_offsetof(CVehicleModelInfo, m_fWheelSizeFront) == 64'
P: pointer/int width (cast/narrowing)	source/game_sa/Entity/Vehicle/Automobile.cpp	6640	cast to smaller integer type 'unsigned int' from 'CAutomobile *' [-Werror,-Wpointer-to-int-cast]
P: 64-bit layout (sizeof/offsetof static_assert)	source/game_sa/Entity/Vehicle/Automobile.h	405	static assertion failed due to requirement 'sizeof(CAutomobile) == 2440': Invalid structure size of CAutomobile
P: 64-bit layout (sizeof/offsetof static_assert)	source/game_sa/Entity/Vehicle/Automobile.h	406	static assertion failed due to requirement '__builtin_offsetof(CAutomobile, m_damageManager) == 1440': The offset of m_damageManager in CAutomobile is not 0x5A0...
P: 64-bit layout (sizeof/offsetof static_assert)	source/game_sa/Entity/Vehicle/Automobile.h	407	static assertion failed due to requirement '__builtin_offsetof(CAutomobile, m_wheelColPoint) == 1828': The offset of m_wheelColPoint in CAutomobile is not 0x724...
P: 64-bit layout (sizeof/offsetof static_assert)	source/game_sa/Entity/Vehicle/Automobile.h	408	static assertion failed due to requirement '__builtin_offsetof(CAutomobile, autoFlags) == 2152': The offset of autoFlags in CAutomobile is not 0x868...
P: 64-bit layout (sizeof/offsetof static_assert)	source/game_sa/Entity/Vehicle/Automobile.h	409	static assertion failed due to requirement '__builtin_offsetof(CAutomobile, m_bDoingBurnout) == 2154': The offset of m_bDoingBurnout in CAutomobile is not 0x86A...
P: 64-bit layout (sizeof/offsetof static_assert)	source/game_sa/Entity/Vehicle/Automobile.h	410	static assertion failed due to requirement '__builtin_offsetof(CAutomobile, m_wMiscComponentAngle) == 2156': The offset of m_wMiscComponentAngle in CAutomobile is not 0x86C...
P: 64-bit layout (sizeof/offsetof static_assert)	source/game_sa/Entity/Vehicle/Automobile.h	411	static assertion failed due to requirement '__builtin_offsetof(CAutomobile, m_GasPedalAudioRevs) == 2404': The offset of m_GasPedalAudioRevs in CAutomobile is not 0x964...
P: 64-bit layout (sizeof/offsetof static_assert)	source/game_sa/Entity/Vehicle/Bike.h	164	static assertion failed due to requirement 'sizeof(CBike) == 2068': Invalid structure size of CBike
P: 64-bit layout (sizeof/offsetof static_assert)	source/game_sa/Entity/Vehicle/Bike.h	165	static assertion failed due to requirement '__builtin_offsetof(CBike, m_GasPedalAudioRevs) == 2056': The offset of m_GasPedalAudioRevs in CBike is not 0x808...
P: 64-bit layout (sizeof/offsetof static_assert)	source/game_sa/Entity/Vehicle/Bmx.h	66	static assertion failed due to requirement 'sizeof(CBmx) == 2104': Invalid structure size of CBmx
P: 64-bit layout (sizeof/offsetof static_assert)	source/game_sa/Entity/Vehicle/Boat.h	138	static assertion failed due to requirement 'sizeof(CBoat) == 2024': Invalid structure size of CBoat
other: conversion/overload	source/game_sa/Entity/Vehicle/Heli.cpp	569	no matching function for call to 'operator new'
other: conversion/overload	source/game_sa/Entity/Vehicle/Heli.cpp	570	no matching function for call to 'operator new'
P: pointer/int width (cast/narrowing)	source/game_sa/Entity/Vehicle/Heli.cpp	1275	cast to smaller integer type 'unsigned int' from 'CHeli *' [-Werror,-Wpointer-to-int-cast]
P: pointer/int width (cast/narrowing)	source/game_sa/Entity/Vehicle/Heli.cpp	1594	cast to smaller integer type 'unsigned int' from 'CHeli *' [-Werror,-Wpointer-to-int-cast]
P: 64-bit layout (sizeof/offsetof static_assert)	source/game_sa/Entity/Vehicle/Heli.h	153	static assertion failed due to requirement 'sizeof(CHeli) == 2584': Invalid structure size of CHeli
P: 64-bit layout (sizeof/offsetof static_assert)	source/game_sa/Entity/Vehicle/MonsterTruck.h	72	static assertion failed due to requirement 'sizeof(CMonsterTruck) == 2460': Invalid structure size of CMonsterTruck
other: conversion/overload	source/game_sa/Entity/Vehicle/Plane.cpp	689	no matching function for call to 'operator new'
other: conversion/overload	source/game_sa/Entity/Vehicle/Plane.cpp	750	no matching function for call to 'operator new'
P: pointer/int width (cast/narrowing)	source/game_sa/Entity/Vehicle/Plane.cpp	1343	cast to smaller integer type 'unsigned int' from 'CPlane *' [-Werror,-Wpointer-to-int-cast]
P: pointer/int width (cast/narrowing)	source/game_sa/Entity/Vehicle/Plane.cpp	1350	cast to smaller integer type 'unsigned int' from 'CPlane *' [-Werror,-Wpointer-to-int-cast]
P: 64-bit layout (sizeof/offsetof static_assert)	source/game_sa/Entity/Vehicle/Plane.h	126	static assertion failed due to requirement 'sizeof(CPlane) == 2564': Invalid structure size of CPlane
P: 64-bit layout (sizeof/offsetof static_assert)	source/game_sa/Entity/Vehicle/QuadBike.h	70	static assertion failed due to requirement 'sizeof(CQuadBike) == 2492': Invalid structure size of CQuadBike
P: 64-bit layout (sizeof/offsetof static_assert)	source/game_sa/Entity/Vehicle/Trailer.h	90	static assertion failed due to requirement 'sizeof(CTrailer) == 2548': Invalid structure size of CTrailer
other: conversion/overload	source/game_sa/Entity/Vehicle/Train.cpp	654	no matching member function for call to 'GetAllValid'
other: conversion/overload	source/game_sa/Entity/Vehicle/Train.cpp	822	no matching function for call to 'operator new'
P: 64-bit layout (sizeof/offsetof static_assert)	source/game_sa/Entity/Vehicle/Train.h	141	static assertion failed due to requirement 'sizeof(CTrain) == 1708': Invalid structure size of CTrain
P: 64-bit layout (sizeof/offsetof static_assert)	source/game_sa/Entity/Vehicle/Train.h	142	static assertion failed due to requirement '__builtin_offsetof(CTrain, m_nTrainFlags) == 1464': The offset of m_nTrainFlags in CTrain is not 0x5B8...
P: pointer/int width (cast/narrowing)	source/game_sa/Entity/Vehicle/Vehicle.cpp	408	cast to smaller integer type 'unsigned int' from 'CVehicle *' [-Werror,-Wpointer-to-int-cast]
P: 64-bit (size_t in operator new/delete)	source/game_sa/Entity/Vehicle/Vehicle.cpp	418	'operator new' takes type size_t ('unsigned long') as 1st parameter
P: 64-bit (size_t in operator new/delete)	source/game_sa/Entity/Vehicle/Vehicle.cpp	426	'operator new' takes type size_t ('unsigned long') as 1st parameter
other: conversion/overload	source/game_sa/Entity/Vehicle/Vehicle.cpp	1918	no matching function for call to 'bit_cast'
P: pointer/int width (cast/narrowing)	source/game_sa/Entity/Vehicle/Vehicle.cpp	1939	cast to 'void *' from smaller integer type 'uint32' (aka 'unsigned int') [-Werror,-Wint-to-void-pointer-cast]
P: pointer/int width (cast/narrowing)	source/game_sa/Entity/Vehicle/Vehicle.cpp	1940	cast to 'void *' from smaller integer type 'uint32' (aka 'unsigned int') [-Werror,-Wint-to-void-pointer-cast]
P: integer width / mixed-type overload	source/game_sa/Entity/Vehicle/Vehicle.cpp	2037	no matching function for call to 'GetRandomNumberInRange'
P: pointer/int width (cast/narrowing)	source/game_sa/Entity/Vehicle/Vehicle.cpp	6484	cast to smaller integer type 'int' from 'CMatrixLink **' [-Werror,-Wpointer-to-int-cast]
P: pointer/int width (cast/narrowing)	source/game_sa/Entity/Vehicle/Vehicle.cpp	6964	cast to 'CEntity *' from smaller integer type 'int32' (aka 'int') [-Werror,-Wint-to-pointer-cast]
P: pointer/int width (cast/narrowing)	source/game_sa/Entity/Vehicle/Vehicle.cpp	6965	cast to 'CEntity *' from smaller integer type 'int32' (aka 'int') [-Werror,-Wint-to-pointer-cast]
P: pointer/int width (cast/narrowing)	source/game_sa/Entity/Vehicle/Vehicle.cpp	6989	cast to 'CEntity *' from smaller integer type 'int32' (aka 'int') [-Werror,-Wint-to-pointer-cast]
P: pointer/int width (cast/narrowing)	source/game_sa/Entity/Vehicle/Vehicle.cpp	6990	cast to 'CEntity *' from smaller integer type 'int32' (aka 'int') [-Werror,-Wint-to-pointer-cast]
P: pointer/int width (cast/narrowing)	source/game_sa/Entity/Vehicle/Vehicle.cpp	7005	cast to smaller integer type 'int' from 'CEntity *' [-Werror,-Wpointer-to-int-cast]
P: 64-bit (size_t in operator new/delete)	source/game_sa/Entity/Vehicle/Vehicle.h	446	'operator new' takes type size_t ('unsigned long') as 1st parameter
P: 64-bit (size_t in operator new/delete)	source/game_sa/Entity/Vehicle/Vehicle.h	449	'operator new' takes type size_t ('unsigned long') as 1st parameter
P: pointer/int width (cast/narrowing)	source/game_sa/Entity/Vehicle/Vehicle.h	751	cast to smaller integer type 'unsigned int' from 'const unsigned int *' [-Werror,-Wpointer-to-int-cast]
P: 64-bit layout (sizeof/offsetof static_assert)	source/game_sa/Entity/Vehicle/Vehicle.h	792	static assertion failed due to requirement 'sizeof(CVehicle) == 1440': Invalid structure size of CVehicle
P: 64-bit layout (sizeof/offsetof static_assert)	source/game_sa/EntityScanner.h	81	static assertion failed due to requirement 'sizeof(CEntityScanner) == 80': Invalid structure size of CEntityScanner
W/C: MSVC CRT name	source/game_sa/EntryExit.cpp	78	use of undeclared identifier 'strcpy_s'; did you mean 'strcpy'?
other: conversion/overload	source/game_sa/EntryExit.cpp	99	no matching function for call to object of type 'const __any_of'
W/C: MSVC CRT name	source/game_sa/EntryExit.cpp	99	use of undeclared identifier '_stricmp'
F/C: inline asm / naked	source/game_sa/EntryExit.cpp	127	unsupported architecture 'arm64' for MS-style inline assembly
F/C: inline asm / naked	source/game_sa/EntryExit.cpp	134	unsupported architecture 'arm64' for MS-style inline assembly
W/C: MSVC CRT name	source/game_sa/EntryExit.cpp	557	use of undeclared identifier '_stricmp'; did you mean 'strcmp'?
P: 64-bit layout (sizeof/offsetof static_assert)	source/game_sa/EntryExit.h	128	static assertion failed due to requirement 'sizeof(CEntryExit) == 60': Invalid structure size of CEntryExit
other	source/game_sa/EntryExitManager.cpp	67	cannot use type 'void' as a range
P: pointer/int width (cast/narrowing)	source/game_sa/EntryExitManager.cpp	119	cast to smaller integer type 'unsigned int' from 'CEntryExit *' [-Werror,-Wpointer-to-int-cast]
other: conversion/overload	source/game_sa/EntryExitManager.cpp	303	no matching member function for call to 'GetAllValid'
other: conversion/overload	source/game_sa/EntryExitManager.cpp	317	no matching member function for call to 'GetAllValid'
other	source/game_sa/EntryExitManager.cpp	348	cannot use type 'void' as a range
other	source/game_sa/EntryExitManager.cpp	467	cannot use type 'void' as a range
C: syntax / extension	source/game_sa/Enums/eCarWheel.h	12	ISO C++ forbids forward references to 'enum' types
P: 64-bit layout (sizeof/offsetof static_assert)	source/game_sa/Escalator.h	56	static assertion failed due to requirement 'sizeof(CEscalator) == 336': Invalid structure size of CEscalator
P: 64-bit (size_t in operator new/delete)	source/game_sa/Events/Event.h	18	'operator new' takes type size_t ('unsigned long') as 1st parameter
P: 64-bit layout (sizeof/offsetof static_assert)	source/game_sa/Events/Event.h	62	static assertion failed due to requirement 'sizeof(CEvent) == 12': Invalid structure size of CEvent
P: 64-bit layout (sizeof/offsetof static_assert)	source/game_sa/Events/EventAcquaintancePed.h	32	static assertion failed due to requirement 'sizeof(CEventAcquaintancePed) == 24': Invalid structure size of CEventAcquaintancePed
P: 64-bit layout (sizeof/offsetof static_assert)	source/game_sa/Events/EventAcquaintancePedDislike.h	19	static assertion failed due to requirement 'sizeof(CEventAcquaintancePedDislike) == 24': Invalid structure size of CEventAcquaintancePedDislike
P: 64-bit layout (sizeof/offsetof static_assert)	source/game_sa/Events/EventAcquaintancePedHate.h	24	static assertion failed due to requirement 'sizeof(CEventAcquaintancePedHate) == 24': Invalid structure size of CEventAcquaintancePedHate
P: 64-bit layout (sizeof/offsetof static_assert)	source/game_sa/Events/EventAcquaintancePedHateBadlyLit.h	31	static assertion failed due to requirement 'sizeof(CEventAcquaintancePedHateBadlyLit) == 40': Invalid structure size of CEventAcquaintancePedHateBadlyLit
P: 64-bit layout (sizeof/offsetof static_assert)	source/game_sa/Events/EventAcquaintancePedLike.h	19	static assertion failed due to requirement 'sizeof(CEventAcquaintancePedLike) == 24': Invalid structure size of CEventAcquaintancePedLike
P: 64-bit layout (sizeof/offsetof static_assert)	source/game_sa/Events/EventAcquaintancePedRespect.h	19	static assertion failed due to requirement 'sizeof(CEventAcquaintancePedRespect) == 24': Invalid structure size of CEventAcquaintancePedRespect
P: 64-bit layout (sizeof/offsetof static_assert)	source/game_sa/Events/EventAreaCodes.h	29	static assertion failed due to requirement 'sizeof(CEventAreaCodes) == 16': Invalid structure size of CEventAreaCodes
P: 64-bit layout (sizeof/offsetof static_assert)	source/game_sa/Events/EventAttractor.h	33	static assertion failed due to requirement 'sizeof(CEventAttractor) == 32': Invalid structure size of CEventAttractor
P: 64-bit layout (sizeof/offsetof static_assert)	source/game_sa/Events/EventBuildingCollision.h	44	static assertion failed due to requirement 'sizeof(CEventBuildingCollision) == 48': Invalid structure size of CEventBuildingCollision
P: 64-bit layout (sizeof/offsetof static_assert)	source/game_sa/Events/EventCarUpsideDown.h	29	static assertion failed due to requirement 'sizeof(CEventCarUpsideDown) == 16': Invalid structure size of CEventCarUpsideDown
P: 64-bit layout (sizeof/offsetof static_assert)	source/game_sa/Events/EventChatPartner.h	23	static assertion failed due to requirement 'sizeof(CEventChatPartner) == 20': Invalid structure size of CEventChatPartner
P: 64-bit layout (sizeof/offsetof static_assert)	source/game_sa/Events/EventCopCarBeingStolen.h	30	static assertion failed due to requirement 'sizeof(CEventCopCarBeingStolen) == 20': Invalid structure size of CEventCopCarBeingStolen
P: 64-bit layout (sizeof/offsetof static_assert)	source/game_sa/Events/EventCreatePartnerTask.h	25	static assertion failed due to requirement 'sizeof(CEventCreatePartnerTask) == 28': Invalid structure size of CEventCreatePartnerTask
P: pointer/int width (cast/narrowing)	source/game_sa/Events/EventDamage.cpp	218	cast to smaller integer type 'unsigned int' from 'CPed *' [-Werror,-Wpointer-to-int-cast]
P: pointer/int width (cast/narrowing)	source/game_sa/Events/EventDamage.cpp	224	cast to smaller integer type 'unsigned int' from 'CPed *' [-Werror,-Wpointer-to-int-cast]
P: pointer/int width (cast/narrowing)	source/game_sa/Events/EventDamage.cpp	230	cast to smaller integer type 'unsigned int' from 'CPed *' [-Werror,-Wpointer-to-int-cast]
P: 64-bit layout (sizeof/offsetof static_assert)	source/game_sa/Events/EventDamage.h	88	static assertion failed due to requirement 'sizeof(CEventDamage) == 68': Invalid structure size of CEventDamage
P: 64-bit layout (sizeof/offsetof static_assert)	source/game_sa/Events/EventDanger.h	29	static assertion failed due to requirement 'sizeof(CEventDanger) == 28': Invalid structure size of CEventDanger
P: 64-bit layout (sizeof/offsetof static_assert)	source/game_sa/Events/EventDeadPed.h	27	static assertion failed due to requirement 'sizeof(CEventDeadPed) == 32': Invalid structure size of CEventDeadPed
P: 64-bit layout (sizeof/offsetof static_assert)	source/game_sa/Events/EventDeath.h	24	static assertion failed due to requirement 'sizeof(CEventDeath) == 20': Invalid structure size of CEventDeath
P: 64-bit layout (sizeof/offsetof static_assert)	source/game_sa/Events/EventDontJoinPlayerGroup.h	25	static assertion failed due to requirement 'sizeof(CEventDontJoinPlayerGroup) == 16': Invalid structure size of CEventDontJoinPlayerGroup
P: 64-bit layout (sizeof/offsetof static_assert)	source/game_sa/Events/EventDraggedOutCar.h	34	static assertion failed due to requirement 'sizeof(CEventDraggedOutCar) == 32': Invalid structure size of CEventDraggedOutCar
P: 64-bit layout (sizeof/offsetof static_assert)	source/game_sa/Events/EventEditableResponse.h	41	static assertion failed due to requirement 'sizeof(CEventEditableResponse) == 20': Invalid structure size of CEventEditableResponse
P: 64-bit layout (sizeof/offsetof static_assert)	source/game_sa/Events/EventEscalator.h	25	static assertion failed due to requirement 'sizeof(CEventEscalator) == 12': Invalid structure size of CEventEscalator
P: 64-bit layout (sizeof/offsetof static_assert)	source/game_sa/Events/EventGotKnockedOverByCar.h	24	static assertion failed due to requirement 'sizeof(CEventGotKnockedOverByCar) == 24': Invalid structure size of CEventGotKnockedOverByCar
P: 64-bit layout (sizeof/offsetof static_assert)	source/game_sa/Events/EventGroup.h	63	static assertion failed due to requirement 'sizeof(CEventGroup) == 76': Invalid structure size of CEventGroup
P: 64-bit layout (sizeof/offsetof static_assert)	source/game_sa/Events/EventGroupEvent.h	36	static assertion failed due to requirement 'sizeof(CEventGroupEvent) == 20': Invalid structure size of CEventGroupEvent
P: 64-bit layout (sizeof/offsetof static_assert)	source/game_sa/Events/EventGunAimedAt.h	29	static assertion failed due to requirement 'sizeof(CEventGunAimedAt) == 24': Invalid structure size of CEventGunAimedAt
P: 64-bit layout (sizeof/offsetof static_assert)	source/game_sa/Events/EventGunShot.h	34	static assertion failed due to requirement 'sizeof(CEventGunShot) == 52': Invalid structure size of CEventGunShot
P: 64-bit layout (sizeof/offsetof static_assert)	source/game_sa/Events/EventGunShotWhizzedBy.h	26	static assertion failed due to requirement 'sizeof(CEventGunShotWhizzedBy) == 52': Invalid structure size of CEventGunShotWhizzedBy
P: 64-bit layout (sizeof/offsetof static_assert)	source/game_sa/Events/EventHandler.h	185	static assertion failed due to requirement 'sizeof(CEventHandler) == 52': Invalid structure size of CEventHandler
P: 64-bit layout (sizeof/offsetof static_assert)	source/game_sa/Events/EventHandlerHistory.h	40	static assertion failed due to requirement 'sizeof(CEventHandlerHistory) == 28': Invalid structure size of CEventHandlerHistory
P: 64-bit layout (sizeof/offsetof static_assert)	source/game_sa/Events/EventHealthLow.h	21	static assertion failed due to requirement 'sizeof(CEventHealthLow) == 20': Invalid structure size of CEventHealthLow
P: 64-bit layout (sizeof/offsetof static_assert)	source/game_sa/Events/EventHealthReallyLow.h	21	static assertion failed due to requirement 'sizeof(CEventHealthReallyLow) == 20': Invalid structure size of CEventHealthReallyLow
P: 64-bit layout (sizeof/offsetof static_assert)	source/game_sa/Events/EventHighAngerAtPlayer.h	21	static assertion failed due to requirement 'sizeof(CEventHighAngerAtPlayer) == 20': Invalid structure size of CEventHighAngerAtPlayer
P: 64-bit layout (sizeof/offsetof static_assert)	source/game_sa/Events/EventHitByWaterCannon.h	30	static assertion failed due to requirement 'sizeof(CEventHitByWaterCannon) == 36': Invalid structure size of CEventHitByWaterCannon
P: 64-bit layout (sizeof/offsetof static_assert)	source/game_sa/Events/EventInAir.h	25	static assertion failed due to requirement 'sizeof(CEventInAir) == 12': Invalid structure size of CEventInAir
P: 64-bit layout (sizeof/offsetof static_assert)	source/game_sa/Events/EventInWater.h	23	static assertion failed due to requirement 'sizeof(CEventInWater) == 16': Invalid structure size of CEventInWater
P: 64-bit layout (sizeof/offsetof static_assert)	source/game_sa/Events/EventInteriorUseInfo.h	29	static assertion failed due to requirement 'sizeof(CEventInteriorUseInfo) == 28': Invalid structure size of CEventInteriorUseInfo
P: pointer/int width (cast/narrowing)	source/game_sa/Events/EventKnockOffBike.cpp	102	cast to smaller integer type 'unsigned int' from 'CPed *' [-Werror,-Wpointer-to-int-cast]
P: 64-bit layout (sizeof/offsetof static_assert)	source/game_sa/Events/EventKnockOffBike.h	62	static assertion failed due to requirement 'sizeof(CEventKnockOffBike) == 60': Invalid structure size of CEventKnockOffBike
P: 64-bit layout (sizeof/offsetof static_assert)	source/game_sa/Events/EventLeaderEnteredCarAsDriver.h	34	static assertion failed due to requirement 'sizeof(CEventLeaderEnteredCarAsDriver) == 24': Invalid structure size of CEventLeaderEnteredCarAsDriver
P: 64-bit layout (sizeof/offsetof static_assert)	source/game_sa/Events/EventLeaderEntryExit.h	26	static assertion failed due to requirement 'sizeof(CEventLeaderEntryExit) == 16': Invalid structure size of CEventLeaderEntryExit
P: 64-bit layout (sizeof/offsetof static_assert)	source/game_sa/Events/EventLeaderExitedCarAsDriver.h	27	static assertion failed due to requirement 'sizeof(CEventLeaderExitedCarAsDriver) == 20': Invalid structure size of CEventLeaderExitedCarAsDriver
P: 64-bit layout (sizeof/offsetof static_assert)	source/game_sa/Events/EventLeaderQuitEnteringCarAsDriver.h	29	static assertion failed due to requirement 'sizeof(CEventLeaderQuitEnteringCarAsDriver) == 12': Invalid structure size of CEventLeaderQuitEnteringCarAsDriver
P: 64-bit layout (sizeof/offsetof static_assert)	source/game_sa/Events/EventLeanOnVehicle.h	31	static assertion failed due to requirement 'sizeof(CEventLeanOnVehicle) == 20': Invalid structure size of CEventLeanOnVehicle
P: 64-bit layout (sizeof/offsetof static_assert)	source/game_sa/Events/EventLowAngerAtPlayer.h	19	static assertion failed due to requirement 'sizeof(CEventLowAngerAtPlayer) == 20': Invalid structure size of CEventLowAngerAtPlayer
P: 64-bit layout (sizeof/offsetof static_assert)	source/game_sa/Events/EventNewGangMember.h	25	static assertion failed due to requirement 'sizeof(CEventNewGangMember) == 16': Invalid structure size of CEventNewGangMember
P: 64-bit layout (sizeof/offsetof static_assert)	source/game_sa/Events/EventObjectCollision.h	39	static assertion failed due to requirement 'sizeof(CEventObjectCollision) == 48': Invalid structure size of CEventObjectCollision
P: 64-bit layout (sizeof/offsetof static_assert)	source/game_sa/Events/EventOnFire.h	23	static assertion failed due to requirement 'sizeof(CEventOnFire) == 12': Invalid structure size of CEventOnFire
P: 64-bit layout (sizeof/offsetof static_assert)	source/game_sa/Events/EventPassObject.h	31	static assertion failed due to requirement 'sizeof(CEventPassObject) == 20': Invalid structure size of CEventPassObject
P: 64-bit layout (sizeof/offsetof static_assert)	source/game_sa/Events/EventPedCollisionWithPed.h	38	static assertion failed due to requirement 'sizeof(CEventPedCollisionWithPed) == 52': Invalid structure size of CEventPedCollisionWithPed
P: 64-bit layout (sizeof/offsetof static_assert)	source/game_sa/Events/EventPedCollisionWithPlayer.h	25	static assertion failed due to requirement 'sizeof(CEventPedCollisionWithPlayer) == 52': Invalid structure size of CEventPedCollisionWithPlayer
P: 64-bit layout (sizeof/offsetof static_assert)	source/game_sa/Events/EventPedEnteredMyVehicle.h	26	static assertion failed due to requirement 'sizeof(CEventPedEnteredMyVehicle) == 32': Invalid structure size of CEventPedEnteredMyVehicle
P: 64-bit layout (sizeof/offsetof static_assert)	source/game_sa/Events/EventPedToChase.h	23	static assertion failed due to requirement 'sizeof(CEventPedToChase) == 16': Invalid structure size of CEventPedToChase
P: 64-bit layout (sizeof/offsetof static_assert)	source/game_sa/Events/EventPedToFlee.h	21	static assertion failed due to requirement 'sizeof(CEventPedToFlee) == 16': Invalid structure size of CEventPedToFlee
P: 64-bit layout (sizeof/offsetof static_assert)	source/game_sa/Events/EventPlayerCollisionWithPed.h	28	static assertion failed due to requirement 'sizeof(CEventPlayerCollisionWithPed) == 52': Invalid structure size of CEventPlayerCollisionWithPed
P: 64-bit layout (sizeof/offsetof static_assert)	source/game_sa/Events/EventPlayerCommandToGroup.h	37	static assertion failed due to requirement 'sizeof(CEventPlayerCommandToGroup) == 28': Invalid structure size of CEventPlayerCommandToGroup
P: 64-bit layout (sizeof/offsetof static_assert)	source/game_sa/Events/EventPlayerCommandToGroupAttack.h	24	static assertion failed due to requirement 'sizeof(CEventPlayerCommandToGroupAttack) == 28': Invalid structure size of CEventPlayerCommandToGroupAttack
P: 64-bit layout (sizeof/offsetof static_assert)	source/game_sa/Events/EventPlayerCommandToGroupGather.h	20	static assertion failed due to requirement 'sizeof(CEventPlayerCommandToGroupGather) == 28': Invalid structure size of CEventPlayerCommandToGroupGather
P: 64-bit layout (sizeof/offsetof static_assert)	source/game_sa/Events/EventPotentialGetRunOver.h	24	static assertion failed due to requirement 'sizeof(CEventPotentialGetRunOver) == 24': Invalid structure size of CEventPotentialGetRunOver
P: 64-bit layout (sizeof/offsetof static_assert)	source/game_sa/Events/EventPotentialWalkIntoFire.h	44	static assertion failed due to requirement 'sizeof(CEventPotentialWalkIntoFire) == 44': Invalid structure size of CEventPotentialWalkIntoFire
P: 64-bit layout (sizeof/offsetof static_assert)	source/game_sa/Events/EventPotentialWalkIntoObject.h	43	static assertion failed due to requirement 'sizeof(CEventPotentialWalkIntoObject) == 28': Invalid structure size of CEventPotentialWalkIntoObject
P: 64-bit layout (sizeof/offsetof static_assert)	source/game_sa/Events/EventPotentialWalkIntoPed.h	37	static assertion failed due to requirement 'sizeof(CEventPotentialWalkIntoPed) == 40': Invalid structure size of CEventPotentialWalkIntoPed
P: 64-bit layout (sizeof/offsetof static_assert)	source/game_sa/Events/EventPotentialWalkIntoVehicle.h	43	static assertion failed due to requirement 'sizeof(CEventPotentialWalkIntoVehicle) == 28': Invalid structure size of CEventPotentialWalkIntoVehicle
P: 64-bit layout (sizeof/offsetof static_assert)	source/game_sa/Events/EventRevived.h	20	static assertion failed due to requirement 'sizeof(CEventRevived) == 12': Invalid structure size of CEventRevived
P: 64-bit layout (sizeof/offsetof static_assert)	source/game_sa/Events/EventScanner.cpp	45	static assertion failed due to requirement '__builtin_offsetof(CPed, m_fHealth) == 1344'
P: 64-bit layout (sizeof/offsetof static_assert)	source/game_sa/Events/EventScanner.cpp	46	static assertion failed due to requirement '__builtin_offsetof(CVehicle, m_nVehicleType) == 1424'
P: 64-bit layout (sizeof/offsetof static_assert)	source/game_sa/Events/EventScanner.cpp	47	static assertion failed due to requirement '__builtin_offsetof(CTaskComplexKillPedOnFoot, m_target) == 16'
P: 64-bit layout (sizeof/offsetof static_assert)	source/game_sa/Events/EventScanner.cpp	48	static assertion failed due to requirement '__builtin_offsetof(CObject, objectFlags) == 320'
P: 64-bit layout (sizeof/offsetof static_assert)	source/game_sa/Events/EventScanner.cpp	49	static assertion failed due to requirement '__builtin_offsetof(CPedIntelligence, m_pedScanner) + __builtin_offsetof(CPedScanner, m_apEntities) == 304'
P: 64-bit layout (sizeof/offsetof static_assert)	source/game_sa/Events/EventScanner.cpp	50	static assertion failed due to requirement '__builtin_offsetof(CPed, m_nPedType) == 1432'
P: 64-bit layout (sizeof/offsetof static_assert)	source/game_sa/Events/EventScanner.h	115	static assertion failed due to requirement 'sizeof(CEventScanner) == 212': Invalid structure size of CEventScanner
P: 64-bit layout (sizeof/offsetof static_assert)	source/game_sa/Events/EventScriptCommand.h	36	static assertion failed due to requirement 'sizeof(CEventScriptCommand) == 24': Invalid structure size of CEventScriptCommand
P: 64-bit layout (sizeof/offsetof static_assert)	source/game_sa/Events/EventScriptedAttractor.h	21	static assertion failed due to requirement 'sizeof(CEventScriptedAttractor) == 32': Invalid structure size of CEventScriptedAttractor
P: 64-bit layout (sizeof/offsetof static_assert)	source/game_sa/Events/EventSeenCop.h	25	static assertion failed due to requirement 'sizeof(CEventSeenCop) == 24': Invalid structure size of CEventSeenCop
P: 64-bit layout (sizeof/offsetof static_assert)	source/game_sa/Events/EventSeenPanickedPed.h	26	static assertion failed due to requirement 'sizeof(CEventSeenPanickedPed) == 24': Invalid structure size of CEventSeenPanickedPed
P: 64-bit layout (sizeof/offsetof static_assert)	source/game_sa/Events/EventSexyPed.h	27	static assertion failed due to requirement 'sizeof(CEventSexyPed) == 24': Invalid structure size of CEventSexyPed
P: 64-bit layout (sizeof/offsetof static_assert)	source/game_sa/Events/EventSexyVehicle.h	22	static assertion failed due to requirement 'sizeof(CEventSexyVehicle) == 16': Invalid structure size of CEventSexyVehicle
P: 64-bit layout (sizeof/offsetof static_assert)	source/game_sa/Events/EventSpecial.h	18	static assertion failed due to requirement 'sizeof(CEventSpecial) == 20': Invalid structure size of CEventSpecial
P: 64-bit layout (sizeof/offsetof static_assert)	source/game_sa/Events/EventStuckInAir.h	32	static assertion failed due to requirement 'sizeof(CEventStuckInAir) == 16': Invalid structure size of CEventStuckInAir
P: 64-bit layout (sizeof/offsetof static_assert)	source/game_sa/Events/EventVehicleCollision.h	42	static assertion failed due to requirement 'sizeof(CEventVehicleCollision) == 52': Invalid structure size of CEventVehicleCollision
P: pointer/int width (cast/narrowing)	source/game_sa/Events/EventVehicleDamage.cpp	71	cast to smaller integer type 'unsigned int' from 'CPed *' [-Werror,-Wpointer-to-int-cast]
P: 64-bit layout (sizeof/offsetof static_assert)	source/game_sa/Events/EventVehicleDamage.h	33	static assertion failed due to requirement 'sizeof(CEventVehicleDamage) == 32': Invalid structure size of CEventVehicleDamage
P: 64-bit layout (sizeof/offsetof static_assert)	source/game_sa/Events/EventVehicleDamageWeapon.h	20	static assertion failed due to requirement 'sizeof(CEventVehicleDamageWeapon) == 32': Invalid structure size of CEventVehicleDamageWeapon
P: 64-bit layout (sizeof/offsetof static_assert)	source/game_sa/Events/EventVehicleDied.h	30	static assertion failed due to requirement 'sizeof(CEventVehicleDied) == 20': Invalid structure size of CEventVehicleDied
P: pointer/int width (cast/narrowing)	source/game_sa/Events/EventVehicleHitAndRun.cpp	41	cast to smaller integer type 'unsigned int' from 'CPed *' [-Werror,-Wpointer-to-int-cast]
P: pointer/int width (cast/narrowing)	source/game_sa/Events/EventVehicleHitAndRun.cpp	43	cast to smaller integer type 'unsigned int' from 'CPed *' [-Werror,-Wpointer-to-int-cast]
P: 64-bit layout (sizeof/offsetof static_assert)	source/game_sa/Events/EventVehicleHitAndRun.h	35	static assertion failed due to requirement 'sizeof(CEventVehicleHitAndRun) == 20': Invalid structure size of CEventVehicleHitAndRun
P: 64-bit layout (sizeof/offsetof static_assert)	source/game_sa/Events/EventVehicleOnFire.h	28	static assertion failed due to requirement 'sizeof(CEventVehicleOnFire) == 24': Invalid structure size of CEventVehicleOnFire
P: 64-bit layout (sizeof/offsetof static_assert)	source/game_sa/Events/EventVehicleThreat.h	21	static assertion failed due to requirement 'sizeof(CEventVehicleThreat) == 24': Invalid structure size of CEventVehicleThreat
P: 64-bit layout (sizeof/offsetof static_assert)	source/game_sa/Events/EventVehicleToSteal.h	31	static assertion failed due to requirement 'sizeof(CEventVehicleToSteal) == 16': Invalid structure size of CEventVehicleToSteal
C: libc++ / standard-library gap	source/game_sa/Events/GroupEventHandler.cpp	293	no member named 'enumerate' in namespace 'std::ranges::views'
P: 64-bit layout (sizeof/offsetof static_assert)	source/game_sa/Explosion.h	84	static assertion failed due to requirement 'sizeof(CExplosion) == 124': Invalid structure size of CExplosion
P: 64-bit layout (sizeof/offsetof static_assert)	source/game_sa/FallingGlassPane.h	32	static assertion failed due to requirement 'sizeof(CFallingGlassPane) == 112': Invalid structure size of CFallingGlassPane
W/C: MSVC CRT name	source/game_sa/FileLoader.cpp	133	use of undeclared identifier 'sscanf_s'
W/C: MSVC CRT name	source/game_sa/FileLoader.cpp	275	use of undeclared identifier 'sscanf_s'
W/C: MSVC CRT name	source/game_sa/FileLoader.cpp	278	use of undeclared identifier 'sscanf_s'
W/C: MSVC CRT name	source/game_sa/FileLoader.cpp	313	use of undeclared identifier 'sscanf_s'
W/C: MSVC CRT name	source/game_sa/FileLoader.cpp	458	use of undeclared identifier 'sscanf_s'
W/C: MSVC CRT name	source/game_sa/FileLoader.cpp	931	use of undeclared identifier 'sscanf_s'
W/C: MSVC CRT name	source/game_sa/FileLoader.cpp	936	use of undeclared identifier 'sscanf_s'
W/C: MSVC CRT name	source/game_sa/FileLoader.cpp	943	use of undeclared identifier 'sscanf_s'
W/C: MSVC CRT name	source/game_sa/FileLoader.cpp	946	use of undeclared identifier 'sscanf_s'
W/C: MSVC CRT name	source/game_sa/FileLoader.cpp	949	use of undeclared identifier 'sscanf_s'
W/C: MSVC CRT name	source/game_sa/FileLoader.cpp	971	use of undeclared identifier 'sscanf_s'
W/C: MSVC CRT name	source/game_sa/FileLoader.cpp	987	use of undeclared identifier 'sscanf_s'
W/C: MSVC CRT name	source/game_sa/FileLoader.cpp	1004	use of undeclared identifier 'sscanf_s'
W/C: MSVC CRT name	source/game_sa/FileLoader.cpp	1034	use of undeclared identifier 'sscanf_s'
W/C: MSVC CRT name	source/game_sa/FileLoader.cpp	1042	use of undeclared identifier 'sscanf_s'
W/C: MSVC CRT name	source/game_sa/FileLoader.cpp	1073	use of undeclared identifier 'sscanf_s'
W/C: MSVC CRT name	source/game_sa/FileLoader.cpp	1119	use of undeclared identifier 'sscanf_s'
W/C: MSVC CRT name	source/game_sa/FileLoader.cpp	1147	use of undeclared identifier 'sscanf_s'
W/C: MSVC CRT name	source/game_sa/FileLoader.cpp	1167	use of undeclared identifier 'sscanf_s'
W/C: MSVC CRT name	source/game_sa/FileLoader.cpp	1174	use of undeclared identifier 'sscanf_s'
W/C: MSVC CRT name	source/game_sa/FileLoader.cpp	1182	use of undeclared identifier 'sscanf_s'
W/C: MSVC CRT name	source/game_sa/FileLoader.cpp	1290	use of undeclared identifier 'sscanf_s'
W/C: MSVC CRT name	source/game_sa/FileLoader.cpp	1314	use of undeclared identifier 'sscanf_s'
W/C: MSVC CRT name	source/game_sa/FileLoader.cpp	1343	use of undeclared identifier 'sscanf_s'
W/C: MSVC CRT name	source/game_sa/FileLoader.cpp	1374	use of undeclared identifier 'sscanf_s'
W/C: MSVC CRT name	source/game_sa/FileLoader.cpp	1461	use of undeclared identifier 'sscanf_s'
W/C: MSVC CRT name	source/game_sa/FileLoader.cpp	1507	use of undeclared identifier 'strcpy_s'; did you mean 'strcpy'?
W/C: MSVC CRT name	source/game_sa/FileLoader.cpp	1618	use of undeclared identifier 'sscanf_s'
other: conversion/overload	source/game_sa/FileLoader.cpp	1631	cannot initialize a parameter of type 'locale_t' (aka '_xlocale *') with an lvalue of type 'const char[10]'
W/C: MSVC CRT name	source/game_sa/FileLoader.cpp	1631	use of undeclared identifier 'sscanf_s'; did you mean 'vsscanf_l'?
W/C: MSVC CRT name	source/game_sa/FileLoader.cpp	1654	use of undeclared identifier 'sscanf_s'
W/C: MSVC CRT name	source/game_sa/FileLoader.cpp	1709	use of undeclared identifier 'sscanf_s'
W/C: MSVC CRT name	source/game_sa/FileLoader.cpp	1870	use of undeclared identifier 'sscanf_s'
W/C: MSVC CRT name	source/game_sa/FileLoader.cpp	1900	use of undeclared identifier 'sscanf_s'
W/C: MSVC CRT name	source/game_sa/FileLoader.cpp	1918	use of undeclared identifier 'sscanf_s'
W/C: MSVC CRT name	source/game_sa/FileLoader.cpp	1952	use of undeclared identifier 'sscanf_s'
W/C: MSVC CRT name	source/game_sa/FileLoader.cpp	1957	use of undeclared identifier 'sscanf_s'
W/C: MSVC CRT name	source/game_sa/FileLoader.cpp	1962	use of undeclared identifier 'sscanf_s'
W/C: MSVC CRT name	source/game_sa/FileLoader.cpp	1965	use of undeclared identifier 'sscanf_s'
W/C: MSVC CRT name	source/game_sa/FileLoader.cpp	1968	use of undeclared identifier 'sscanf_s'
W/C: MSVC CRT name	source/game_sa/FileLoader.cpp	2008	use of undeclared identifier 'sscanf_s'
W/C: MSVC CRT name	source/game_sa/FileLoader.cpp	2127	use of undeclared identifier 'sscanf_s'
W/C: MSVC CRT name	source/game_sa/FileLoader.cpp	2145	use of undeclared identifier 'sscanf_s'
other: conversion/overload	source/game_sa/FileLoader.cpp	2534	cannot initialize a parameter of type 'locale_t' (aka '_xlocale *') with an lvalue of type 'const char[10]'
W/C: MSVC CRT name	source/game_sa/FileLoader.cpp	2534	use of undeclared identifier 'sscanf_s'; did you mean 'vsscanf_l'?
other: conversion/overload	source/game_sa/FileLoader.cpp	2658	cannot initialize a parameter of type 'locale_t' (aka '_xlocale *') with an lvalue of type 'const char[11]'
W/C: MSVC CRT name	source/game_sa/FileLoader.cpp	2658	use of undeclared identifier 'sprintf_s'; did you mean 'sprintf_l'?
W: Win32 API / type	source/game_sa/FileMgr.cpp	24	use of undeclared identifier 'GENERIC_READ'
W: Win32 API / type	source/game_sa/FileMgr.cpp	25	use of undeclared identifier 'FILE_SHARE_READ'
W: Win32 API / type	source/game_sa/FileMgr.cpp	27	use of undeclared identifier 'OPEN_EXISTING'
W: Win32 API / type	source/game_sa/FileMgr.cpp	28	use of undeclared identifier 'FILE_ATTRIBUTE_NORMAL'
W: Win32 API / type	source/game_sa/FileMgr.cpp	28	use of undeclared identifier 'FILE_FLAG_BACKUP_SEMANTICS'
W: Win32 API / type	source/game_sa/FileMgr.cpp	31	use of undeclared identifier 'INVALID_HANDLE_VALUE'
W/R: DirectX	source/game_sa/FileMgr.cpp	32	use of undeclared identifier 'CreateDirectoryW'
W: Win32 API / type	source/game_sa/FileMgr.cpp	34	use of undeclared identifier 'CloseHandle'
other: undeclared/unknown identifier	source/game_sa/FileMgr.cpp	52	use of undeclared identifier 'wcscpy_s'
other: undeclared/unknown identifier	source/game_sa/FileMgr.cpp	54	use of undeclared identifier 'CSIDL_PERSONAL'
other: undeclared/unknown identifier	source/game_sa/FileMgr.cpp	54	use of undeclared identifier 'SHGFP_TYPE_CURRENT'
W/C: MSVC CRT name	source/game_sa/FileMgr.cpp	55	use of undeclared identifier 'strcpy_s'
other: undeclared/unknown identifier	source/game_sa/FileMgr.cpp	62	use of undeclared identifier 'wcscpy_s'
other: undeclared/unknown identifier	source/game_sa/FileMgr.cpp	64	use of undeclared identifier 'wcscat_s'
other: undeclared/unknown identifier	source/game_sa/FileMgr.cpp	70	use of undeclared identifier 'wcscpy_s'
other: undeclared/unknown identifier	source/game_sa/FileMgr.cpp	71	use of undeclared identifier 'wcscpy_s'
other: undeclared/unknown identifier	source/game_sa/FileMgr.cpp	75	use of undeclared identifier 'wcscpy_s'
other: undeclared/unknown identifier	source/game_sa/FileMgr.cpp	77	use of undeclared identifier 'wcscat_s'
other: undeclared/unknown identifier	source/game_sa/FileMgr.cpp	82	use of undeclared identifier 'wcscpy_s'
other: undeclared/unknown identifier	source/game_sa/FileMgr.cpp	84	use of undeclared identifier 'wcscat_s'
W/C: MSVC CRT name	source/game_sa/FileMgr.cpp	89	use of undeclared identifier 'strcpy_s'; did you mean 'strcpy'?
W/C: MSVC CRT name	source/game_sa/FileMgr.cpp	91	use of undeclared identifier 'strcpy_s'; did you mean 'strcpy'?
W/C: MSVC CRT name	source/game_sa/FileMgr.cpp	95	use of undeclared identifier 'strcpy_s'; did you mean 'strcpy'?
W/C: MSVC CRT name	source/game_sa/FileMgr.cpp	97	use of undeclared identifier 'strcpy_s'; did you mean 'strcpy'?
W/C: MSVC CRT name	source/game_sa/FileMgr.cpp	101	use of undeclared identifier 'strcpy_s'; did you mean 'strcpy'?
W/C: MSVC CRT name	source/game_sa/FileMgr.cpp	103	use of undeclared identifier 'strcpy_s'; did you mean 'strcpy'?
other: undeclared/unknown identifier	source/game_sa/FileMgr.cpp	113	use of undeclared identifier 'CP_UTF8'
other: undeclared/unknown identifier	source/game_sa/FileMgr.cpp	117	use of undeclared identifier '_wgetcwd'
W/C: MSVC CRT name	source/game_sa/FileMgr.cpp	121	use of undeclared identifier '_getcwd'
W/C: MSVC CRT name	source/game_sa/FileMgr.cpp	126	use of undeclared identifier '_getcwd'
W/C: MSVC CRT name	source/game_sa/FileMgr.cpp	128	use of undeclared identifier 'strcpy_s'
W/C: MSVC CRT name	source/game_sa/FileMgr.cpp	132	use of undeclared identifier '_getcwd'
W/C: MSVC CRT name	source/game_sa/FileMgr.cpp	155	use of undeclared identifier 'strcat_s'; did you mean 'strcat'?
other: undeclared/unknown identifier	source/game_sa/FileMgr.cpp	163	use of undeclared identifier 'CP_UTF8'
other: undeclared/unknown identifier	source/game_sa/FileMgr.cpp	166	use of undeclared identifier '_wchdir'
W/C: MSVC CRT name	source/game_sa/FileMgr.cpp	169	use of undeclared identifier '_chdir'
W/C: MSVC CRT name	source/game_sa/FileMgr.cpp	188	use of undeclared identifier 'strcat_s'
other: undeclared/unknown identifier	source/game_sa/FileMgr.cpp	196	use of undeclared identifier 'CP_UTF8'
other: undeclared/unknown identifier	source/game_sa/FileMgr.cpp	199	use of undeclared identifier '_wchdir'
W/C: MSVC CRT name	source/game_sa/FileMgr.cpp	202	use of undeclared identifier '_chdir'
W/C: MSVC CRT name	source/game_sa/FileMgr.cpp	217	use of undeclared identifier 'strcpy_s'; did you mean 'strcpy'?
other: undeclared/unknown identifier	source/game_sa/FileMgr.cpp	220	use of undeclared identifier 'CP_UTF8'
other: undeclared/unknown identifier	source/game_sa/FileMgr.cpp	223	use of undeclared identifier '_wchdir'
W/C: MSVC CRT name	source/game_sa/FileMgr.cpp	226	use of undeclared identifier '_chdir'
other: undeclared/unknown identifier	source/game_sa/FileMgr.cpp	252	use of undeclared identifier 'CP_UTF8'
W/C: MSVC CRT name	source/game_sa/FileMgr.cpp	253	use of undeclared identifier 'fopen_s'
other: undeclared/unknown identifier	source/game_sa/FileMgr.cpp	259	use of undeclared identifier '_wfopen_s'
P: 64-bit layout (sizeof/offsetof static_assert)	source/game_sa/Fire.h	81	static assertion failed due to requirement 'sizeof(CFire) == 40': Invalid structure size of CFire
P: pointer/int width (cast/narrowing)	source/game_sa/FireManager.cpp	455	cast to smaller integer type 'unsigned int' from 'CFire *' [-Werror,-Wpointer-to-int-cast]
P: pointer/int width (cast/narrowing)	source/game_sa/FireManager.cpp	484	cast to smaller integer type 'unsigned int' from 'CFire *' [-Werror,-Wpointer-to-int-cast]
P: 64-bit layout (sizeof/offsetof static_assert)	source/game_sa/FireManager.h	79	static assertion failed due to requirement 'sizeof(CFireManager) == 2404': Invalid structure size of CFireManager
other: conversion/overload	source/game_sa/Font.cpp	81	cannot initialize a parameter of type 'locale_t' (aka '_xlocale *') with an lvalue of type 'const char[3]'
W/C: MSVC CRT name	source/game_sa/Font.cpp	81	use of undeclared identifier 'sscanf_s'; did you mean 'vsscanf_l'?
other: conversion/overload	source/game_sa/Font.cpp	87	cannot initialize a parameter of type 'locale_t' (aka '_xlocale *') with an lvalue of type 'const char[3]'
W/C: MSVC CRT name	source/game_sa/Font.cpp	87	use of undeclared identifier 'sscanf_s'; did you mean 'sscanf_l'?
other: conversion/overload	source/game_sa/Font.cpp	92	cannot initialize a parameter of type 'locale_t' (aka '_xlocale *') with an lvalue of type 'const char[3]'
W/C: MSVC CRT name	source/game_sa/Font.cpp	92	use of undeclared identifier 'sscanf_s'; did you mean 'sscanf_l'?
other: conversion/overload	source/game_sa/Font.cpp	98	cannot initialize a parameter of type 'locale_t' (aka '_xlocale *') with an lvalue of type 'const char[5]'
W/C: MSVC CRT name	source/game_sa/Font.cpp	98	use of undeclared identifier 'sscanf_s'; did you mean 'sscanf_l'?
W/C: MSVC CRT name	source/game_sa/Font.cpp	106	use of undeclared identifier 'sscanf_s'
other: conversion/overload	source/game_sa/Font.cpp	120	cannot initialize a parameter of type 'locale_t' (aka '_xlocale *') with an lvalue of type 'const char[3]'
W/C: MSVC CRT name	source/game_sa/Font.cpp	120	use of undeclared identifier 'sscanf_s'; did you mean 'sscanf_l'?
other: undeclared/unknown identifier	source/game_sa/Font.cpp	824	use of undeclared identifier 'strncpy_s'
other: conversion/overload	source/game_sa/Font.cpp	943	cannot initialize a parameter of type 'locale_t' (aka '_xlocale *') with an lvalue of type 'const char[5]'
W/C: MSVC CRT name	source/game_sa/Font.cpp	943	use of undeclared identifier 'sprintf_s'; did you mean 'sprintf_l'?
C: libc++ / standard-library gap	source/game_sa/Formation.cpp	65	no member named 'enumerate' in namespace 'std::ranges::views'
C: syntax / extension	source/game_sa/Formation.cpp	66	expected ']'
C: libc++ / standard-library gap	source/game_sa/Formation.cpp	73	no member named 'enumerate' in namespace 'std::ranges::views'
C: libc++ / standard-library gap	source/game_sa/Formation.cpp	151	no member named 'enumerate' in namespace 'std::ranges::views'
C: libc++ / standard-library gap	source/game_sa/Formation.cpp	201	no member named 'enumerate' in namespace 'std::ranges::views'
C: libc++ / standard-library gap	source/game_sa/Formation.cpp	222	no member named 'enumerate' in namespace 'std::ranges::views'
C: libc++ / standard-library gap	source/game_sa/Formation.cpp	227	no member named 'enumerate' in namespace 'std::ranges::views'
C: libc++ / standard-library gap	source/game_sa/Formation.cpp	274	no member named 'enumerate' in namespace 'std::ranges::views'
C: libc++ / standard-library gap	source/game_sa/Formation.cpp	281	no member named 'enumerate' in namespace 'std::ranges::views'
other: conversion/overload	source/game_sa/Frontend/MenuManager_Input.cpp	1156	cannot initialize a parameter of type 'locale_t' (aka '_xlocale *') with an lvalue of type 'const char[24]'
W/C: MSVC CRT name	source/game_sa/Frontend/MenuManager_Input.cpp	1156	use of undeclared identifier 'sprintf_s'; did you mean 'sprintf_l'?
other: conversion/overload	source/game_sa/Frontend/MenuManager_Input.cpp	1158	cannot initialize a parameter of type 'locale_t' (aka '_xlocale *') with an lvalue of type 'const char[25]'
W/C: MSVC CRT name	source/game_sa/Frontend/MenuManager_Input.cpp	1158	use of undeclared identifier 'sprintf_s'; did you mean 'sprintf_l'?
other: conversion/overload	source/game_sa/Frontend/MenuManager_Process.cpp	141	cannot initialize a parameter of type 'locale_t' (aka '_xlocale *') with an lvalue of type 'const char[24]'
W/C: MSVC CRT name	source/game_sa/Frontend/MenuManager_Process.cpp	141	use of undeclared identifier 'sprintf_s'; did you mean 'sprintf_l'?
other: conversion/overload	source/game_sa/Frontend/MenuManager_Process.cpp	612	cannot initialize a parameter of type 'locale_t' (aka '_xlocale *') with an lvalue of type 'const char[26]'
W/C: MSVC CRT name	source/game_sa/Frontend/MenuManager_Process.cpp	612	use of undeclared identifier 'sprintf_s'; did you mean 'sprintf_l'?
W/C: MSVC CRT name	source/game_sa/Frontend/MenuManager_Process.cpp	622	use of undeclared identifier 'fscanf_s'
other: undeclared/unknown identifier	source/game_sa/Frontend/MenuManager_Process.cpp	636	use of undeclared identifier 'strncpy_s'; did you mean 'strncpy'?
other: undeclared/unknown identifier	source/game_sa/Frontend/MenuManager_Process.cpp	640	use of undeclared identifier 'strncpy_s'; did you mean 'strncpy'?
P: 64-bit layout (sizeof/offsetof static_assert)	source/game_sa/Fx/Blueprints/FxInfo.h	24	static assertion failed due to requirement 'sizeof(FxInfo_c) == 8': Invalid structure size of FxInfo_c
P: 64-bit layout (sizeof/offsetof static_assert)	source/game_sa/Fx/Fx.h	114	static assertion failed due to requirement 'sizeof(Fx_c) == 112': Invalid structure size of Fx_c
P: 64-bit layout (sizeof/offsetof static_assert)	source/game_sa/Fx/FxEmitter.h	25	static assertion failed due to requirement 'sizeof(FxEmitter_c) == 20': Invalid structure size of FxEmitter_c
P: 64-bit layout (sizeof/offsetof static_assert)	source/game_sa/Fx/FxEmitterBP.h	31	static assertion failed due to requirement 'sizeof(FxEmitterBP_c) == 64': Invalid structure size of FxEmitterBP_c
P: 64-bit layout (sizeof/offsetof static_assert)	source/game_sa/Fx/FxEmitterPrt.h	42	static assertion failed due to requirement 'sizeof(FxEmitterPrt_c) == 60': Invalid structure size of FxEmitterPrt_c
P: 64-bit layout (sizeof/offsetof static_assert)	source/game_sa/Fx/FxEmitterPrt.h	43	static assertion failed due to requirement '__builtin_offsetof(FxEmitterPrt_c, m_MultColor) == 44': The offset of m_MultColor in FxEmitterPrt_c is not 0x2C...
P: 64-bit layout (sizeof/offsetof static_assert)	source/game_sa/Fx/FxEmitterPrt.h	44	static assertion failed due to requirement '__builtin_offsetof(FxEmitterPrt_c, m_bLocalToSystem) == 55': The offset of m_bLocalToSystem in FxEmitterPrt_c is not 0x37...
P: 64-bit layout (sizeof/offsetof static_assert)	source/game_sa/Fx/FxEmitterPrt.h	45	static assertion failed due to requirement '__builtin_offsetof(FxEmitterPrt_c, m_CurrentRotation) == 56': The offset of m_CurrentRotation in FxEmitterPrt_c is not 0x38...
P: 64-bit layout (sizeof/offsetof static_assert)	source/game_sa/Fx/FxInfoManager.h	50	static assertion failed due to requirement 'sizeof(FxInfoManager_c) == 20': Invalid structure size of FxInfoManager_c
P: 64-bit layout (sizeof/offsetof static_assert)	source/game_sa/Fx/FxManager.h	86	static assertion failed due to requirement 'sizeof(FxManager_c) == 188': Invalid structure size of FxManager_c
P: 64-bit layout (sizeof/offsetof static_assert)	source/game_sa/Fx/FxMemoryPool.h	31	static assertion failed due to requirement 'sizeof(FxMemoryPool_c) == 12': Invalid structure size of FxMemoryPool_c
P: 64-bit layout (sizeof/offsetof static_assert)	source/game_sa/Fx/FxPrimBP.h	77	static assertion failed due to requirement 'sizeof(FxPrimBP_c) == 64': Invalid structure size of FxPrimBP_c
P: 64-bit (size_t in operator new/delete)	source/game_sa/Fx/FxSphere.h	13	'operator new' takes type size_t ('unsigned long') as 1st parameter
P: 64-bit (size_t in operator new/delete)	source/game_sa/Fx/FxSystemBP.h	37	'operator new' takes type size_t ('unsigned long') as 1st parameter
P: 64-bit layout (sizeof/offsetof static_assert)	source/game_sa/Fx/FxSystemBP.h	54	static assertion failed due to requirement 'sizeof(FxSystemBP_c) == 36': Invalid structure size of FxSystemBP_c
P: 64-bit layout (sizeof/offsetof static_assert)	source/game_sa/Fx/Particle.h	19	static assertion failed due to requirement 'sizeof(Particle_c) == 44': Invalid structure size of Particle_c
other: undeclared/unknown identifier	source/game_sa/Game.cpp	144	use of undeclared identifier 'strncpy_s'; did you mean 'strncpy'?
W/C: MSVC CRT name	source/game_sa/Game.cpp	342	use of undeclared identifier 'strcpy_s'; did you mean 'strcpy'?
C: libc++ / standard-library gap	source/game_sa/GameLogic.cpp	210	no member named 'enumerate' in namespace 'std::ranges::views'
C: syntax / extension	source/game_sa/Gamma.cpp	20	expected expression
W/R: DirectX	source/game_sa/Gamma.cpp	20	use of undeclared identifier 'D3DCAPS9'
C: syntax / extension	source/game_sa/Gamma.cpp	21	expected expression
W/R: DirectX	source/game_sa/Gamma.cpp	21	use of undeclared identifier 'IDirect3DDevice9'
W/R: DirectX	source/game_sa/Gamma.cpp	22	unknown type name 'D3DCAPS9'
W/R: DirectX	source/game_sa/Gamma.cpp	25	use of undeclared identifier 'D3DDTCAPS_DEC3N'
W/R: DirectX	source/game_sa/Gamma.cpp	26	use of undeclared identifier 'D3DDTCAPS_DEC3N'
W/R: DirectX	source/game_sa/Gamma.cpp	29	use of undeclared identifier 'D3DCAPS2_CANCALIBRATEGAMMA'
W/R: DirectX	source/game_sa/Gamma.cpp	29	use of undeclared identifier 'D3DCAPS2_FULLSCREENGAMMA'
C: syntax / extension	source/game_sa/Gamma.cpp	46	expected expression
W/R: DirectX	source/game_sa/Gamma.cpp	46	use of undeclared identifier 'IDirect3DDevice9'
W/R: DirectX	source/game_sa/Gamma.cpp	62	use of undeclared identifier 'D3DSGR_CALIBRATE'
other	source/game_sa/Gamma.h	5	declaration of variable 'ms_SavedGamma' with deduced type 'auto &' requires an initializer
W/R: DirectX	source/game_sa/Gamma.h	5	use of undeclared identifier 'D3DGAMMARAMP'
other	source/game_sa/Gamma.h	6	declaration of variable 'ms_GammaTable' with deduced type 'auto &' requires an initializer
W/R: DirectX	source/game_sa/Gamma.h	6	use of undeclared identifier 'D3DGAMMARAMP'
P: integer width / mixed-type overload	source/game_sa/GangInfo.h	25	no matching function for call to 'max'
other: conversion/overload	source/game_sa/GangWars.cpp	196	no matching member function for call to 'GetAllValid'
other: conversion/overload	source/game_sa/GangWars.cpp	333	no matching function for call to 'operator new'
other: conversion/overload	source/game_sa/GangWars.cpp	476	no matching function for call to 'operator new'
other	source/game_sa/GangWars.cpp	756	cannot use type 'void' as a range
C: libc++ / standard-library gap	source/game_sa/GangWars.cpp	1232	no member named 'enumerate' in namespace 'std::ranges::views'
W/C: MSVC CRT name	source/game_sa/Garage.cpp	1791	use of undeclared identifier 'strcpy_s'; did you mean 'strcpy'?
W/C: MSVC CRT name	source/game_sa/Garage.cpp	1813	use of undeclared identifier 'strcpy_s'; did you mean 'strcpy'?
other: conversion/overload	source/game_sa/Garage.cpp	1898	no matching function for call to 'operator new'
other: conversion/overload	source/game_sa/Garage.cpp	1899	no matching function for call to 'operator new'
other: conversion/overload	source/game_sa/Garage.cpp	1900	no matching function for call to 'operator new'
other: conversion/overload	source/game_sa/Garage.cpp	1901	no matching function for call to 'operator new'
other: conversion/overload	source/game_sa/Garage.cpp	1902	no matching function for call to 'operator new'
other: conversion/overload	source/game_sa/Garage.cpp	1904	no matching function for call to 'operator new'
other: conversion/overload	source/game_sa/Garage.cpp	1908	no matching function for call to 'operator new'
other: conversion/overload	source/game_sa/Garage.cpp	1911	no matching function for call to 'operator new'
other: conversion/overload	source/game_sa/Garage.cpp	1912	no matching function for call to 'operator new'
P: 64-bit layout (sizeof/offsetof static_assert)	source/game_sa/Garage.h	185	static assertion failed due to requirement 'sizeof(CGarage) == 216': Invalid structure size of CGarage
W/C: MSVC CRT name	source/game_sa/Garages.cpp	322	use of undeclared identifier '_stricmp'; did you mean 'strcmp'?
W/C: MSVC CRT name	source/game_sa/Garages.cpp	441	use of undeclared identifier 'strcpy_s'; did you mean 'strcpy'?
W/C: MSVC CRT name	source/game_sa/Garages.cpp	520	use of undeclared identifier '_stricmp'; did you mean 'strcmp'?
other static_assert	source/game_sa/General.cpp	199	static assertion failed due to requirement '2147483647 == 32767': PC-generated random numbers should not exceed 32767
other: conversion/overload	source/game_sa/GenericGameStorage.cpp	103	cannot initialize a parameter of type 'locale_t' (aka '_xlocale *') with an rvalue of type 'const char *'
W/C: MSVC CRT name	source/game_sa/GenericGameStorage.cpp	103	use of undeclared identifier 'sprintf_s'; did you mean 'sprintf_l'?
other: undeclared/unknown identifier	source/game_sa/GenericGameStorage.cpp	578	use of undeclared identifier 'strncpy_s'; did you mean 'strncpy'?
other: undeclared/unknown identifier	source/game_sa/GenericGameStorage.cpp	743	use of undeclared identifier 'strncpy_s'; did you mean 'strncpy'?
W/C: MSVC CRT name	source/game_sa/GenericGameStorage.cpp	752	use of undeclared identifier 'sprintf_s'
W/C: MSVC CRT name	source/game_sa/GenericGameStorage.cpp	761	use of undeclared identifier 'sprintf_s'
W/C: MSVC CRT name	source/game_sa/GenericGameStorage.cpp	768	use of undeclared identifier 'strcat_s'; did you mean 'strcat'?
W/C: MSVC CRT name	source/game_sa/GridRef.cpp	30	use of undeclared identifier 'sscanf_s'
other: undeclared/unknown identifier	source/game_sa/GridRef.cpp	31	use of undeclared identifier '_strlwr_s'
W/C: MSVC CRT name	source/game_sa/GridRef.cpp	35	use of undeclared identifier 'strcpy_s'; did you mean 'strcpy'?
P: 64-bit layout (sizeof/offsetof static_assert)	source/game_sa/HandShaker.h	28	static assertion failed due to requirement 'sizeof(CHandShaker) == 148': Invalid structure size of CHandShaker
W/C: MSVC CRT name	source/game_sa/Hud.cpp	303	use of undeclared identifier 'sprintf_s'
other: conversion/overload	source/game_sa/Hud.cpp	1054	cannot initialize a parameter of type 'locale_t' (aka '_xlocale *') with an lvalue of type 'const char[9]'
W/C: MSVC CRT name	source/game_sa/Hud.cpp	1054	use of undeclared identifier 'sprintf_s'; did you mean 'sprintf_l'?
other: conversion/overload	source/game_sa/Hud.cpp	1056	cannot initialize a parameter of type 'locale_t' (aka '_xlocale *') with an lvalue of type 'const char[8]'
W/C: MSVC CRT name	source/game_sa/Hud.cpp	1056	use of undeclared identifier 'sprintf_s'; did you mean 'sprintf_l'?
other: conversion/overload	source/game_sa/Hud.cpp	1058	cannot initialize a parameter of type 'locale_t' (aka '_xlocale *') with an lvalue of type 'const char[7]'
W/C: MSVC CRT name	source/game_sa/Hud.cpp	1058	use of undeclared identifier 'sprintf_s'; did you mean 'sprintf_l'?
other: conversion/overload	source/game_sa/Hud.cpp	1944	cannot initialize a parameter of type 'locale_t' (aka '_xlocale *') with an lvalue of type 'const char[7]'
W/C: MSVC CRT name	source/game_sa/Hud.cpp	1944	use of undeclared identifier 'sprintf_s'; did you mean 'sprintf_l'?
other: conversion/overload	source/game_sa/Hud.cpp	1999	cannot initialize a parameter of type 'locale_t' (aka '_xlocale *') with an lvalue of type 'const char[3]'
W/C: MSVC CRT name	source/game_sa/Hud.cpp	1999	use of undeclared identifier 'sprintf_s'; did you mean 'sprintf_l'?
W/C: MSVC CRT name	source/game_sa/Hud.cpp	2010	use of undeclared identifier 'sprintf_s'
W/C: MSVC CRT name	source/game_sa/Hud.cpp	2211	use of undeclared identifier 'sprintf_s'
other: conversion/overload	source/game_sa/Hud.cpp	2228	cannot initialize a parameter of type 'locale_t' (aka '_xlocale *') with an lvalue of type 'const char[7]'
W/C: MSVC CRT name	source/game_sa/Hud.cpp	2228	use of undeclared identifier 'sprintf_s'; did you mean 'sprintf_l'?
other: conversion/overload	source/game_sa/Hud.cpp	2231	cannot initialize a parameter of type 'locale_t' (aka '_xlocale *') with an lvalue of type 'const char[6]'
W/C: MSVC CRT name	source/game_sa/Hud.cpp	2231	use of undeclared identifier 'sprintf_s'; did you mean 'sprintf_l'?
P: 64-bit layout (sizeof/offsetof static_assert)	source/game_sa/IdleCam.h	84	static assertion failed due to requirement 'sizeof(CIdleCam) == 156': Invalid structure size of CIdleCam
P: 64-bit layout (sizeof/offsetof static_assert)	source/game_sa/InformFriendsEventQueue.h	11	static assertion failed due to requirement 'sizeof(CInformFriendsEvent) == 12': Invalid structure size of CInformFriendsEvent
P: 64-bit layout (sizeof/offsetof static_assert)	source/game_sa/InformGroupEvent.h	36	static assertion failed due to requirement 'sizeof(CInformGroupEvent) == 16': Invalid structure size of CInformGroupEvent
other: conversion/overload	source/game_sa/IniFile.cpp	21	cannot initialize a parameter of type 'locale_t' (aka '_xlocale *') with an lvalue of type 'const char[3]'
W/C: MSVC CRT name	source/game_sa/IniFile.cpp	21	use of undeclared identifier 'sscanf_s'; did you mean 'sscanf_l'?
other: conversion/overload	source/game_sa/IniFile.cpp	30	cannot initialize a parameter of type 'locale_t' (aka '_xlocale *') with an lvalue of type 'const char[3]'
W/C: MSVC CRT name	source/game_sa/IniFile.cpp	30	use of undeclared identifier 'sscanf_s'; did you mean 'sscanf_l'?
P: 64-bit layout (sizeof/offsetof static_assert)	source/game_sa/Interior/FurnitureGroup_c.h	28	static assertion failed due to requirement 'sizeof(FurnitureGroup_c) == 12': Invalid structure size of FurnitureGroup_c
other: conversion/overload	source/game_sa/Interior/FurnitureManager_c.cpp	69	cannot initialize a parameter of type 'locale_t' (aka '_xlocale *') with an lvalue of type 'const char[3]'
W/C: MSVC CRT name	source/game_sa/Interior/FurnitureManager_c.cpp	69	use of undeclared identifier 'sscanf_s'; did you mean 'vsscanf_l'?
W/C: MSVC CRT name	source/game_sa/Interior/FurnitureManager_c.cpp	81	use of undeclared identifier 'sscanf_s'
W/C: MSVC CRT name	source/game_sa/Interior/FurnitureManager_c.cpp	89	use of undeclared identifier 'sscanf_s'
P: 64-bit layout (sizeof/offsetof static_assert)	source/game_sa/Interior/FurnitureManager_c.h	39	static assertion failed due to requirement 'sizeof(FurnitureManager_c) == 8312': Invalid structure size of FurnitureManager_c
P: 64-bit layout (sizeof/offsetof static_assert)	source/game_sa/Interior/FurnitureSubGroup_c.h	28	static assertion failed due to requirement 'sizeof(FurnitureSubGroup_c) == 28': Invalid structure size of FurnitureSubGroup_c
P: 64-bit layout (sizeof/offsetof static_assert)	source/game_sa/Interior/Furniture_c.h	24	static assertion failed due to requirement 'sizeof(Furniture_c) == 20': Invalid structure size of Furniture_c
P: 64-bit layout (sizeof/offsetof static_assert)	source/game_sa/Interior/InteriorEffectInfo_t.h	18	static assertion failed due to requirement 'sizeof(InteriorEffectInfo_t) == 80': Invalid structure size of InteriorEffectInfo_t
P: 64-bit layout (sizeof/offsetof static_assert)	source/game_sa/Interior/InteriorGroup_c.h	80	static assertion failed due to requirement 'sizeof(InteriorGroup_c) == 188': Invalid structure size of InteriorGroup_c
P: 64-bit layout (sizeof/offsetof static_assert)	source/game_sa/Interior/InteriorInfo_t.h	29	static assertion failed due to requirement 'sizeof(InteriorInfo_t) == 32': Invalid structure size of InteriorInfo_t
C: libc++ / standard-library gap	source/game_sa/Interior/InteriorManager_c.cpp	43	no member named 'enumerate' in namespace 'std::ranges::views'
C: libc++ / standard-library gap	source/game_sa/Interior/InteriorManager_c.cpp	365	no member named 'enumerate' in namespace 'std::ranges::views'
C: libc++ / standard-library gap	source/game_sa/Interior/InteriorManager_c.cpp	375	no member named 'enumerate' in namespace 'std::ranges::views'
P: 64-bit layout (sizeof/offsetof static_assert)	source/game_sa/Interior/InteriorManager_c.h	85	static assertion failed due to requirement 'sizeof(InteriorManager_c) == 18264': Invalid structure size of InteriorManager_c
P: 64-bit layout (sizeof/offsetof static_assert)	source/game_sa/Interior/Interior_c.h	126	static assertion failed due to requirement 'sizeof(Interior_c) == 1940': Invalid structure size of Interior_c
W/C: MSVC CRT name	source/game_sa/IplDef.h	32	use of undeclared identifier 'strcpy_s'; did you mean 'strcpy'?
other	source/game_sa/IplStore.cpp	45	cannot use type 'void' as a range
other	source/game_sa/IplStore.cpp	652	cannot use type 'void' as a range
other: undeclared/unknown identifier	source/game_sa/IplStore.cpp	747	use of undeclared identifier 'memcpy_s'
W/C: MSVC CRT name	source/game_sa/IplStore.cpp	761	use of undeclared identifier 'strcat_s'; did you mean 'strcat'?
other	source/game_sa/IplStore.cpp	767	cannot use type 'void' as a range
other	source/game_sa/IplStore.cpp	778	cannot use type 'void' as a range
other: conversion/overload	source/game_sa/LoadMonitor.cpp	89	no matching function for call to 'shift_right'
C: libc++ / standard-library gap	source/game_sa/LoadMonitor.cpp	89	no member named 'shift_right' in namespace 'std::ranges'; did you mean 'std::shift_right'?
W: Win32 API / type	source/game_sa/LoadingScreen.cpp	123	unknown type name 'LARGE_INTEGER'
W/C: MSVC CRT name	source/game_sa/LoadingScreen.cpp	151	use of undeclared identifier 'strcpy_s'; did you mean 'strcpy'?
P: integer width / mixed-type overload	source/game_sa/LoadingScreen.cpp	335	no matching function for call to 'max'
F/C: inline asm / naked	source/game_sa/Maths.cpp	17	unsupported architecture 'arm64' for MS-style inline assembly
W/C: MSVC CRT name	source/game_sa/Memory/HeapBlockDesc.cpp	72	use of undeclared identifier 'sprintf_s'
W/C: MSVC CRT name	source/game_sa/Memory/HeapBlockDesc.cpp	74	use of undeclared identifier 'strcat_s'; did you mean 'strcat'?
P: 64-bit layout (sizeof/offsetof static_assert)	source/game_sa/Memory/HeapBlockDesc.h	63	static assertion failed due to requirement 'sizeof(HeapBlockDesc) == 16': Invalid structure size of HeapBlockDesc
P: 64-bit layout (sizeof/offsetof static_assert)	source/game_sa/Memory/MemoryHeap.cpp	8	static assertion failed due to requirement 'sizeof(HeapBlockDesc) <= 16': HeapBlockDesc is too big
other: conversion/overload	source/game_sa/Memory/MemoryHeap.cpp	415	cannot initialize a parameter of type 'locale_t' (aka '_xlocale *') with an lvalue of type 'const char[7]'
W/C: MSVC CRT name	source/game_sa/Memory/MemoryHeap.cpp	415	use of undeclared identifier 'sprintf_s'; did you mean 'sprintf_l'?
other: conversion/overload	source/game_sa/Memory/MemoryHeap.cpp	424	cannot initialize a parameter of type 'locale_t' (aka '_xlocale *') with an lvalue of type 'const char[7]'
W/C: MSVC CRT name	source/game_sa/Memory/MemoryHeap.cpp	424	use of undeclared identifier 'sprintf_s'; did you mean 'sprintf_l'?
P: 64-bit layout (sizeof/offsetof static_assert)	source/game_sa/MemoryMgr.cpp	120	static assertion failed due to requirement 'sizeof(CMemoryHeap) * HEAP_SCRATCH == 13138896 - 13138752'
P: pointer/int width (cast/narrowing)	source/game_sa/MemoryMgr.cpp	133	cast to 'void *' from smaller integer type 'uint32' (aka 'unsigned int') [-Werror,-Wint-to-void-pointer-cast]
P: pointer/int width (cast/narrowing)	source/game_sa/MemoryMgr.cpp	133	cast to smaller integer type 'unsigned int' from 'unsigned char *' [-Werror,-Wpointer-to-int-cast]
P: pointer/int width (cast/narrowing)	source/game_sa/MemoryMgr.cpp	338	cast to 'void *' from smaller integer type 'uint32' (aka 'unsigned int') [-Werror,-Wint-to-void-pointer-cast]
P: pointer/int width (cast/narrowing)	source/game_sa/MemoryMgr.cpp	338	cast to smaller integer type 'unsigned int' from 'unsigned char *' [-Werror,-Wpointer-to-int-cast]
W: Win32 API / type	source/game_sa/MenuManager.cpp	755	use of undeclared identifier 'OutputDebugStringA'
other: undeclared/unknown identifier	source/game_sa/MenuManager.cpp	824	use of undeclared identifier '_strdate_s'
other: undeclared/unknown identifier	source/game_sa/MenuManager.cpp	851	use of undeclared identifier 'fprintf_s'
other: undeclared/unknown identifier	source/game_sa/MenuManager.cpp	853	use of undeclared identifier 'fprintf_s'
other: undeclared/unknown identifier	source/game_sa/MenuManager.cpp	854	use of undeclared identifier 'fprintf_s'
other: undeclared/unknown identifier	source/game_sa/MenuManager.cpp	855	use of undeclared identifier 'fprintf_s'
other: undeclared/unknown identifier	source/game_sa/MenuManager.cpp	858	use of undeclared identifier 'fprintf_s'
other: undeclared/unknown identifier	source/game_sa/MenuManager.cpp	859	use of undeclared identifier 'fprintf_s'
other: conversion/overload	source/game_sa/MenuManager.cpp	860	cannot initialize a parameter of type 'locale_t' (aka '_xlocale *') with an lvalue of type 'const char[29]'
other: undeclared/unknown identifier	source/game_sa/MenuManager.cpp	860	use of undeclared identifier 'fprintf_s'; did you mean 'fprintf_l'?
other: undeclared/unknown identifier	source/game_sa/MenuManager.cpp	861	use of undeclared identifier 'fprintf_s'
other: undeclared/unknown identifier	source/game_sa/MenuManager.cpp	862	use of undeclared identifier 'fprintf_s'
other: undeclared/unknown identifier	source/game_sa/MenuManager.cpp	864	use of undeclared identifier 'fprintf_s'
other: conversion/overload	source/game_sa/MenuManager.cpp	865	cannot initialize a parameter of type 'locale_t' (aka '_xlocale *') with an lvalue of type 'const char[40]'
other: undeclared/unknown identifier	source/game_sa/MenuManager.cpp	865	use of undeclared identifier 'fprintf_s'; did you mean 'fprintf_l'?
other: conversion/overload	source/game_sa/MenuManager.cpp	866	cannot initialize a parameter of type 'locale_t' (aka '_xlocale *') with an lvalue of type 'const char[35]'
other: undeclared/unknown identifier	source/game_sa/MenuManager.cpp	866	use of undeclared identifier 'fprintf_s'; did you mean 'vfprintf_l'?
other: conversion/overload	source/game_sa/MenuManager.cpp	867	cannot initialize a parameter of type 'locale_t' (aka '_xlocale *') with an lvalue of type 'const char[47]'
other: undeclared/unknown identifier	source/game_sa/MenuManager.cpp	867	use of undeclared identifier 'fprintf_s'; did you mean 'fprintf_l'?
other: undeclared/unknown identifier	source/game_sa/MenuManager.cpp	868	use of undeclared identifier 'fprintf_s'
other: undeclared/unknown identifier	source/game_sa/MenuManager.cpp	870	use of undeclared identifier 'fprintf_s'
other: conversion/overload	source/game_sa/MenuManager.cpp	871	cannot initialize a parameter of type 'locale_t' (aka '_xlocale *') with an lvalue of type 'const char[23]'
other: undeclared/unknown identifier	source/game_sa/MenuManager.cpp	871	use of undeclared identifier 'fprintf_s'; did you mean 'fprintf_l'?
other: conversion/overload	source/game_sa/MenuManager.cpp	873	cannot initialize a parameter of type 'locale_t' (aka '_xlocale *') with an lvalue of type 'const char[27]'
other: undeclared/unknown identifier	source/game_sa/MenuManager.cpp	873	use of undeclared identifier 'fprintf_s'; did you mean 'vfprintf_l'?
other: undeclared/unknown identifier	source/game_sa/MenuManager.cpp	874	use of undeclared identifier 'fprintf_s'
other: undeclared/unknown identifier	source/game_sa/MenuManager.cpp	883	use of undeclared identifier 'fprintf_s'
other: conversion/overload	source/game_sa/MenuManager.cpp	886	cannot initialize a parameter of type 'locale_t' (aka '_xlocale *') with an lvalue of type 'const char[3]'
other: undeclared/unknown identifier	source/game_sa/MenuManager.cpp	886	use of undeclared identifier 'fprintf_s'; did you mean 'fprintf_l'?
other: undeclared/unknown identifier	source/game_sa/MenuManager.cpp	887	use of undeclared identifier 'fprintf_s'
other: undeclared/unknown identifier	source/game_sa/MenuManager.cpp	896	use of undeclared identifier 'fprintf_s'
other: undeclared/unknown identifier	source/game_sa/MenuManager.cpp	899	use of undeclared identifier 'fprintf_s'
other: conversion/overload	source/game_sa/MenuManager.cpp	900	cannot initialize a parameter of type 'locale_t' (aka '_xlocale *') with an lvalue of type 'const char[3]'
other: undeclared/unknown identifier	source/game_sa/MenuManager.cpp	900	use of undeclared identifier 'fprintf_s'; did you mean 'fprintf_l'?
other: undeclared/unknown identifier	source/game_sa/MenuManager.cpp	901	use of undeclared identifier 'fprintf_s'
W/C: MSVC CRT name	source/game_sa/MenuManager.cpp	907	use of undeclared identifier 'sprintf_s'
other: conversion/overload	source/game_sa/MenuManager.cpp	915	cannot initialize a parameter of type 'locale_t' (aka '_xlocale *') with an lvalue of type 'const char[3]'
other: undeclared/unknown identifier	source/game_sa/MenuManager.cpp	915	use of undeclared identifier 'fprintf_s'; did you mean 'fprintf_l'?
W/C: MSVC CRT name	source/game_sa/MenuManager.cpp	1098	use of undeclared identifier '_stricmp'; did you mean 'strcmp'?
P: 64-bit layout (sizeof/offsetof static_assert)	source/game_sa/MenuManager.h	429	static assertion failed due to requirement 'sizeof(CMenuManager) == 7032': Invalid structure size of CMenuManager
W/C: MSVC CRT name	source/game_sa/MenuSystem.cpp	52	use of undeclared identifier 'strcpy_s'; did you mean 'strcpy'?
W/C: MSVC CRT name	source/game_sa/MenuSystem.cpp	58	use of undeclared identifier 'strcpy_s'; did you mean 'strcpy'?
W/C: MSVC CRT name	source/game_sa/MenuSystem.cpp	511	use of undeclared identifier 'strcpy_s'; did you mean 'strcpy'?
W/C: MSVC CRT name	source/game_sa/ModelInfoAccelerator.cpp	48	use of undeclared identifier 'strcpy_s'; did you mean 'strcpy'?
P: 64-bit layout (sizeof/offsetof static_assert)	source/game_sa/ModelInfoAccelerator.h	36	static assertion failed due to requirement 'sizeof(CModelInfoAccelerator) == 28': Invalid structure size of CModelInfoAccelerator
P: 64-bit layout (sizeof/offsetof static_assert)	source/game_sa/Models/AtomicModelInfo.h	42	static assertion failed due to requirement 'sizeof(CAtomicModelInfo) == 32': Invalid structure size of CAtomicModelInfo
P: 64-bit layout (sizeof/offsetof static_assert)	source/game_sa/Models/BaseModelInfo.h	252	static assertion failed due to requirement 'sizeof(CBaseModelInfo) == 32': Invalid structure size of CBaseModelInfo
W/C: MSVC CRT name	source/game_sa/Models/ClumpModelInfo.cpp	132	use of undeclared identifier 'strcpy_s'
P: 64-bit layout (sizeof/offsetof static_assert)	source/game_sa/Models/ClumpModelInfo.h	83	static assertion failed due to requirement 'sizeof(CClumpModelInfo) == 36': Invalid structure size of CClumpModelInfo
P: 64-bit layout (sizeof/offsetof static_assert)	source/game_sa/Models/DamageAtomicModelInfo.h	27	static assertion failed due to requirement 'sizeof(CDamageAtomicModelInfo) == 36': Invalid structure size of CDamageAtomicModelInfo
P: 64-bit layout (sizeof/offsetof static_assert)	source/game_sa/Models/LodAtomicModelInfo.h	23	static assertion failed due to requirement 'sizeof(CLodAtomicModelInfo) == 36': Invalid structure size of CLodAtomicModelInfo
P: 64-bit layout (sizeof/offsetof static_assert)	source/game_sa/Models/LodTimeModelInfo.h	20	static assertion failed due to requirement 'sizeof(CLodTimeModelInfo) == 40': Invalid structure size of CLodTimeModelInfo
other: conversion/overload	source/game_sa/Models/PedModelInfo.cpp	40	no matching function for call to 'RpClumpForAllAtomics'
P: 64-bit layout (sizeof/offsetof static_assert)	source/game_sa/Models/PedModelInfo.h	69	static assertion failed due to requirement 'sizeof(CPedModelInfo) == 68': Invalid structure size of CPedModelInfo
W/C: MSVC CRT name	source/game_sa/Models/TimeInfo.cpp	20	use of undeclared identifier 'strcpy_s'; did you mean 'strcpy'?
other: undeclared/unknown identifier	source/game_sa/Models/TimeInfo.cpp	25	use of undeclared identifier 'strncpy_s'
other: undeclared/unknown identifier	source/game_sa/Models/TimeInfo.cpp	33	use of undeclared identifier 'strncpy_s'
P: 64-bit layout (sizeof/offsetof static_assert)	source/game_sa/Models/TimeModelInfo.h	25	static assertion failed due to requirement 'sizeof(CTimeModelInfo) == 36': Invalid structure size of CTimeModelInfo
W/C: MSVC CRT name	source/game_sa/Models/VehicleModelInfo.cpp	207	use of undeclared identifier 'strcpy_s'
W/C: MSVC CRT name	source/game_sa/Models/VehicleModelInfo.cpp	483	use of undeclared identifier 'strcpy_s'; did you mean 'strcpy'?
P: pointer/int width (cast/narrowing)	source/game_sa/Models/VehicleModelInfo.cpp	539	cast to 'void *' from smaller integer type 'int32' (aka 'int') [-Werror,-Wint-to-void-pointer-cast]
W/C: MSVC CRT name	source/game_sa/Models/VehicleModelInfo.cpp	872	use of undeclared identifier 'strcpy_s'; did you mean 'strcpy'?
P: pointer/int width (cast/narrowing)	source/game_sa/Models/VehicleModelInfo.cpp	900	cast to smaller integer type 'unsigned int' from 'void *' [-Werror,-Wvoid-pointer-to-int-cast]
P: pointer/int width (cast/narrowing)	source/game_sa/Models/VehicleModelInfo.cpp	923	cast to smaller integer type 'unsigned int' from 'void *' [-Werror,-Wvoid-pointer-to-int-cast]
P: pointer/int width (cast/narrowing)	source/game_sa/Models/VehicleModelInfo.cpp	1147	cast to smaller integer type 'int' from 'void *' [-Werror,-Wvoid-pointer-to-int-cast]
other: undeclared/unknown identifier	source/game_sa/Models/VehicleModelInfo.cpp	1189	use of undeclared identifier 'strncpy_s'; did you mean 'strncpy'?
W/C: MSVC CRT name	source/game_sa/Models/VehicleModelInfo.cpp	1290	use of undeclared identifier 'sscanf_s'
W/C: MSVC CRT name	source/game_sa/Models/VehicleModelInfo.cpp	1312	use of undeclared identifier 'sscanf_s'
W/C: MSVC CRT name	source/game_sa/Models/VehicleModelInfo.cpp	1348	use of undeclared identifier 'sscanf_s'
other: undeclared/unknown identifier	source/game_sa/Models/VehicleModelInfo.cpp	1437	use of undeclared identifier 'strtok_s'; did you mean 'strtok_r'?
other: undeclared/unknown identifier	source/game_sa/Models/VehicleModelInfo.cpp	1442	use of undeclared identifier 'strtok_s'; did you mean 'strtok_r'?
other: undeclared/unknown identifier	source/game_sa/Models/VehicleModelInfo.cpp	1452	use of undeclared identifier 'strtok_s'; did you mean 'strtok_r'?
other: undeclared/unknown identifier	source/game_sa/Models/VehicleModelInfo.cpp	1458	use of undeclared identifier 'strtok_s'; did you mean 'strtok_r'?
other: undeclared/unknown identifier	source/game_sa/Models/VehicleModelInfo.cpp	1464	use of undeclared identifier 'strtok_s'; did you mean 'strtok_r'?
other: conversion/overload	source/game_sa/Models/VehicleModelInfo.cpp	1479	cannot initialize a parameter of type 'locale_t' (aka '_xlocale *') with an lvalue of type 'const char[3]'
W/C: MSVC CRT name	source/game_sa/Models/VehicleModelInfo.cpp	1479	use of undeclared identifier 'sscanf_s'; did you mean 'sscanf_l'?
other: undeclared/unknown identifier	source/game_sa/Models/VehicleModelInfo.cpp	1480	use of undeclared identifier 'strtok_s'; did you mean 'strtok_r'?
other: undeclared/unknown identifier	source/game_sa/Models/VehicleModelInfo.cpp	1482	use of undeclared identifier 'strtok_s'; did you mean 'strtok_r'?
P: 64-bit layout (sizeof/offsetof static_assert)	source/game_sa/Models/VehicleModelInfo.h	90	static assertion failed due to requirement 'sizeof(tRestoreEntry) == 8': Invalid structure size of tRestoreEntry
P: 64-bit (size_t in operator new/delete)	source/game_sa/Models/VehicleModelInfo.h	157	'operator new' takes type size_t ('unsigned long') as 1st parameter
W/C: MSVC CRT name	source/game_sa/Models/VehicleModelInfo.h	436	use of undeclared identifier 'strcpy_s'; did you mean 'strcpy'?
P: 64-bit layout (sizeof/offsetof static_assert)	source/game_sa/Models/VehicleModelInfo.h	466	static assertion failed due to requirement 'sizeof(CVehicleModelInfo::CVehicleStructure) == 788': Invalid structure size of CVehicleModelInfo::CVehicleStructure
P: 64-bit layout (sizeof/offsetof static_assert)	source/game_sa/Models/VehicleModelInfo.h	467	static assertion failed due to requirement 'sizeof(CVehicleModelInfo) == 776': Invalid structure size of CVehicleModelInfo
other: conversion/overload	source/game_sa/Models/WeaponModelInfo.cpp	32	no matching function for call to 'RpClumpForAllAtomics'
P: 64-bit layout (sizeof/offsetof static_assert)	source/game_sa/Models/WeaponModelInfo.h	35	static assertion failed due to requirement 'sizeof(CWeaponModelInfo) == 40': Invalid structure size of CWeaponModelInfo
P: 64-bit (size_t in operator new/delete)	source/game_sa/NodeRoute.h	10	'operator new' takes type size_t ('unsigned long') as 1st parameter
W/C: MSVC CRT name	source/game_sa/ObjectData.cpp	68	use of undeclared identifier 'sscanf_s'
P: 64-bit layout (sizeof/offsetof static_assert)	source/game_sa/ObjectData.h	93	static assertion failed due to requirement 'sizeof(CObjectData) == 80': Invalid structure size of CObjectData
other: conversion/overload	source/game_sa/OnscreenCounterEntry.cpp	37	cannot initialize a parameter of type 'locale_t' (aka '_xlocale *') with an lvalue of type 'const char[3]'
W/C: MSVC CRT name	source/game_sa/OnscreenCounterEntry.cpp	37	use of undeclared identifier 'sprintf_s'; did you mean 'sprintf_l'?
W/C: MSVC CRT name	source/game_sa/OnscreenCounterEntry.cpp	40	use of undeclared identifier 'sprintf_s'
other: undeclared/unknown identifier	source/game_sa/OnscreenTimer.cpp	47	use of undeclared identifier 'strncpy_s'; did you mean 'strncpy'?
other: undeclared/unknown identifier	source/game_sa/OnscreenTimer.cpp	82	use of undeclared identifier 'strncpy_s'; did you mean 'strncpy'?
other: undeclared/unknown identifier	source/game_sa/OnscreenTimer.cpp	102	use of undeclared identifier 'strncpy_s'; did you mean 'strncpy'?
W/C: MSVC CRT name	source/game_sa/OnscreenTimerEntry.cpp	54	use of undeclared identifier 'sprintf_s'
P: 64-bit layout (sizeof/offsetof static_assert)	source/game_sa/PPTriPlantBuffer.h	32	static assertion failed due to requirement 'sizeof(PPTriPlant) == 92': Invalid structure size of PPTriPlant
other: conversion/overload	source/game_sa/PathFind.cpp	1041	cannot initialize a parameter of type 'locale_t' (aka '_xlocale *') with an lvalue of type 'const char[23]'
W/C: MSVC CRT name	source/game_sa/PathFind.cpp	1041	use of undeclared identifier 'sprintf_s'; did you mean 'sprintf_l'?
C: libc++ / standard-library gap	source/game_sa/PathFind.cpp	1127	no member named 'enumerate' in namespace 'std::ranges::views'
C: libc++ / standard-library gap	source/game_sa/PathFind.cpp	1392	no member named 'enumerate' in namespace 'std::ranges::views'
F/C: inline asm / naked	source/game_sa/PathFind.cpp	2037	unsupported architecture 'arm64' for MS-style inline assembly
F/C: inline asm / naked	source/game_sa/PathFind.cpp	2141	unsupported architecture 'arm64' for MS-style inline assembly
P: 64-bit layout (sizeof/offsetof static_assert)	source/game_sa/PathFind.h	186	static assertion failed due to requirement 'sizeof(CPathNode) == 28': Invalid structure size of CPathNode
P: 64-bit layout (sizeof/offsetof static_assert)	source/game_sa/PathFind.h	626	static assertion failed due to requirement 'sizeof(CPathFind) == 15488': Invalid structure size of CPathFind
P: 64-bit layout (sizeof/offsetof static_assert)	source/game_sa/PedAttractorManager.h	213	static assertion failed due to requirement 'sizeof(CPedAttractorManager) == 160': Invalid structure size of CPedAttractorManager
P: 64-bit layout (sizeof/offsetof static_assert)	source/game_sa/PedDamageResponseCalculator.h	38	static assertion failed due to requirement 'sizeof(CPedDamageResponseCalculator) == 20': Invalid structure size of CPedDamageResponseCalculator
P: 64-bit (size_t in operator new/delete)	source/game_sa/PedGeometryAnalyser.h	19	'operator new' takes type size_t ('unsigned long') as 1st parameter
C: libc++ / standard-library gap	source/game_sa/PedGroup.cpp	151	no member named 'enumerate' in namespace 'std::ranges::views'
P: 64-bit layout (sizeof/offsetof static_assert)	source/game_sa/PedGroup.h	81	static assertion failed due to requirement 'sizeof(CPedGroup) == 724': Invalid structure size of CPedGroup
C: libc++ / standard-library gap	source/game_sa/PedGroupIntelligence.cpp	168	no member named 'enumerate' in namespace 'std::ranges::views'
C: libc++ / standard-library gap	source/game_sa/PedGroupIntelligence.cpp	457	no member named 'enumerate' in namespace 'std::ranges::views'
C: libc++ / standard-library gap	source/game_sa/PedGroupIntelligence.cpp	488	no member named 'enumerate' in namespace 'std::ranges::views'
P: 64-bit layout (sizeof/offsetof static_assert)	source/game_sa/PedGroupIntelligence.h	132	static assertion failed due to requirement 'sizeof(CPedGroupIntelligence) == 672': Invalid structure size of CPedGroupIntelligence
C: libc++ / standard-library gap	source/game_sa/PedGroupMembership.cpp	85	no member named 'enumerate' in namespace 'std::ranges::views'
C: libc++ / standard-library gap	source/game_sa/PedGroupMembership.cpp	102	no member named 'enumerate' in namespace 'std::ranges::views'
C: libc++ / standard-library gap	source/game_sa/PedGroupMembership.cpp	128	no member named 'enumerate' in namespace 'std::ranges::views'
C: libc++ / standard-library gap	source/game_sa/PedGroupMembership.cpp	148	no member named 'enumerate' in namespace 'std::ranges::views'
C: libc++ / standard-library gap	source/game_sa/PedGroupMembership.cpp	164	no member named 'enumerate' in namespace 'std::ranges::views'
C: libc++ / standard-library gap	source/game_sa/PedGroupMembership.cpp	180	no member named 'enumerate' in namespace 'std::ranges::views'
C: libc++ / standard-library gap	source/game_sa/PedGroupMembership.cpp	279	no member named 'enumerate' in namespace 'std::ranges::views'
C: libc++ / standard-library gap	source/game_sa/PedGroupMembership.cpp	289	no member named 'enumerate' in namespace 'std::ranges::views'
P: 64-bit layout (sizeof/offsetof static_assert)	source/game_sa/PedGroupMembership.h	172	static assertion failed due to requirement 'sizeof(CPedGroupMembership) == 40': Invalid structure size of CPedGroupMembership
other	source/game_sa/PedGroups.cpp	138	cannot use type 'void' as a range
other	source/game_sa/PedGroups.cpp	146	cannot use type 'void' as a range
C: libc++ / standard-library gap	source/game_sa/PedGroups.h	50	no member named 'enumerate' in namespace 'std::ranges::views'
P: 64-bit layout (sizeof/offsetof static_assert)	source/game_sa/PedIK.h	83	static assertion failed due to requirement 'sizeof(CPedIK) == 32': Invalid structure size of CPedIK
W/C: MSVC CRT name	source/game_sa/PedIntelligence.cpp	359	use of undeclared identifier '_stricmp'; did you mean 'strcmp'?
C: libc++ / standard-library gap	source/game_sa/PedIntelligence.cpp	448	no member named 'enumerate' in namespace 'std::ranges::views'
P: 64-bit (size_t in operator new/delete)	source/game_sa/PedIntelligence.h	75	'operator new' takes type size_t ('unsigned long') as 1st parameter
P: 64-bit layout (sizeof/offsetof static_assert)	source/game_sa/PedIntelligence.h	176	static assertion failed due to requirement 'sizeof(CPedIntelligence) == 660': Invalid structure size of CPedIntelligence
P: 64-bit layout (sizeof/offsetof static_assert)	source/game_sa/PedIntelligence.h	177	static assertion failed due to requirement '__builtin_offsetof(CPedIntelligence, m_AnotherStaticCounter) == 628': The offset of m_AnotherStaticCounter in CPedIntelligence is not 0x274...
P: 64-bit layout (sizeof/offsetof static_assert)	source/game_sa/PedList.h	40	static assertion failed due to requirement 'sizeof(CPedList) == 124': Invalid structure size of CPedList
W/C: MSVC CRT name	source/game_sa/PedStats.cpp	66	use of undeclared identifier 'sscanf_s'
P: 64-bit layout (sizeof/offsetof static_assert)	source/game_sa/PedTaskPair.h	25	static assertion failed due to requirement 'sizeof(CPedTaskPair) == 20': Invalid structure size of CPedTaskPair
other: conversion/overload	source/game_sa/PedType.cpp	47	cannot initialize a parameter of type 'locale_t' (aka '_xlocale *') with an lvalue of type 'const char[3]'
W/C: MSVC CRT name	source/game_sa/PedType.cpp	47	use of undeclared identifier 'sscanf_s'; did you mean 'vsscanf_l'?
other: undeclared/unknown identifier	source/game_sa/PedType.cpp	52	use of undeclared identifier 'strtok_s'; did you mean 'strtok_r'?
other: undeclared/unknown identifier	source/game_sa/PedType.cpp	53	use of undeclared identifier 'strtok_s'; did you mean 'strtok_r'?
W/C: MSVC CRT name	source/game_sa/Pickup.cpp	82	use of undeclared identifier '_stricmp'; did you mean 'strcmp'?
W/C: MSVC CRT name	source/game_sa/Pickup.cpp	84	use of undeclared identifier '_stricmp'; did you mean 'strcmp'?
other: conversion/overload	source/game_sa/Pickup.cpp	303	no matching member function for call to 'GetAllValid'
other: undeclared/unknown identifier	source/game_sa/Pickup.cpp	579	use of undeclared identifier 'strncpy_s'; did you mean 'strncpy'?
P: 64-bit layout (sizeof/offsetof static_assert)	source/game_sa/Pickup.h	92	static assertion failed due to requirement 'sizeof(CPickup) == 32': Invalid structure size of CPickup
P: pointer/int width (cast/narrowing)	source/game_sa/Pickups.cpp	194	cast to smaller integer type 'unsigned int' from 'CEntity *' [-Werror,-Wpointer-to-int-cast]
P: pointer/int width (cast/narrowing)	source/game_sa/Pickups.cpp	213	cast to smaller integer type 'unsigned int' from 'CEntity *' [-Werror,-Wpointer-to-int-cast]
P: pointer/int width (cast/narrowing)	source/game_sa/Pickups.cpp	249	cast to smaller integer type 'unsigned int' from 'CEntity *' [-Werror,-Wpointer-to-int-cast]
P: pointer/int width (cast/narrowing)	source/game_sa/Pickups.cpp	268	cast to smaller integer type 'unsigned int' from 'CEntity *' [-Werror,-Wpointer-to-int-cast]
C: libc++ / standard-library gap	source/game_sa/Pickups.cpp	794	no member named 'enumerate' in namespace 'std::ranges::views'
C: libc++ / standard-library gap	source/game_sa/Pickups.cpp	842	no member named 'enumerate' in namespace 'std::ranges::views'
P: pointer/int width (cast/narrowing)	source/game_sa/Pipelines/CustomBuilding/CustomBuildingDNPipeline.cpp	152	cast to smaller integer type 'unsigned int' from 'rw::Atomic *' [-Werror,-Wpointer-to-int-cast]
W/R: DirectX	source/game_sa/Pipelines/CustomBuilding/CustomBuildingDNPipeline.cpp	267	use of undeclared identifier 'D3DMATRIX'
W/R: DirectX	source/game_sa/Pipelines/CustomBuilding/CustomBuildingDNPipeline.cpp	272	use of undeclared identifier 'D3DRS_LIGHTING'
W/R: DirectX	source/game_sa/Pipelines/CustomBuilding/CustomBuildingDNPipeline.cpp	277	use of undeclared identifier 'D3DRS_TEXTUREFACTOR'
W/R: DirectX	source/game_sa/Pipelines/CustomBuilding/CustomBuildingDNPipeline.cpp	278	use of undeclared identifier 'D3DTOP_SELECTARG2'
W/R: DirectX	source/game_sa/Pipelines/CustomBuilding/CustomBuildingDNPipeline.cpp	278	use of undeclared identifier 'D3DTSS_COLOROP'
W/R: DirectX	source/game_sa/Pipelines/CustomBuilding/CustomBuildingDNPipeline.cpp	279	use of undeclared identifier 'D3DTA_TFACTOR'
W/R: DirectX	source/game_sa/Pipelines/CustomBuilding/CustomBuildingDNPipeline.cpp	279	use of undeclared identifier 'D3DTSS_COLORARG2'
W/R: DirectX	source/game_sa/Pipelines/CustomBuilding/CustomBuildingDNPipeline.cpp	280	use of undeclared identifier 'D3DTOP_SELECTARG2'
W/R: DirectX	source/game_sa/Pipelines/CustomBuilding/CustomBuildingDNPipeline.cpp	280	use of undeclared identifier 'D3DTSS_ALPHAOP'
W/R: DirectX	source/game_sa/Pipelines/CustomBuilding/CustomBuildingDNPipeline.cpp	281	use of undeclared identifier 'D3DTA_TFACTOR'
W/R: DirectX	source/game_sa/Pipelines/CustomBuilding/CustomBuildingDNPipeline.cpp	281	use of undeclared identifier 'D3DTSS_ALPHAARG2'
W/R: DirectX	source/game_sa/Pipelines/CustomBuilding/CustomBuildingDNPipeline.cpp	300	use of undeclared identifier 'D3DTOP_DISABLE'
W/R: DirectX	source/game_sa/Pipelines/CustomBuilding/CustomBuildingDNPipeline.cpp	300	use of undeclared identifier 'D3DTSS_COLOROP'
W/R: DirectX	source/game_sa/Pipelines/CustomBuilding/CustomBuildingDNPipeline.cpp	301	use of undeclared identifier 'D3DTOP_DISABLE'
W/R: DirectX	source/game_sa/Pipelines/CustomBuilding/CustomBuildingDNPipeline.cpp	301	use of undeclared identifier 'D3DTSS_COLOROP'
W/R: DirectX	source/game_sa/Pipelines/CustomBuilding/CustomBuildingDNPipeline.cpp	319	use of undeclared identifier 'D3DCOLOR_ARGB'
W/R: DirectX	source/game_sa/Pipelines/CustomBuilding/CustomBuildingDNPipeline.cpp	319	use of undeclared identifier 'D3DRS_TEXTUREFACTOR'
W/R: DirectX	source/game_sa/Pipelines/CustomBuilding/CustomBuildingDNPipeline.cpp	321	use of undeclared identifier 'D3DTOP_MULTIPLYADD'
W/R: DirectX	source/game_sa/Pipelines/CustomBuilding/CustomBuildingDNPipeline.cpp	321	use of undeclared identifier 'D3DTSS_COLOROP'
W/R: DirectX	source/game_sa/Pipelines/CustomBuilding/CustomBuildingDNPipeline.cpp	322	use of undeclared identifier 'D3DTA_CURRENT'
W/R: DirectX	source/game_sa/Pipelines/CustomBuilding/CustomBuildingDNPipeline.cpp	322	use of undeclared identifier 'D3DTSS_COLORARG0'
W/R: DirectX	source/game_sa/Pipelines/CustomBuilding/CustomBuildingDNPipeline.cpp	323	use of undeclared identifier 'D3DTA_TEXTURE'
W/R: DirectX	source/game_sa/Pipelines/CustomBuilding/CustomBuildingDNPipeline.cpp	323	use of undeclared identifier 'D3DTSS_COLORARG1'
W/R: DirectX	source/game_sa/Pipelines/CustomBuilding/CustomBuildingDNPipeline.cpp	324	use of undeclared identifier 'D3DTA_DIFFUSE'
W/R: DirectX	source/game_sa/Pipelines/CustomBuilding/CustomBuildingDNPipeline.cpp	324	use of undeclared identifier 'D3DTSS_COLORARG2'
W/R: DirectX	source/game_sa/Pipelines/CustomBuilding/CustomBuildingDNPipeline.cpp	326	use of undeclared identifier 'D3DTOP_SELECTARG2'
W/R: DirectX	source/game_sa/Pipelines/CustomBuilding/CustomBuildingDNPipeline.cpp	326	use of undeclared identifier 'D3DTSS_ALPHAOP'
W/R: DirectX	source/game_sa/Pipelines/CustomBuilding/CustomBuildingDNPipeline.cpp	327	use of undeclared identifier 'D3DTA_TEXTURE'
W/R: DirectX	source/game_sa/Pipelines/CustomBuilding/CustomBuildingDNPipeline.cpp	327	use of undeclared identifier 'D3DTSS_ALPHAARG1'
W/R: DirectX	source/game_sa/Pipelines/CustomBuilding/CustomBuildingDNPipeline.cpp	328	use of undeclared identifier 'D3DTA_CURRENT'
W/R: DirectX	source/game_sa/Pipelines/CustomBuilding/CustomBuildingDNPipeline.cpp	328	use of undeclared identifier 'D3DTSS_ALPHAARG2'
W/R: DirectX	source/game_sa/Pipelines/CustomBuilding/CustomBuildingDNPipeline.cpp	330	use of undeclared identifier 'D3DTSS_TCI_CAMERASPACENORMAL'
W/R: DirectX	source/game_sa/Pipelines/CustomBuilding/CustomBuildingDNPipeline.cpp	330	use of undeclared identifier 'D3DTSS_TEXCOORDINDEX'
W/R: DirectX	source/game_sa/Pipelines/CustomBuilding/CustomBuildingDNPipeline.cpp	331	use of undeclared identifier 'D3DTSS_TEXTURETRANSFORMFLAGS'
W/R: DirectX	source/game_sa/Pipelines/CustomBuilding/CustomBuildingDNPipeline.cpp	331	use of undeclared identifier 'D3DTTFF_DISABLE'
W/R: DirectX	source/game_sa/Pipelines/CustomBuilding/CustomBuildingDNPipeline.cpp	333	use of undeclared identifier 'D3DTOP_DISABLE'
W/R: DirectX	source/game_sa/Pipelines/CustomBuilding/CustomBuildingDNPipeline.cpp	333	use of undeclared identifier 'D3DTSS_COLOROP'
W/R: DirectX	source/game_sa/Pipelines/CustomBuilding/CustomBuildingDNPipeline.cpp	349	use of undeclared identifier 'D3DTOP_DISABLE'
W/R: DirectX	source/game_sa/Pipelines/CustomBuilding/CustomBuildingDNPipeline.cpp	349	use of undeclared identifier 'D3DTSS_COLOROP'
W/R: DirectX	source/game_sa/Pipelines/CustomBuilding/CustomBuildingDNPipeline.cpp	350	use of undeclared identifier 'D3DTOP_DISABLE'
W/R: DirectX	source/game_sa/Pipelines/CustomBuilding/CustomBuildingDNPipeline.cpp	350	use of undeclared identifier 'D3DTSS_ALPHAOP'
W/R: DirectX	source/game_sa/Pipelines/CustomBuilding/CustomBuildingDNPipeline.cpp	351	use of undeclared identifier 'D3DTSS_TEXCOORDINDEX'
W/R: DirectX	source/game_sa/Pipelines/CustomBuilding/CustomBuildingDNPipeline.cpp	352	use of undeclared identifier 'D3DTSS_TEXTURETRANSFORMFLAGS'
P: 64-bit layout (sizeof/offsetof static_assert)	source/game_sa/Pipelines/CustomBuilding/CustomBuildingDNPipeline.h	20	static assertion failed due to requirement 'sizeof(ExtraVertColour) == 12': Invalid structure size of ExtraVertColour
W/R: DirectX	source/game_sa/Pipelines/CustomBuilding/CustomBuildingPipeline.cpp	98	use of undeclared identifier 'D3DMATRIX'
W/R: DirectX	source/game_sa/Pipelines/CustomBuilding/CustomBuildingPipeline.cpp	103	use of undeclared identifier 'D3DRS_LIGHTING'
W/R: DirectX	source/game_sa/Pipelines/CustomBuilding/CustomBuildingPipeline.cpp	108	use of undeclared identifier 'D3DRS_TEXTUREFACTOR'
W/R: DirectX	source/game_sa/Pipelines/CustomBuilding/CustomBuildingPipeline.cpp	109	use of undeclared identifier 'D3DTOP_SELECTARG2'
W/R: DirectX	source/game_sa/Pipelines/CustomBuilding/CustomBuildingPipeline.cpp	109	use of undeclared identifier 'D3DTSS_COLOROP'
W/R: DirectX	source/game_sa/Pipelines/CustomBuilding/CustomBuildingPipeline.cpp	110	use of undeclared identifier 'D3DTA_TFACTOR'
W/R: DirectX	source/game_sa/Pipelines/CustomBuilding/CustomBuildingPipeline.cpp	110	use of undeclared identifier 'D3DTSS_COLORARG2'
W/R: DirectX	source/game_sa/Pipelines/CustomBuilding/CustomBuildingPipeline.cpp	111	use of undeclared identifier 'D3DTOP_SELECTARG2'
W/R: DirectX	source/game_sa/Pipelines/CustomBuilding/CustomBuildingPipeline.cpp	111	use of undeclared identifier 'D3DTSS_ALPHAOP'
W/R: DirectX	source/game_sa/Pipelines/CustomBuilding/CustomBuildingPipeline.cpp	112	use of undeclared identifier 'D3DTA_TFACTOR'
W/R: DirectX	source/game_sa/Pipelines/CustomBuilding/CustomBuildingPipeline.cpp	112	use of undeclared identifier 'D3DTSS_ALPHAARG2'
W/R: DirectX	source/game_sa/Pipelines/CustomBuilding/CustomBuildingPipeline.cpp	132	use of undeclared identifier 'D3DTOP_DISABLE'
W/R: DirectX	source/game_sa/Pipelines/CustomBuilding/CustomBuildingPipeline.cpp	132	use of undeclared identifier 'D3DTSS_COLOROP'
W/R: DirectX	source/game_sa/Pipelines/CustomBuilding/CustomBuildingPipeline.cpp	133	use of undeclared identifier 'D3DTOP_DISABLE'
W/R: DirectX	source/game_sa/Pipelines/CustomBuilding/CustomBuildingPipeline.cpp	133	use of undeclared identifier 'D3DTSS_COLOROP'
W/R: DirectX	source/game_sa/Pipelines/CustomBuilding/CustomBuildingPipeline.cpp	151	use of undeclared identifier 'D3DCOLOR_ARGB'
W/R: DirectX	source/game_sa/Pipelines/CustomBuilding/CustomBuildingPipeline.cpp	151	use of undeclared identifier 'D3DRS_TEXTUREFACTOR'
W/R: DirectX	source/game_sa/Pipelines/CustomBuilding/CustomBuildingPipeline.cpp	153	use of undeclared identifier 'D3DTOP_MULTIPLYADD'
W/R: DirectX	source/game_sa/Pipelines/CustomBuilding/CustomBuildingPipeline.cpp	153	use of undeclared identifier 'D3DTSS_COLOROP'
W/R: DirectX	source/game_sa/Pipelines/CustomBuilding/CustomBuildingPipeline.cpp	154	use of undeclared identifier 'D3DTA_CURRENT'
W/R: DirectX	source/game_sa/Pipelines/CustomBuilding/CustomBuildingPipeline.cpp	154	use of undeclared identifier 'D3DTSS_COLORARG0'
W/R: DirectX	source/game_sa/Pipelines/CustomBuilding/CustomBuildingPipeline.cpp	155	use of undeclared identifier 'D3DTA_TEXTURE'
W/R: DirectX	source/game_sa/Pipelines/CustomBuilding/CustomBuildingPipeline.cpp	155	use of undeclared identifier 'D3DTSS_COLORARG1'
W/R: DirectX	source/game_sa/Pipelines/CustomBuilding/CustomBuildingPipeline.cpp	156	use of undeclared identifier 'D3DTA_TFACTOR'
W/R: DirectX	source/game_sa/Pipelines/CustomBuilding/CustomBuildingPipeline.cpp	156	use of undeclared identifier 'D3DTSS_COLORARG2'
W/R: DirectX	source/game_sa/Pipelines/CustomBuilding/CustomBuildingPipeline.cpp	158	use of undeclared identifier 'D3DTOP_SELECTARG2'
W/R: DirectX	source/game_sa/Pipelines/CustomBuilding/CustomBuildingPipeline.cpp	158	use of undeclared identifier 'D3DTSS_ALPHAOP'
W/R: DirectX	source/game_sa/Pipelines/CustomBuilding/CustomBuildingPipeline.cpp	159	use of undeclared identifier 'D3DTA_TEXTURE'
W/R: DirectX	source/game_sa/Pipelines/CustomBuilding/CustomBuildingPipeline.cpp	159	use of undeclared identifier 'D3DTSS_ALPHAARG1'
W/R: DirectX	source/game_sa/Pipelines/CustomBuilding/CustomBuildingPipeline.cpp	160	use of undeclared identifier 'D3DTA_CURRENT'
W/R: DirectX	source/game_sa/Pipelines/CustomBuilding/CustomBuildingPipeline.cpp	160	use of undeclared identifier 'D3DTSS_ALPHAARG2'
W/R: DirectX	source/game_sa/Pipelines/CustomBuilding/CustomBuildingPipeline.cpp	162	use of undeclared identifier 'D3DTSS_TCI_CAMERASPACENORMAL'
W/R: DirectX	source/game_sa/Pipelines/CustomBuilding/CustomBuildingPipeline.cpp	162	use of undeclared identifier 'D3DTSS_TEXCOORDINDEX'
W/R: DirectX	source/game_sa/Pipelines/CustomBuilding/CustomBuildingPipeline.cpp	163	use of undeclared identifier 'D3DTSS_TEXTURETRANSFORMFLAGS'
W/R: DirectX	source/game_sa/Pipelines/CustomBuilding/CustomBuildingPipeline.cpp	163	use of undeclared identifier 'D3DTTFF_DISABLE'
W/R: DirectX	source/game_sa/Pipelines/CustomBuilding/CustomBuildingPipeline.cpp	165	use of undeclared identifier 'D3DTOP_DISABLE'
W/R: DirectX	source/game_sa/Pipelines/CustomBuilding/CustomBuildingPipeline.cpp	165	use of undeclared identifier 'D3DTSS_COLOROP'
W/R: DirectX	source/game_sa/Pipelines/CustomBuilding/CustomBuildingPipeline.cpp	181	use of undeclared identifier 'D3DTOP_DISABLE'
W/R: DirectX	source/game_sa/Pipelines/CustomBuilding/CustomBuildingPipeline.cpp	181	use of undeclared identifier 'D3DTSS_COLOROP'
W/R: DirectX	source/game_sa/Pipelines/CustomBuilding/CustomBuildingPipeline.cpp	182	use of undeclared identifier 'D3DTOP_DISABLE'
W/R: DirectX	source/game_sa/Pipelines/CustomBuilding/CustomBuildingPipeline.cpp	182	use of undeclared identifier 'D3DTSS_ALPHAOP'
W/R: DirectX	source/game_sa/Pipelines/CustomBuilding/CustomBuildingPipeline.cpp	183	use of undeclared identifier 'D3DTSS_TEXCOORDINDEX'
W/R: DirectX	source/game_sa/Pipelines/CustomBuilding/CustomBuildingPipeline.cpp	184	use of undeclared identifier 'D3DTSS_TEXTURETRANSFORMFLAGS'
C: syntax / extension	source/game_sa/Pipelines/CustomCarEnvMap/CustomCarEnvMapPipeline.cpp	91	expected expression
W/R: DirectX	source/game_sa/Pipelines/CustomCarEnvMap/CustomCarEnvMapPipeline.cpp	91	use of undeclared identifier 'D3DCAPS9'
W/R: DirectX	source/game_sa/Pipelines/CustomCarEnvMap/CustomCarEnvMapPipeline.cpp	94	use of undeclared identifier 'D3DTEXOPCAPS_BLENDFACTORALPHA'
W/R: DirectX	source/game_sa/Pipelines/CustomCarEnvMap/CustomCarEnvMapPipeline.cpp	95	use of undeclared identifier 'D3DTEXOPCAPS_MULTIPLYADD'
W/R: DirectX	source/game_sa/Pipelines/CustomCarEnvMap/CustomCarEnvMapPipeline.cpp	96	use of undeclared identifier 'D3DPSHADECAPS_SPECULARGOURAUDRGB'
W/R: DirectX	source/game_sa/Pipelines/CustomCarEnvMap/CustomCarEnvMapPipeline.cpp	127	use of undeclared identifier 'D3DVECTOR'
W/R: DirectX	source/game_sa/Pipelines/CustomCarEnvMap/CustomCarEnvMapPipeline.cpp	128	use of undeclared identifier 'D3DLIGHT_DIRECTIONAL'; did you mean 'rpLIGHTDIRECTIONAL'?
W/R: DirectX	source/game_sa/Pipelines/CustomCarEnvMap/CustomCarEnvMapPipeline.cpp	224	use of undeclared identifier 'D3DRS_LIGHTING'
W/R: DirectX	source/game_sa/Pipelines/CustomCarEnvMap/CustomCarEnvMapPipeline.cpp	229	use of undeclared identifier 'D3DRS_TEXTUREFACTOR'
W/R: DirectX	source/game_sa/Pipelines/CustomCarEnvMap/CustomCarEnvMapPipeline.cpp	230	use of undeclared identifier 'D3DTOP_SELECTARG2'
W/R: DirectX	source/game_sa/Pipelines/CustomCarEnvMap/CustomCarEnvMapPipeline.cpp	230	use of undeclared identifier 'D3DTSS_COLOROP'
W/R: DirectX	source/game_sa/Pipelines/CustomCarEnvMap/CustomCarEnvMapPipeline.cpp	231	use of undeclared identifier 'D3DTA_TFACTOR'
W/R: DirectX	source/game_sa/Pipelines/CustomCarEnvMap/CustomCarEnvMapPipeline.cpp	231	use of undeclared identifier 'D3DTSS_COLORARG2'
W/R: DirectX	source/game_sa/Pipelines/CustomCarEnvMap/CustomCarEnvMapPipeline.cpp	232	use of undeclared identifier 'D3DTOP_SELECTARG2'
W/R: DirectX	source/game_sa/Pipelines/CustomCarEnvMap/CustomCarEnvMapPipeline.cpp	232	use of undeclared identifier 'D3DTSS_ALPHAOP'
W/R: DirectX	source/game_sa/Pipelines/CustomCarEnvMap/CustomCarEnvMapPipeline.cpp	233	use of undeclared identifier 'D3DTA_TFACTOR'
W/R: DirectX	source/game_sa/Pipelines/CustomCarEnvMap/CustomCarEnvMapPipeline.cpp	233	use of undeclared identifier 'D3DTSS_ALPHAARG2'
W/R: DirectX	source/game_sa/Pipelines/CustomCarEnvMap/CustomCarEnvMapPipeline.cpp	271	use of undeclared identifier 'D3DRS_LOCALVIEWER'
W/R: DirectX	source/game_sa/Pipelines/CustomCarEnvMap/CustomCarEnvMapPipeline.cpp	272	use of undeclared identifier 'D3DMCS_MATERIAL'
W/R: DirectX	source/game_sa/Pipelines/CustomCarEnvMap/CustomCarEnvMapPipeline.cpp	272	use of undeclared identifier 'D3DRS_SPECULARMATERIALSOURCE'
W/R: DirectX	source/game_sa/Pipelines/CustomCarEnvMap/CustomCarEnvMapPipeline.cpp	279	use of undeclared identifier 'D3DRS_SPECULARENABLE'
W/R: DirectX	source/game_sa/Pipelines/CustomCarEnvMap/CustomCarEnvMapPipeline.cpp	283	use of undeclared identifier 'D3DTOP_DISABLE'
W/R: DirectX	source/game_sa/Pipelines/CustomCarEnvMap/CustomCarEnvMapPipeline.cpp	283	use of undeclared identifier 'D3DTSS_COLOROP'
W/R: DirectX	source/game_sa/Pipelines/CustomCarEnvMap/CustomCarEnvMapPipeline.cpp	284	use of undeclared identifier 'D3DTOP_DISABLE'
W/R: DirectX	source/game_sa/Pipelines/CustomCarEnvMap/CustomCarEnvMapPipeline.cpp	284	use of undeclared identifier 'D3DTSS_COLOROP'
W/R: DirectX	source/game_sa/Pipelines/CustomCarEnvMap/CustomCarEnvMapPipeline.cpp	291	use of undeclared identifier 'D3DTADDRESS_WRAP'
W/R: DirectX	source/game_sa/Pipelines/CustomCarEnvMap/CustomCarEnvMapPipeline.cpp	311	unknown type name 'D3DMATRIX'
W/R: DirectX	source/game_sa/Pipelines/CustomCarEnvMap/CustomCarEnvMapPipeline.cpp	317	use of undeclared identifier 'D3DTS_TEXTURE1'
W/R: DirectX	source/game_sa/Pipelines/CustomCarEnvMap/CustomCarEnvMapPipeline.cpp	326	use of undeclared identifier 'D3DCOLOR_ARGB'
W/R: DirectX	source/game_sa/Pipelines/CustomCarEnvMap/CustomCarEnvMapPipeline.cpp	326	use of undeclared identifier 'D3DRS_TEXTUREFACTOR'
W/R: DirectX	source/game_sa/Pipelines/CustomCarEnvMap/CustomCarEnvMapPipeline.cpp	329	use of undeclared identifier 'D3DTOP_MULTIPLYADD'
W/R: DirectX	source/game_sa/Pipelines/CustomCarEnvMap/CustomCarEnvMapPipeline.cpp	329	use of undeclared identifier 'D3DTSS_COLOROP'
W/R: DirectX	source/game_sa/Pipelines/CustomCarEnvMap/CustomCarEnvMapPipeline.cpp	330	use of undeclared identifier 'D3DTA_CURRENT'
W/R: DirectX	source/game_sa/Pipelines/CustomCarEnvMap/CustomCarEnvMapPipeline.cpp	330	use of undeclared identifier 'D3DTSS_COLORARG0'
W/R: DirectX	source/game_sa/Pipelines/CustomCarEnvMap/CustomCarEnvMapPipeline.cpp	331	use of undeclared identifier 'D3DTA_TEXTURE'
W/R: DirectX	source/game_sa/Pipelines/CustomCarEnvMap/CustomCarEnvMapPipeline.cpp	331	use of undeclared identifier 'D3DTSS_COLORARG1'
W/R: DirectX	source/game_sa/Pipelines/CustomCarEnvMap/CustomCarEnvMapPipeline.cpp	332	use of undeclared identifier 'D3DTA_TFACTOR'
W/R: DirectX	source/game_sa/Pipelines/CustomCarEnvMap/CustomCarEnvMapPipeline.cpp	332	use of undeclared identifier 'D3DTSS_COLORARG2'
W/R: DirectX	source/game_sa/Pipelines/CustomCarEnvMap/CustomCarEnvMapPipeline.cpp	334	use of undeclared identifier 'D3DTOP_SELECTARG2'
W/R: DirectX	source/game_sa/Pipelines/CustomCarEnvMap/CustomCarEnvMapPipeline.cpp	334	use of undeclared identifier 'D3DTSS_ALPHAOP'
W/R: DirectX	source/game_sa/Pipelines/CustomCarEnvMap/CustomCarEnvMapPipeline.cpp	335	use of undeclared identifier 'D3DTA_TEXTURE'
W/R: DirectX	source/game_sa/Pipelines/CustomCarEnvMap/CustomCarEnvMapPipeline.cpp	335	use of undeclared identifier 'D3DTSS_ALPHAARG1'
W/R: DirectX	source/game_sa/Pipelines/CustomCarEnvMap/CustomCarEnvMapPipeline.cpp	336	use of undeclared identifier 'D3DTA_CURRENT'
W/R: DirectX	source/game_sa/Pipelines/CustomCarEnvMap/CustomCarEnvMapPipeline.cpp	336	use of undeclared identifier 'D3DTSS_ALPHAARG2'
W/R: DirectX	source/game_sa/Pipelines/CustomCarEnvMap/CustomCarEnvMapPipeline.cpp	338	use of undeclared identifier 'D3DTSS_TCI_CAMERASPACENORMAL'
W/R: DirectX	source/game_sa/Pipelines/CustomCarEnvMap/CustomCarEnvMapPipeline.cpp	338	use of undeclared identifier 'D3DTSS_TEXCOORDINDEX'
W/R: DirectX	source/game_sa/Pipelines/CustomCarEnvMap/CustomCarEnvMapPipeline.cpp	339	use of undeclared identifier 'D3DTSS_TEXTURETRANSFORMFLAGS'
W/R: DirectX	source/game_sa/Pipelines/CustomCarEnvMap/CustomCarEnvMapPipeline.cpp	339	use of undeclared identifier 'D3DTTFF_COUNT3'
W/R: DirectX	source/game_sa/Pipelines/CustomCarEnvMap/CustomCarEnvMapPipeline.cpp	339	use of undeclared identifier 'D3DTTFF_PROJECTED'
W/R: DirectX	source/game_sa/Pipelines/CustomCarEnvMap/CustomCarEnvMapPipeline.cpp	341	use of undeclared identifier 'D3DTOP_DISABLE'
W/R: DirectX	source/game_sa/Pipelines/CustomCarEnvMap/CustomCarEnvMapPipeline.cpp	341	use of undeclared identifier 'D3DTSS_COLOROP'
W/R: DirectX	source/game_sa/Pipelines/CustomCarEnvMap/CustomCarEnvMapPipeline.cpp	346	use of undeclared identifier 'D3DTADDRESS_WRAP'
W/R: DirectX	source/game_sa/Pipelines/CustomCarEnvMap/CustomCarEnvMapPipeline.cpp	404	unknown type name 'D3DMATRIX'
W/R: DirectX	source/game_sa/Pipelines/CustomCarEnvMap/CustomCarEnvMapPipeline.cpp	410	use of undeclared identifier 'D3DTS_TEXTURE1'
W/R: DirectX	source/game_sa/Pipelines/CustomCarEnvMap/CustomCarEnvMapPipeline.cpp	418	use of undeclared identifier 'D3DCOLOR_ARGB'
W/R: DirectX	source/game_sa/Pipelines/CustomCarEnvMap/CustomCarEnvMapPipeline.cpp	418	use of undeclared identifier 'D3DRS_TEXTUREFACTOR'
W/R: DirectX	source/game_sa/Pipelines/CustomCarEnvMap/CustomCarEnvMapPipeline.cpp	421	use of undeclared identifier 'D3DTOP_BLENDFACTORALPHA'
W/R: DirectX	source/game_sa/Pipelines/CustomCarEnvMap/CustomCarEnvMapPipeline.cpp	421	use of undeclared identifier 'D3DTSS_COLOROP'
W/R: DirectX	source/game_sa/Pipelines/CustomCarEnvMap/CustomCarEnvMapPipeline.cpp	422	use of undeclared identifier 'D3DTA_TEXTURE'
W/R: DirectX	source/game_sa/Pipelines/CustomCarEnvMap/CustomCarEnvMapPipeline.cpp	422	use of undeclared identifier 'D3DTSS_COLORARG1'
W/R: DirectX	source/game_sa/Pipelines/CustomCarEnvMap/CustomCarEnvMapPipeline.cpp	423	use of undeclared identifier 'D3DTA_CURRENT'
W/R: DirectX	source/game_sa/Pipelines/CustomCarEnvMap/CustomCarEnvMapPipeline.cpp	423	use of undeclared identifier 'D3DTSS_COLORARG2'
W/R: DirectX	source/game_sa/Pipelines/CustomCarEnvMap/CustomCarEnvMapPipeline.cpp	424	use of undeclared identifier 'D3DTOP_SELECTARG2'
W/R: DirectX	source/game_sa/Pipelines/CustomCarEnvMap/CustomCarEnvMapPipeline.cpp	424	use of undeclared identifier 'D3DTSS_ALPHAOP'
W/R: DirectX	source/game_sa/Pipelines/CustomCarEnvMap/CustomCarEnvMapPipeline.cpp	425	use of undeclared identifier 'D3DTA_TEXTURE'
W/R: DirectX	source/game_sa/Pipelines/CustomCarEnvMap/CustomCarEnvMapPipeline.cpp	425	use of undeclared identifier 'D3DTSS_ALPHAARG1'
W/R: DirectX	source/game_sa/Pipelines/CustomCarEnvMap/CustomCarEnvMapPipeline.cpp	426	use of undeclared identifier 'D3DTA_CURRENT'
W/R: DirectX	source/game_sa/Pipelines/CustomCarEnvMap/CustomCarEnvMapPipeline.cpp	426	use of undeclared identifier 'D3DTSS_ALPHAARG2'
W/R: DirectX	source/game_sa/Pipelines/CustomCarEnvMap/CustomCarEnvMapPipeline.cpp	427	use of undeclared identifier 'D3DTSS_TCI_PASSTHRU'
W/R: DirectX	source/game_sa/Pipelines/CustomCarEnvMap/CustomCarEnvMapPipeline.cpp	427	use of undeclared identifier 'D3DTSS_TEXCOORDINDEX'
W/R: DirectX	source/game_sa/Pipelines/CustomCarEnvMap/CustomCarEnvMapPipeline.cpp	428	use of undeclared identifier 'D3DTSS_TEXTURETRANSFORMFLAGS'
W/R: DirectX	source/game_sa/Pipelines/CustomCarEnvMap/CustomCarEnvMapPipeline.cpp	428	use of undeclared identifier 'D3DTTFF_COUNT2'
W/R: DirectX	source/game_sa/Pipelines/CustomCarEnvMap/CustomCarEnvMapPipeline.cpp	430	use of undeclared identifier 'D3DTOP_DISABLE'
W/R: DirectX	source/game_sa/Pipelines/CustomCarEnvMap/CustomCarEnvMapPipeline.cpp	430	use of undeclared identifier 'D3DTSS_COLOROP'
W/R: DirectX	source/game_sa/Pipelines/CustomCarEnvMap/CustomCarEnvMapPipeline.cpp	461	unknown type name 'D3DMATERIAL9'
W/R: DirectX	source/game_sa/Pipelines/CustomCarEnvMap/CustomCarEnvMapPipeline.cpp	472	use of undeclared identifier 'D3DRS_AMBIENT'
W/R: DirectX	source/game_sa/Pipelines/CustomCarEnvMap/CustomCarEnvMapPipeline.cpp	473	use of undeclared identifier 'D3DMCS_MATERIAL'
W/R: DirectX	source/game_sa/Pipelines/CustomCarEnvMap/CustomCarEnvMapPipeline.cpp	473	use of undeclared identifier 'D3DRS_AMBIENTMATERIALSOURCE'
W/R: DirectX	source/game_sa/Pipelines/CustomCarEnvMap/CustomCarEnvMapPipeline.cpp	476	use of undeclared identifier 'D3DRS_COLORVERTEX'
W/R: DirectX	source/game_sa/Pipelines/CustomCarEnvMap/CustomCarEnvMapPipeline.cpp	477	use of undeclared identifier 'D3DMCS_COLOR1'
W/R: DirectX	source/game_sa/Pipelines/CustomCarEnvMap/CustomCarEnvMapPipeline.cpp	477	use of undeclared identifier 'D3DMCS_MATERIAL'
W/R: DirectX	source/game_sa/Pipelines/CustomCarEnvMap/CustomCarEnvMapPipeline.cpp	477	use of undeclared identifier 'D3DRS_EMISSIVEMATERIALSOURCE'
W/R: DirectX	source/game_sa/Pipelines/CustomCarEnvMap/CustomCarEnvMapPipeline.cpp	492	use of undeclared identifier 'D3DRS_AMBIENT'
W/R: DirectX	source/game_sa/Pipelines/CustomCarEnvMap/CustomCarEnvMapPipeline.cpp	493	use of undeclared identifier 'D3DMCS_COLOR1'
W/R: DirectX	source/game_sa/Pipelines/CustomCarEnvMap/CustomCarEnvMapPipeline.cpp	493	use of undeclared identifier 'D3DMCS_MATERIAL'
W/R: DirectX	source/game_sa/Pipelines/CustomCarEnvMap/CustomCarEnvMapPipeline.cpp	493	use of undeclared identifier 'D3DRS_AMBIENTMATERIALSOURCE'
W/R: DirectX	source/game_sa/Pipelines/CustomCarEnvMap/CustomCarEnvMapPipeline.cpp	495	use of undeclared identifier 'D3DRS_COLORVERTEX'
W/R: DirectX	source/game_sa/Pipelines/CustomCarEnvMap/CustomCarEnvMapPipeline.cpp	496	use of undeclared identifier 'D3DMCS_MATERIAL'
W/R: DirectX	source/game_sa/Pipelines/CustomCarEnvMap/CustomCarEnvMapPipeline.cpp	496	use of undeclared identifier 'D3DRS_EMISSIVEMATERIALSOURCE'
W/R: DirectX	source/game_sa/Pipelines/CustomCarEnvMap/CustomCarEnvMapPipeline.cpp	511	use of undeclared identifier 'D3DRS_SPECULARENABLE'
W/R: DirectX	source/game_sa/Pipelines/CustomCarEnvMap/CustomCarEnvMapPipeline.cpp	520	use of undeclared identifier 'D3DTOP_DISABLE'
W/R: DirectX	source/game_sa/Pipelines/CustomCarEnvMap/CustomCarEnvMapPipeline.cpp	520	use of undeclared identifier 'D3DTSS_COLOROP'
W/R: DirectX	source/game_sa/Pipelines/CustomCarEnvMap/CustomCarEnvMapPipeline.cpp	521	use of undeclared identifier 'D3DTOP_DISABLE'
W/R: DirectX	source/game_sa/Pipelines/CustomCarEnvMap/CustomCarEnvMapPipeline.cpp	521	use of undeclared identifier 'D3DTSS_ALPHAOP'
W/R: DirectX	source/game_sa/Pipelines/CustomCarEnvMap/CustomCarEnvMapPipeline.cpp	522	use of undeclared identifier 'D3DTSS_TCI_PASSTHRU'
W/R: DirectX	source/game_sa/Pipelines/CustomCarEnvMap/CustomCarEnvMapPipeline.cpp	522	use of undeclared identifier 'D3DTSS_TEXCOORDINDEX'
W/R: DirectX	source/game_sa/Pipelines/CustomCarEnvMap/CustomCarEnvMapPipeline.cpp	523	use of undeclared identifier 'D3DTSS_TEXTURETRANSFORMFLAGS'
P: 64-bit layout (sizeof/offsetof static_assert)	source/game_sa/Pipelines/CustomCarEnvMap/CustomCarEnvMapPipeline.h	53	static assertion failed due to requirement 'sizeof(CustomEnvMapPipeMaterialData) == 12': Invalid structure size of CustomEnvMapPipeMaterialData
W/C: MSVC CRT name	source/game_sa/Pipelines/CustomCarEnvMap/CustomCarEnvMapPipeline.h	79	use of undeclared identifier 'strcpy_s'; did you mean 'strcpy'?
P: 64-bit layout (sizeof/offsetof static_assert)	source/game_sa/Pipelines/CustomCarEnvMap/CustomCarEnvMapPipeline.h	83	static assertion failed due to requirement 'sizeof(CustomSpecMapPipeMaterialData) == 8': Invalid structure size of CustomSpecMapPipeMaterialData
other	source/game_sa/Pipelines/CustomCarEnvMap/CustomCarEnvMapPipeline.h	110	declaration of variable 'g_GameLight' with deduced type 'auto &' requires an initializer
W/R: DirectX	source/game_sa/Pipelines/CustomCarEnvMap/CustomCarEnvMapPipeline.h	110	use of undeclared identifier 'D3DLIGHT9'
W/R: DirectX	source/game_sa/Pipelines/PipelinesCommon.hpp	12	use of undeclared identifier 'D3DTOP_MODULATE'
W/R: DirectX	source/game_sa/Pipelines/PipelinesCommon.hpp	12	use of undeclared identifier 'D3DTSS_COLOROP'
W/R: DirectX	source/game_sa/Pipelines/PipelinesCommon.hpp	13	use of undeclared identifier 'D3DTA_TEXTURE'
W/R: DirectX	source/game_sa/Pipelines/PipelinesCommon.hpp	13	use of undeclared identifier 'D3DTSS_COLORARG1'
W/R: DirectX	source/game_sa/Pipelines/PipelinesCommon.hpp	14	use of undeclared identifier 'D3DTA_DIFFUSE'
W/R: DirectX	source/game_sa/Pipelines/PipelinesCommon.hpp	14	use of undeclared identifier 'D3DTSS_COLORARG2'
W/R: DirectX	source/game_sa/Pipelines/PipelinesCommon.hpp	15	use of undeclared identifier 'D3DTOP_MODULATE'
W/R: DirectX	source/game_sa/Pipelines/PipelinesCommon.hpp	15	use of undeclared identifier 'D3DTSS_ALPHAOP'
W/R: DirectX	source/game_sa/Pipelines/PipelinesCommon.hpp	16	use of undeclared identifier 'D3DTA_TEXTURE'
W/R: DirectX	source/game_sa/Pipelines/PipelinesCommon.hpp	16	use of undeclared identifier 'D3DTSS_ALPHAARG1'
W/R: DirectX	source/game_sa/Pipelines/PipelinesCommon.hpp	17	use of undeclared identifier 'D3DTA_DIFFUSE'
W/R: DirectX	source/game_sa/Pipelines/PipelinesCommon.hpp	17	use of undeclared identifier 'D3DTSS_ALPHAARG2'
W/R: DirectX	source/game_sa/Pipelines/PipelinesCommon.hpp	20	use of undeclared identifier 'D3DTOP_SELECTARG2'
W/R: DirectX	source/game_sa/Pipelines/PipelinesCommon.hpp	20	use of undeclared identifier 'D3DTSS_COLOROP'
W/R: DirectX	source/game_sa/Pipelines/PipelinesCommon.hpp	21	use of undeclared identifier 'D3DTA_DIFFUSE'
W/R: DirectX	source/game_sa/Pipelines/PipelinesCommon.hpp	21	use of undeclared identifier 'D3DTSS_COLORARG2'
W/R: DirectX	source/game_sa/Pipelines/PipelinesCommon.hpp	22	use of undeclared identifier 'D3DTOP_SELECTARG2'
W/R: DirectX	source/game_sa/Pipelines/PipelinesCommon.hpp	22	use of undeclared identifier 'D3DTSS_ALPHAOP'
W/R: DirectX	source/game_sa/Pipelines/PipelinesCommon.hpp	23	use of undeclared identifier 'D3DTA_DIFFUSE'
W/R: DirectX	source/game_sa/Pipelines/PipelinesCommon.hpp	23	use of undeclared identifier 'D3DTSS_ALPHAARG2'
P: 64-bit layout (sizeof/offsetof static_assert)	source/game_sa/PlaceName.h	23	static assertion failed due to requirement 'sizeof(CPlaceName) == 8': Invalid structure size of CPlaceName
P: 64-bit layout (sizeof/offsetof static_assert)	source/game_sa/Plant/PlantColEntEntry.h	21	static assertion failed due to requirement 'sizeof(CPlantColEntEntry) == 20': Invalid structure size of CPlantColEntEntry
P: 64-bit layout (sizeof/offsetof static_assert)	source/game_sa/Plant/PlantLocTri.h	36	static assertion failed due to requirement 'sizeof(CPlantLocTri) == 84': Invalid structure size of CPlantLocTri
W/C: MSVC CRT name	source/game_sa/Plant/ProcObjectMan.cpp	67	use of undeclared identifier 'sscanf_s'
P: 64-bit layout (sizeof/offsetof static_assert)	source/game_sa/Plant/ProcObjectMan.h	17	static assertion failed due to requirement 'sizeof(ProcObjectListItem) == 20': Invalid structure size of ProcObjectListItem
P: 64-bit layout (sizeof/offsetof static_assert)	source/game_sa/Plant/ProcObjectMan.h	44	static assertion failed due to requirement 'sizeof(ProcObjectMan_c) == 19476': Invalid structure size of ProcObjectMan_c
P: 64-bit layout (sizeof/offsetof static_assert)	source/game_sa/Plant/ProcSurfaceInfo.h	51	static assertion failed due to requirement 'sizeof(ProcSurfaceInfo_c) == 72': Invalid structure size of ProcSurfaceInfo_c
C: libc++ / standard-library gap	source/game_sa/PlantMgr.cpp	179	no member named 'enumerate' in namespace 'std::ranges::views'
C: libc++ / standard-library gap	source/game_sa/PlantMgr.cpp	180	no member named 'enumerate' in namespace 'std::ranges::views'
other: undeclared/unknown identifier	source/game_sa/PlantSurfPropMgr.cpp	71	use of undeclared identifier 'strtok_s'; did you mean 'strtok_r'?
W/C: MSVC CRT name	source/game_sa/PlantSurfPropMgr.cpp	85	use of undeclared identifier 'sprintf_s'
other: undeclared/unknown identifier	source/game_sa/PlantSurfPropMgr.cpp	148	use of undeclared identifier 'strtok_s'; did you mean 'strtok_r'?
W/C: MSVC CRT name	source/game_sa/PlayerInfo.cpp	201	use of undeclared identifier 'strcpy_s'; did you mean 'strcpy'?
W/C: MSVC CRT name	source/game_sa/PlayerInfo.cpp	1531	use of undeclared identifier 'strcpy_s'; did you mean 'strcpy'?
P: 64-bit layout (sizeof/offsetof static_assert)	source/game_sa/PlayerInfo.h	149	static assertion failed due to requirement 'sizeof(CPlayerInfo) == 400': Invalid structure size of CPlayerInfo
P: 64-bit layout (sizeof/offsetof static_assert)	source/game_sa/PlayerPedData.h	111	static assertion failed due to requirement 'sizeof(CPlayerPedData) == 172': Invalid structure size of CPlayerPedData
P: 64-bit layout (sizeof/offsetof static_assert)	source/game_sa/PlayerRelationshipRecorder.h	50	static assertion failed due to requirement 'sizeof(CPlayerRelationshipRecorder) == 128': Invalid structure size of CPlayerRelationshipRecorder
P: 64-bit layout (sizeof/offsetof static_assert)	source/game_sa/Plugins/BreakablePlugin/BreakablePlugin.h	47	static assertion failed due to requirement 'sizeof(BreakInfo_t) == 52': Invalid structure size of BreakInfo_t
P: 64-bit layout (sizeof/offsetof static_assert)	source/game_sa/Plugins/BreakablePlugin/BreakablePlugin.h	59	static assertion failed due to requirement 'sizeof(BreakablePlugin) == 4': Invalid structure size of BreakablePlugin
other: undeclared/unknown identifier	source/game_sa/Plugins/NodeNamePlugin/NodeName.cpp	46	use of undeclared identifier 'strncpy_s'; did you mean 'strncpy'?
other: undeclared/unknown identifier	source/game_sa/Plugins/NodeNamePlugin/NodeName.cpp	93	use of undeclared identifier 'strncpy_s'; did you mean 'strncpy'?
P: 64-bit layout (sizeof/offsetof static_assert)	source/game_sa/Plugins/TwoDEffectPlugin/2dEffect.h	101	static assertion failed due to requirement 'sizeof(tEffectLight) == 48': Invalid structure size of tEffectLight
P: 64-bit layout (sizeof/offsetof static_assert)	source/game_sa/Plugins/TwoDEffectPlugin/2dEffect.h	163	static assertion failed due to requirement 'sizeof(tEffectRoadsign) == 32': Invalid structure size of tEffectRoadsign
P: 64-bit layout (sizeof/offsetof static_assert)	source/game_sa/Plugins/TwoDEffectPlugin/2dEffect.h	286	static assertion failed due to requirement 'sizeof(C2dEffect) == 64': Invalid structure size of C2dEffect
P: 64-bit layout (sizeof/offsetof static_assert)	source/game_sa/Plugins/TwoDEffectPlugin/2dEffectStream.h	12	static assertion failed due to requirement 'sizeof(t2dEffectPlugin) == 4': Invalid structure size of t2dEffectPlugin
C: libc++ / standard-library gap	source/game_sa/PointLights.cpp	143	no member named 'enumerate' in namespace 'std::ranges::views'
P: 64-bit layout (sizeof/offsetof static_assert)	source/game_sa/PointLights.h	37	static assertion failed due to requirement 'sizeof(CPointLight) == 48': Invalid structure size of CPointLight
P: 64-bit layout (sizeof/offsetof static_assert)	source/game_sa/PolyBunch.h	22	static assertion failed due to requirement 'sizeof(CPolyBunch) == 104': Invalid structure size of CPolyBunch
other: conversion/overload	source/game_sa/Pools.cpp	242	no matching function for call to 'operator new'
other: conversion/overload	source/game_sa/Pools.cpp	245	no matching function for call to 'operator new'
other: conversion/overload	source/game_sa/Pools.cpp	248	no matching function for call to 'operator new'
other: conversion/overload	source/game_sa/Pools.cpp	251	no matching function for call to 'operator new'
other: conversion/overload	source/game_sa/Pools.cpp	254	no matching function for call to 'operator new'
other: conversion/overload	source/game_sa/Pools.cpp	257	no matching function for call to 'operator new'
other: conversion/overload	source/game_sa/Pools.cpp	260	no matching function for call to 'operator new'
other: conversion/overload	source/game_sa/Pools.cpp	264	no matching function for call to 'operator new'
other: conversion/overload	source/game_sa/Pools.cpp	268	no matching function for call to 'operator new'
other: conversion/overload	source/game_sa/Pools.cpp	271	no matching function for call to 'operator new'
other: conversion/overload	source/game_sa/Pools.cpp	324	no matching member function for call to 'GetAllValid'
other: conversion/overload	source/game_sa/Pools.cpp	331	no matching member function for call to 'GetAllValid'
other: conversion/overload	source/game_sa/Pools.cpp	355	no matching member function for call to 'GetAllValid'
other: conversion/overload	source/game_sa/Pools.cpp	385	no matching member function for call to 'GetAllValid'
W/C: MSVC CRT name	source/game_sa/PopCycle.cpp	64	use of undeclared identifier 'sscanf_s'
C: libc++ / standard-library gap	source/game_sa/PopCycle.cpp	294	no member named 'enumerate' in namespace 'std::ranges::views'
other: undeclared/unknown identifier	source/game_sa/Population.cpp	184	use of undeclared identifier 'strncpy_s'; did you mean 'strncpy'?
W/C: MSVC CRT name	source/game_sa/Population.cpp	363	use of undeclared identifier '_stricmp'
other: conversion/overload	source/game_sa/Population.cpp	427	no matching function for call to object of type 'const (lambda at /Users/Andrei.Mukhin/github/recomp/gta-reversed/source/game_sa/Population.cpp:362:30)'
other: conversion/overload	source/game_sa/Population.cpp	439	no matching function for call to object of type 'const (lambda at /Users/Andrei.Mukhin/github/recomp/gta-reversed/source/game_sa/Population.cpp:362:30)'
other: conversion/overload	source/game_sa/Population.cpp	840	no matching function for call to 'operator new'
other: conversion/overload	source/game_sa/Population.cpp	858	no matching function for call to 'operator new'
other: conversion/overload	source/game_sa/Population.cpp	882	no matching function for call to 'operator new'
other: conversion/overload	source/game_sa/Population.cpp	885	no matching function for call to 'operator new'
other: conversion/overload	source/game_sa/Population.cpp	887	no matching function for call to 'operator new'
other: conversion/overload	source/game_sa/Population.cpp	1180	no matching function for call to 'operator new'
other: conversion/overload	source/game_sa/Population.cpp	1232	no matching function for call to 'operator new'
other: conversion/overload	source/game_sa/Population.cpp	1492	no matching member function for call to 'GetAllValid'
P: integer width / mixed-type overload	source/game_sa/Population.cpp	1536	no matching function for call to 'GetRandomNumberInRange'
P: 64-bit layout (sizeof/offsetof static_assert)	source/game_sa/Population.cpp	1639	static assertion failed due to requirement '__builtin_offsetof(CObject, m_nObjectType) == 316'
other: conversion/overload	source/game_sa/Population.cpp	2461	no matching member function for call to 'GetAllValid'
other: conversion/overload	source/game_sa/Population.cpp	2487	no matching member function for call to 'GetAllValid'
P: 64-bit layout (sizeof/offsetof static_assert)	source/game_sa/PostEffects.h	209	static assertion failed due to requirement 'sizeof(CPostEffects::imf) == 344': Invalid structure size of imf
P: 64-bit layout (sizeof/offsetof static_assert)	source/game_sa/ProjectileInfo.h	48	static assertion failed due to requirement 'sizeof(CProjectileInfo) == 36': Invalid structure size of CProjectileInfo
P: 64-bit layout (sizeof/offsetof static_assert)	source/game_sa/Queue.h	24	static assertion failed due to requirement 'sizeof(Queue) == 16': Invalid structure size of Queue
other: undeclared/unknown identifier	source/game_sa/Queue.h	27	use of undeclared identifier 'LPTR'
other: undeclared/unknown identifier	source/game_sa/Queue.h	34	use of undeclared identifier 'LocalFree'
F/C: inline asm / naked	source/game_sa/Radar.cpp	441	unsupported architecture 'arm64' for MS-style inline assembly
F/C: inline asm / naked	source/game_sa/Radar.cpp	443	unsupported architecture 'arm64' for MS-style inline assembly
F/C: inline asm / naked	source/game_sa/Radar.cpp	449	unsupported architecture 'arm64' for MS-style inline assembly
F/C: inline asm / naked	source/game_sa/Radar.cpp	503	unsupported architecture 'arm64' for MS-style inline assembly
F/C: inline asm / naked	source/game_sa/Radar.cpp	518	unsupported architecture 'arm64' for MS-style inline assembly
C: libc++ / standard-library gap	source/game_sa/Radar.cpp	1458	no member named 'enumerate' in namespace 'std::ranges::views'
C: libc++ / standard-library gap	source/game_sa/Radar.cpp	1590	no member named 'enumerate' in namespace 'std::ranges::views'
W/R: DirectX	source/game_sa/Radar.cpp	1702	use of undeclared identifier 'D3DSHADE_FLAT'
W/R: DirectX	source/game_sa/Radar.cpp	1706	use of undeclared identifier 'D3DTADDRESS_CLAMP'
P: 64-bit layout (sizeof/offsetof static_assert)	source/game_sa/Radar.cpp	1885	static assertion failed due to requirement 'sizeof(CSprite2d) == 4'
C: libc++ / standard-library gap	source/game_sa/Radar.cpp	2276	no member named 'enumerate' in namespace 'std::ranges::views'
C: libc++ / standard-library gap	source/game_sa/Radar.cpp	2362	no member named 'enumerate' in namespace 'std::ranges::views'
C: libc++ / standard-library gap	source/game_sa/Radar.cpp	2393	no member named 'enumerate' in namespace 'std::ranges::views'
C: libc++ / standard-library gap	source/game_sa/Radar.cpp	2604	no member named 'enumerate' in namespace 'std::ranges::views'
P: 64-bit layout (sizeof/offsetof static_assert)	source/game_sa/Radar.h	196	static assertion failed due to requirement 'sizeof(tRadarTrace) == 40': Invalid structure size of tRadarTrace
C: libc++ / standard-library gap	source/game_sa/Ragdoll/BoneNode.cpp	160	no member named 'enumerate' in namespace 'std::ranges::views'
P: 64-bit layout (sizeof/offsetof static_assert)	source/game_sa/Ragdoll/BoneNode.h	85	static assertion failed due to requirement 'sizeof(BoneNode_c) == 152': Invalid structure size of BoneNode_c
P: 64-bit layout (sizeof/offsetof static_assert)	source/game_sa/Ragdoll/BoneNodeManager.h	49	static assertion failed due to requirement 'sizeof(BoneNodeManager_c) == 19468': Invalid structure size of BoneNodeManager_c
P: 64-bit layout (sizeof/offsetof static_assert)	source/game_sa/Ragdoll/IKChain.h	94	static assertion failed due to requirement 'sizeof(IKChain_c) == 88': Invalid structure size of IKChain_c
P: 64-bit layout (sizeof/offsetof static_assert)	source/game_sa/Ragdoll/IKChainManager.h	145	static assertion failed due to requirement 'sizeof(IKChainManager_c) == 2840': Invalid structure size of IKChainManager_c
P: 64-bit layout (sizeof/offsetof static_assert)	source/game_sa/RealTimeShadow.h	83	static assertion failed due to requirement 'sizeof(CRealTimeShadow) == 76': Invalid structure size of CRealTimeShadow
P: 64-bit layout (sizeof/offsetof static_assert)	source/game_sa/RealTimeShadowManager.h	30	static assertion failed due to requirement 'sizeof(CRealTimeShadowManager) == 84': Invalid structure size of CRealTimeShadowManager
P: 64-bit layout (sizeof/offsetof static_assert)	source/game_sa/Reference.h	17	static assertion failed due to requirement 'sizeof(CReference) == 8': Invalid structure size of CReference
P: 64-bit layout (sizeof/offsetof static_assert)	source/game_sa/RegisteredCorona.h	98	static assertion failed due to requirement 'sizeof(CRegisteredCorona) == 60': Invalid structure size of CRegisteredCorona
P: 64-bit layout (sizeof/offsetof static_assert)	source/game_sa/Remote.cpp	11	static assertion failed due to requirement '__builtin_offsetof(CVehicle, m_autoPilot) == 912'
P: 64-bit layout (sizeof/offsetof static_assert)	source/game_sa/Remote.cpp	12	static assertion failed due to requirement '__builtin_offsetof(CVehicle, vehicleFlags) == 1064'
P: 64-bit layout (sizeof/offsetof static_assert)	source/game_sa/Remote.cpp	13	static assertion failed due to requirement '__builtin_offsetof(CPlayerInfo, m_nTimeOfRemoteVehicleExplosion) == 224'
other: conversion/overload	source/game_sa/Remote.cpp	48	no matching function for call to 'operator new'
other: conversion/overload	source/game_sa/Remote.cpp	50	no matching function for call to 'operator new'
other: conversion/overload	source/game_sa/Remote.cpp	52	no matching function for call to 'operator new'
C: syntax / extension	source/game_sa/RenderWare/D3DIndexDataBuffer.cpp	17	expected expression
W/R: DirectX	source/game_sa/RenderWare/D3DIndexDataBuffer.cpp	17	use of undeclared identifier 'IDirect3DIndexBuffer9'
W/R: DirectX	source/game_sa/RenderWare/D3DIndexDataBuffer.cpp	25	unknown type name 'IDirect3DIndexBuffer9'
W/R: DirectX	source/game_sa/RenderWare/D3DIndexDataBuffer.cpp	32	unknown type name 'D3DINDEXBUFFER_DESC'
other	source/game_sa/RenderWare/D3DIndexDataBuffer.cpp	33	member reference base type 'void' is not a structure or union
other: conversion/overload	source/game_sa/RenderWare/D3DIndexDataBuffer.cpp	50	cannot initialize return object of type 'int *' with an rvalue of type 'void *const'
W/R: DirectX	source/game_sa/RenderWare/D3DIndexDataBuffer.cpp	59	unknown type name 'D3DINDEXBUFFER_DESC'
other	source/game_sa/RenderWare/D3DIndexDataBuffer.cpp	60	member reference base type 'void' is not a structure or union
W/R: DirectX	source/game_sa/RenderWare/D3DIndexDataBuffer.cpp	65	unknown type name 'D3DINDEXBUFFER_DESC'
other	source/game_sa/RenderWare/D3DIndexDataBuffer.cpp	66	member reference base type 'void' is not a structure or union
P: 64-bit layout (sizeof/offsetof static_assert)	source/game_sa/RenderWare/D3DIndexDataBuffer.h	44	static assertion failed due to requirement 'sizeof(D3DIndexDataBuffer) == 24': Invalid structure size of D3DIndexDataBuffer
C: syntax / extension	source/game_sa/RenderWare/D3DResourceSystem.cpp	16	expected expression
W/R: DirectX	source/game_sa/RenderWare/D3DResourceSystem.cpp	16	use of undeclared identifier 'IDirect3DTexture9'
C: syntax / extension	source/game_sa/RenderWare/D3DResourceSystem.cpp	29	expected expression
W/R: DirectX	source/game_sa/RenderWare/D3DResourceSystem.cpp	29	use of undeclared identifier 'IDirect3DIndexBuffer9'; did you mean 'CreateIndexBuffer'?
C: syntax / extension	source/game_sa/RenderWare/D3DResourceSystem.cpp	41	expected expression
W/R: DirectX	source/game_sa/RenderWare/D3DResourceSystem.cpp	41	use of undeclared identifier 'IDirect3DIndexBuffer9'; did you mean 'CreateIndexBuffer'?
C: syntax / extension	source/game_sa/RenderWare/D3DResourceSystem.cpp	121	expected expression
W/R: DirectX	source/game_sa/RenderWare/D3DResourceSystem.cpp	121	use of undeclared identifier 'IDirect3DTexture9'
C: syntax / extension	source/game_sa/RenderWare/D3DResourceSystem.cpp	130	expected expression
W/R: DirectX	source/game_sa/RenderWare/D3DResourceSystem.cpp	130	use of undeclared identifier 'IDirect3DIndexBuffer9'; did you mean 'CreateIndexBuffer'?
C: syntax / extension	source/game_sa/RenderWare/D3DResourceSystem.cpp	138	expected expression
W/R: DirectX	source/game_sa/RenderWare/D3DResourceSystem.cpp	138	use of undeclared identifier 'IDirect3DIndexBuffer9'; did you mean 'CreateIndexBuffer'?
C: syntax / extension	source/game_sa/RenderWare/D3DResourceSystem.cpp	155	expected expression
W/R: DirectX	source/game_sa/RenderWare/D3DResourceSystem.cpp	155	use of undeclared identifier 'IDirect3DIndexBuffer9'; did you mean 'CreateIndexBuffer'?
C: syntax / extension	source/game_sa/RenderWare/D3DResourceSystem.cpp	176	expected expression
W/R: DirectX	source/game_sa/RenderWare/D3DResourceSystem.cpp	176	use of undeclared identifier 'IDirect3DIndexBuffer9'; did you mean 'CreateIndexBuffer'?
C: syntax / extension	source/game_sa/RenderWare/D3DResourceSystem.cpp	203	expected expression
W/R: DirectX	source/game_sa/RenderWare/D3DResourceSystem.cpp	203	use of undeclared identifier 'IDirect3DTexture9'
W/R: DirectX	source/game_sa/RenderWare/D3DResourceSystem.cpp	225	use of undeclared identifier 'IDirect3DIndexBuffer9'; did you mean 'CreateIndexBuffer'?
other: undeclared/unknown identifier	source/game_sa/RenderWare/D3DResourceSystem.cpp	225	use of undeclared identifier 'ib'
other: undeclared/unknown identifier	source/game_sa/RenderWare/D3DResourceSystem.cpp	229	use of undeclared identifier 'ib'
other: undeclared/unknown identifier	source/game_sa/RenderWare/D3DResourceSystem.cpp	233	use of undeclared identifier 'ib'
other: undeclared/unknown identifier	source/game_sa/RenderWare/D3DResourceSystem.cpp	235	use of undeclared identifier 'ib'
other: undeclared/unknown identifier	source/game_sa/RenderWare/D3DResourceSystem.cpp	236	use of undeclared identifier 'ib'
W/R: DirectX	source/game_sa/RenderWare/D3DResourceSystem.cpp	237	unknown type name 'D3DINDEXBUFFER_DESC'
other: undeclared/unknown identifier	source/game_sa/RenderWare/D3DResourceSystem.cpp	238	use of undeclared identifier 'ib'
other: undeclared/unknown identifier	source/game_sa/RenderWare/D3DResourceSystem.cpp	242	use of undeclared identifier 'ib'
other: undeclared/unknown identifier	source/game_sa/RenderWare/D3DResourceSystem.cpp	243	use of undeclared identifier 'ib'
other: undeclared/unknown identifier	source/game_sa/RenderWare/D3DResourceSystem.cpp	244	use of undeclared identifier 'ib'
C: syntax / extension	source/game_sa/RenderWare/D3DResourceSystem.cpp	250	expected expression
W/R: DirectX	source/game_sa/RenderWare/D3DResourceSystem.cpp	250	use of undeclared identifier 'D3DFMT_INDEX16'; did you mean 'rw::xbox::D3DFMT_INDEX16'?
W/R: DirectX	source/game_sa/RenderWare/D3DResourceSystem.cpp	250	use of undeclared identifier 'D3DPOOL_MANAGED'
W/R: DirectX	source/game_sa/RenderWare/D3DResourceSystem.cpp	250	use of undeclared identifier 'D3DUSAGE_WRITEONLY'
W/R: DirectX	source/game_sa/RenderWare/D3DResourceSystem.cpp	250	use of undeclared identifier 'IDirect3DIndexBuffer9'; did you mean 'CreateIndexBuffer'?
C: syntax / extension	source/game_sa/RenderWare/D3DResourceSystem.cpp	287	expected expression
W/R: DirectX	source/game_sa/RenderWare/D3DResourceSystem.cpp	287	use of undeclared identifier 'D3DFORMAT'
W/R: DirectX	source/game_sa/RenderWare/D3DResourceSystem.cpp	287	use of undeclared identifier 'D3DPOOL_MANAGED'
W/R: DirectX	source/game_sa/RenderWare/D3DResourceSystem.cpp	287	use of undeclared identifier 'IDirect3DTexture9'
C: syntax / extension	source/game_sa/RenderWare/D3DResourceSystem.cpp	292	expected expression
W/R: DirectX	source/game_sa/RenderWare/D3DResourceSystem.cpp	292	use of undeclared identifier 'IDirect3DIndexBuffer9'; did you mean 'CreateIndexBuffer'?
W/R: DirectX	source/game_sa/RenderWare/D3DResourceSystem.cpp	299	unknown type name 'D3DINDEXBUFFER_DESC'
C: syntax / extension	source/game_sa/RenderWare/D3DResourceSystem.cpp	319	expected expression
W/R: DirectX	source/game_sa/RenderWare/D3DResourceSystem.cpp	319	use of undeclared identifier 'IDirect3DTexture9'
W/R: DirectX	source/game_sa/RenderWare/D3DResourceSystem.cpp	329	unknown type name 'D3DSURFACE_DESC'
other: conversion/overload	source/game_sa/RenderWare/D3DResourceSystem.cpp	411	no matching member function for call to 'InstallStatic'
W/R: DirectX	source/game_sa/RenderWare/D3DResourceSystem.cpp	411	unknown type name 'IDirect3DTexture9'
other: conversion/overload	source/game_sa/RenderWare/D3DResourceSystem.cpp	418	no matching member function for call to 'InstallStatic'
W/R: DirectX	source/game_sa/RenderWare/D3DResourceSystem.cpp	418	unknown type name 'IDirect3DIndexBuffer9'
C: syntax / extension	source/game_sa/RenderWare/D3DTextureBuffer.cpp	17	expected expression
W/R: DirectX	source/game_sa/RenderWare/D3DTextureBuffer.cpp	17	use of undeclared identifier 'IDirect3DTexture9'
W/R: DirectX	source/game_sa/RenderWare/D3DTextureBuffer.cpp	36	unknown type name 'IDirect3DTexture9'
W/R: DirectX	source/game_sa/RenderWare/D3DTextureBuffer.cpp	46	unknown type name 'IDirect3DTexture9'
W/R: DirectX	source/game_sa/RenderWare/D3DTextureBuffer.cpp	56	unknown type name 'IDirect3DTexture9'
other	source/game_sa/RenderWare/D3DTextureBuffer.cpp	60	member reference base type 'void' is not a structure or union
W/R: DirectX	source/game_sa/RenderWare/D3DTextureBuffer.cpp	64	unknown type name 'D3DSURFACE_DESC'
other	source/game_sa/RenderWare/D3DTextureBuffer.cpp	65	member reference base type 'void' is not a structure or union
other: conversion/overload	source/game_sa/RenderWare/D3DTextureBuffer.cpp	77	cannot initialize return object of type 'int *' with an rvalue of type 'void *const'
W/R: DirectX	source/game_sa/RenderWare/D3DTextureBuffer.cpp	89	unknown type name 'D3DSURFACE_DESC'
other	source/game_sa/RenderWare/D3DTextureBuffer.cpp	90	member reference base type 'void' is not a structure or union
other	source/game_sa/RenderWare/D3DTextureBuffer.cpp	91	member reference base type 'void' is not a structure or union
W/R: DirectX	source/game_sa/RenderWare/D3DTextureBuffer.cpp	100	unknown type name 'D3DSURFACE_DESC'
other	source/game_sa/RenderWare/D3DTextureBuffer.cpp	101	member reference base type 'void' is not a structure or union
other	source/game_sa/RenderWare/D3DTextureBuffer.cpp	103	member reference base type 'void' is not a structure or union
P: 64-bit layout (sizeof/offsetof static_assert)	source/game_sa/RenderWare/D3DTextureBuffer.h	45	static assertion failed due to requirement 'sizeof(D3DTextureBuffer) == 28': Invalid structure size of D3DTextureBuffer
P: 64-bit layout (sizeof/offsetof static_assert)	source/game_sa/Renderer.h	48	static assertion failed due to requirement 'sizeof(tScanLists) == 20': Invalid structure size of tScanLists
P: 64-bit layout (sizeof/offsetof static_assert)	source/game_sa/Renderer.h	54	static assertion failed due to requirement 'sizeof(tRenderListEntry) == 8': Invalid structure size of tRenderListEntry
P: 64-bit layout (sizeof/offsetof static_assert)	source/game_sa/RepeatSector.h	30	static assertion failed due to requirement 'sizeof(CRepeatSector) == 12': Invalid structure size of CRepeatSector
other	source/game_sa/Replay.cpp	167	return type 'int' must match previous return type 'long' when lambda expression has unspecified explicit return type
other: conversion/overload	source/game_sa/Replay.cpp	298	no matching member function for call to 'GetAllValid'
other: conversion/overload	source/game_sa/Replay.cpp	302	no matching member function for call to 'GetAllValid'
other: conversion/overload	source/game_sa/Replay.cpp	737	no matching member function for call to 'GetAllValid'
other: conversion/overload	source/game_sa/Replay.cpp	749	no matching member function for call to 'GetAllValid'
other: conversion/overload	source/game_sa/Replay.cpp	835	no matching member function for call to 'GetAllValid'
other: conversion/overload	source/game_sa/Replay.cpp	862	no matching member function for call to 'GetAllValid'
other	source/game_sa/Replay.cpp	906	cannot use type 'void' as a range
other	source/game_sa/Replay.cpp	952	cannot use type 'void' as a range
C: libc++ / standard-library gap	source/game_sa/Replay.cpp	976	no member named 'enumerate' in namespace 'std::ranges::views'
C: libc++ / standard-library gap	source/game_sa/Replay.cpp	1528	no member named 'enumerate' in namespace 'std::ranges::views'
P: 64-bit layout (sizeof/offsetof static_assert)	source/game_sa/Replay.cpp	1597	static assertion failed due to requirement 'sizeof(tReplayCameraBlock) == CReplay::FindSizeOfPacket(tReplayCameraBlock::Type)': Block size mismatch!
C: libc++ / standard-library gap	source/game_sa/ReplayBlockType.cpp	52	no member named 'enumerate' in namespace 'std::ranges::views'
other: conversion/overload	source/game_sa/RoadBlocks.cpp	455	no matching function for call to 'operator new'
other: conversion/overload	source/game_sa/RoadBlocks.cpp	457	no matching function for call to 'operator new'
P: integer width / mixed-type overload	source/game_sa/RoadBlocks.cpp	532	no matching function for call to 'min'
C: libc++ / standard-library gap	source/game_sa/RoadBlocks.cpp	580	no member named 'enumerate' in namespace 'std::ranges::views'
P: 64-bit layout (sizeof/offsetof static_assert)	source/game_sa/Rope.h	60	static assertion failed due to requirement 'sizeof(CRope) == 808': Invalid structure size of CRope
other: undeclared/unknown identifier	source/game_sa/RwHelper.cpp	62	use of undeclared identifier 'strncpy_s'
W/C: MSVC CRT name	source/game_sa/RwHelper.cpp	80	use of undeclared identifier 'strcpy_s'
P: pointer/int width (cast/narrowing)	source/game_sa/RwHelper.cpp	263	cast to smaller integer type 'unsigned int' from 'void *' [-Werror,-Wvoid-pointer-to-int-cast]
P: pointer/int width (cast/narrowing)	source/game_sa/RwHelper.cpp	270	cast to 'void *' from smaller integer type 'unsigned int' [-Werror,-Wint-to-void-pointer-cast]
P: pointer/int width (cast/narrowing)	source/game_sa/RwHelper.cpp	276	cast to smaller integer type 'unsigned int' from 'void *' [-Werror,-Wvoid-pointer-to-int-cast]
P: pointer/int width (cast/narrowing)	source/game_sa/RwHelper.cpp	282	cast to 'void *' from smaller integer type 'unsigned int' [-Werror,-Wint-to-void-pointer-cast]
P: 64-bit layout (sizeof/offsetof static_assert)	source/game_sa/RwObjectNameIdAssocation.h	88	static assertion failed due to requirement 'sizeof(RwObjectNameIdAssocation) == 12': Invalid structure size of RwObjectNameIdAssocation
P: 64-bit layout (sizeof/offsetof static_assert)	source/game_sa/Scene.h	17	static assertion failed due to requirement 'sizeof(CScene) == 8': Invalid structure size of CScene
P: 64-bit layout (sizeof/offsetof static_assert)	source/game_sa/ScriptResourceManager.h	47	static assertion failed due to requirement 'sizeof(CScriptResourceManager) == 900': Invalid structure size of CScriptResourceManager
P: 64-bit layout (sizeof/offsetof static_assert)	source/game_sa/ScriptResourceManager.h	48	static assertion failed due to requirement 'sizeof(tScriptResource) == 12': Invalid structure size of tScriptResource
other: undeclared/unknown identifier	source/game_sa/Scripts/CommandParser/ReadArg.hpp	205	use of undeclared identifier 'DebugBreak'; did you mean 'OS_DebugBreak'?
W: Win32 API / type	source/game_sa/Scripts/Commands/CLEO/CLEOPadCommands.cpp	11	use of undeclared identifier 'GetKeyState'
other: conversion/overload	source/game_sa/Scripts/Commands/CharacterCommands.cpp	1570	no matching function for call to 'operator new'
other: conversion/overload	source/game_sa/Scripts/Commands/CharacterCommands.cpp	1572	no matching function for call to 'operator new'
other: conversion/overload	source/game_sa/Scripts/Commands/CharacterCommands.cpp	1573	no matching function for call to 'operator new'
C: libc++ / standard-library gap	source/game_sa/Scripts/Commands/CharacterCommands.cpp	3073	no member named 'enumerate' in namespace 'std::ranges::views'
W/C: MSVC CRT name	source/game_sa/Scripts/Commands/DrawCommands.cpp	109	use of undeclared identifier 'stricmp'; did you mean 'strcmp'?
other: undeclared/unknown identifier	source/game_sa/Scripts/Commands/DrawCommands.cpp	109	use of undeclared identifier 'strncpy_s'; did you mean 'strncpy'?
other	source/game_sa/Scripts/Commands/MissionCommands.cpp	42	return type 'unsigned int' must match previous return type 'size_t' (aka 'unsigned long') when lambda expression has unspecified explicit return type
other: conversion/overload	source/game_sa/Scripts/Commands/MissionCommands.cpp	50	cannot initialize a parameter of type 'locale_t' (aka '_xlocale *') with an lvalue of type 'const char[24]'
W/C: MSVC CRT name	source/game_sa/Scripts/Commands/MissionCommands.cpp	50	use of undeclared identifier 'sprintf_s'; did you mean 'sprintf_l'?
other: conversion/overload	source/game_sa/Scripts/Commands/ObjectCommands.cpp	53	no matching function for call to 'bit_cast'
P: pointer/int width (cast/narrowing)	source/game_sa/Scripts/Commands/PlayerCommands.cpp	57	cast to smaller integer type 'unsigned int' from 'CRunningScript *' [-Werror,-Wpointer-to-int-cast]
P: pointer/int width (cast/narrowing)	source/game_sa/Scripts/Commands/PlayerCommands.cpp	57	cast to smaller integer type 'unsigned int' from 'unsigned char *' [-Werror,-Wpointer-to-int-cast]
P: pointer/int width (cast/narrowing)	source/game_sa/Scripts/Commands/PlayerCommands.cpp	72	cast to smaller integer type 'unsigned int' from 'CRunningScript *' [-Werror,-Wpointer-to-int-cast]
P: pointer/int width (cast/narrowing)	source/game_sa/Scripts/Commands/PlayerCommands.cpp	72	cast to smaller integer type 'unsigned int' from 'unsigned char *' [-Werror,-Wpointer-to-int-cast]
other: conversion/overload	source/game_sa/Scripts/Commands/Ported/Group01_04.cpp	86	no matching function for call to 'operator new'
other: conversion/overload	source/game_sa/Scripts/Commands/Ported/Group01_04.cpp	88	no matching function for call to 'operator new'
other: conversion/overload	source/game_sa/Scripts/Commands/Ported/Group01_04.cpp	89	no matching function for call to 'operator new'
other: conversion/overload	source/game_sa/Scripts/Commands/Ported/Group01_04.cpp	520	no matching function for call to 'operator new'
other: conversion/overload	source/game_sa/Scripts/Commands/Ported/Group01_04.cpp	522	no matching function for call to 'operator new'
other: conversion/overload	source/game_sa/Scripts/Commands/Ported/Group01_04.cpp	523	no matching function for call to 'operator new'
P: 64-bit layout (sizeof/offsetof static_assert)	source/game_sa/Scripts/Commands/Ported/Group05_08.cpp	65	static assertion failed due to requirement '__builtin_offsetof(CVehicle, m_nDoorLock) == 1272'
P: 64-bit layout (sizeof/offsetof static_assert)	source/game_sa/Scripts/Commands/Ported/Group05_08.cpp	66	static assertion failed due to requirement '__builtin_offsetof(CVehicle, m_fHealth) == 1216'
P: 64-bit layout (sizeof/offsetof static_assert)	source/game_sa/Scripts/Commands/Ported/Group05_08.cpp	67	static assertion failed due to requirement '__builtin_offsetof(CVehicle, m_nPrimaryColor) == 1076'
P: 64-bit layout (sizeof/offsetof static_assert)	source/game_sa/Scripts/Commands/Ported/Group05_08.cpp	68	static assertion failed due to requirement '__builtin_offsetof(CVehicle, m_nSecondaryColor) == 1077'
P: 64-bit layout (sizeof/offsetof static_assert)	source/game_sa/Scripts/Commands/Ported/Group05_08.cpp	69	static assertion failed due to requirement '__builtin_offsetof(CVehicle, m_nLastWeaponDamageType) == 1288'
P: 64-bit layout (sizeof/offsetof static_assert)	source/game_sa/Scripts/Commands/Ported/Group05_08.cpp	70	static assertion failed due to requirement '__builtin_offsetof(CVehicle, m_autoPilot) + __builtin_offsetof(CAutoPilot, m_nCarMission) == 954'
P: 64-bit layout (sizeof/offsetof static_assert)	source/game_sa/Scripts/Commands/Ported/Group05_08.cpp	71	static assertion failed due to requirement '__builtin_offsetof(CVehicle, m_autoPilot) + __builtin_offsetof(CAutoPilot, m_nCruiseSpeed) == 976'
P: 64-bit layout (sizeof/offsetof static_assert)	source/game_sa/Scripts/Commands/Ported/Group05_08.cpp	72	static assertion failed due to requirement '__builtin_offsetof(CVehicle, m_autoPilot) + __builtin_offsetof(CAutoPilot, m_nTimeToStartMission) == 940'
P: 64-bit layout (sizeof/offsetof static_assert)	source/game_sa/Scripts/Commands/Ported/Group05_08.cpp	73	static assertion failed due to requirement '__builtin_offsetof(CVehicle, m_autoPilot) + __builtin_offsetof(CAutoPilot, m_vecDestinationCoors) == 1004'
P: 64-bit layout (sizeof/offsetof static_assert)	source/game_sa/Scripts/Commands/Ported/Group05_08.cpp	74	static assertion failed due to requirement '__builtin_offsetof(CAutomobile, m_fWheelsSuspensionCompression) == 2004'
P: 64-bit layout (sizeof/offsetof static_assert)	source/game_sa/Scripts/Commands/Ported/Group05_08.cpp	75	static assertion failed due to requirement '__builtin_offsetof(CAutomobile, autoFlags) == 2152'
P: 64-bit layout (sizeof/offsetof static_assert)	source/game_sa/Scripts/Commands/Ported/Group05_08.cpp	76	static assertion failed due to requirement '__builtin_offsetof(CBoat, m_nBoatFlags) == 1452'
P: 64-bit layout (sizeof/offsetof static_assert)	source/game_sa/Scripts/Commands/Ported/Group05_08.cpp	77	static assertion failed due to requirement '__builtin_offsetof(CPed, m_fArmour) == 1352'
P: 64-bit layout (sizeof/offsetof static_assert)	source/game_sa/Scripts/Commands/Ported/Group05_08.cpp	78	static assertion failed due to requirement '__builtin_offsetof(CPed, m_nAnimGroup) == 1236'
P: 64-bit layout (sizeof/offsetof static_assert)	source/game_sa/Scripts/Commands/Ported/Group05_08.cpp	79	static assertion failed due to requirement '__builtin_offsetof(CPed, m_pVehicle) == 1420'
P: 64-bit layout (sizeof/offsetof static_assert)	source/game_sa/Scripts/Commands/Ported/Group05_08.cpp	80	static assertion failed due to requirement '__builtin_offsetof(CPed, m_pTargetedObject) == 1820'
P: 64-bit layout (sizeof/offsetof static_assert)	source/game_sa/Scripts/Commands/Ported/Group05_08.cpp	81	static assertion failed due to requirement '__builtin_offsetof(CPlayerInfo, m_nTotalNumCollectables) == 196'
P: 64-bit layout (sizeof/offsetof static_assert)	source/game_sa/Scripts/Commands/Ported/Group05_08.cpp	82	static assertion failed due to requirement '__builtin_offsetof(CPlayerInfo, m_nMaxArmour) == 336'
P: 64-bit layout (sizeof/offsetof static_assert)	source/game_sa/Scripts/Commands/Ported/Group05_08.cpp	83	static assertion failed due to requirement '__builtin_offsetof(CRunningScript, m_IP) == 20'
W/C: MSVC CRT name	source/game_sa/Scripts/Commands/Ported/Group05_08.cpp	142	use of undeclared identifier '_stricmp'; did you mean 'strcmp'?
other: undeclared/unknown identifier	source/game_sa/Scripts/Commands/Ported/Group05_08.cpp	241	use of undeclared identifier 'strncpy_s'; did you mean 'strncpy'?
W/C: MSVC CRT name	source/game_sa/Scripts/Commands/Ported/Group05_08.cpp	272	use of undeclared identifier '_stricmp'; did you mean 'strcmp'?
other: conversion/overload	source/game_sa/Scripts/Commands/Ported/Group05_08.cpp	1041	no matching function for call to 'operator new'
P: pointer/int width (cast/narrowing)	source/game_sa/Scripts/Commands/Ported/Group09_12.hpp	44	cast to smaller integer type 'unsigned int' from 'const CRunningScript *' [-Werror,-Wpointer-to-int-cast]
P: pointer/int width (cast/narrowing)	source/game_sa/Scripts/Commands/Ported/Group09_12.hpp	44	cast to smaller integer type 'unsigned int' from 'unsigned char *' [-Werror,-Wpointer-to-int-cast]
P: 64-bit layout (sizeof/offsetof static_assert)	source/game_sa/Scripts/Commands/Ported/Group10.cpp	194	static assertion failed due to requirement '__builtin_offsetof(CPlayerInfo, m_bFreeHealthCare) == 338'
P: 64-bit layout (sizeof/offsetof static_assert)	source/game_sa/Scripts/Commands/Ported/Group10.cpp	195	static assertion failed due to requirement '__builtin_offsetof(CVehicle, m_nMaxPassengers) == 1160'
P: 64-bit layout (sizeof/offsetof static_assert)	source/game_sa/Scripts/Commands/Ported/Group10.cpp	196	static assertion failed due to requirement '__builtin_offsetof(CBike, nBikeFlags) == 1556'
P: 64-bit layout (sizeof/offsetof static_assert)	source/game_sa/Scripts/Commands/Ported/Group10.cpp	197	static assertion failed due to requirement '__builtin_offsetof(CCamera, m_bIgnoreFadingStuffForMusic) == 37'
P: 64-bit layout (sizeof/offsetof static_assert)	source/game_sa/Scripts/Commands/Ported/Group10.cpp	198	static assertion failed due to requirement '__builtin_offsetof(CAutomobile, m_fCarTraction) == 2208'
P: 64-bit layout (sizeof/offsetof static_assert)	source/game_sa/Scripts/Commands/Ported/Group10.cpp	199	static assertion failed due to requirement '__builtin_offsetof(CBike, m_fExtraTractionMult) == 1940'
P: 64-bit layout (sizeof/offsetof static_assert)	source/game_sa/Scripts/Commands/Ported/Group11.cpp	188	static assertion failed due to requirement '__builtin_offsetof(CPlayerInfo, m_pRemoteVehicle) == 176'
P: 64-bit layout (sizeof/offsetof static_assert)	source/game_sa/Scripts/Commands/Ported/Group11.cpp	189	static assertion failed due to requirement '__builtin_offsetof(CVehicle, m_pFire) == 1168'
P: 64-bit layout (sizeof/offsetof static_assert)	source/game_sa/Scripts/Commands/Ported/Group11.cpp	190	static assertion failed due to requirement '__builtin_offsetof(CVehicle, m_nLastWeaponDamageType) == 1288'
P: 64-bit layout (sizeof/offsetof static_assert)	source/game_sa/Scripts/Commands/Ported/Group11.cpp	191	static assertion failed due to requirement '__builtin_offsetof(CVehicle, m_pDriver) == 1120'
P: 64-bit layout (sizeof/offsetof static_assert)	source/game_sa/Scripts/Commands/Ported/Group11.cpp	192	static assertion failed due to requirement '__builtin_offsetof(CVehicle, m_autoPilot) + __builtin_offsetof(CAutoPilot, m_nTempAction) == 955'
P: 64-bit layout (sizeof/offsetof static_assert)	source/game_sa/Scripts/Commands/Ported/Group11.cpp	193	static assertion failed due to requirement '__builtin_offsetof(CBike, m_nWheelStatus) == 1628'
P: 64-bit layout (sizeof/offsetof static_assert)	source/game_sa/Scripts/Commands/Ported/Group11.cpp	194	static assertion failed due to requirement '__builtin_offsetof(CAutomobile, m_damageManager) == 1440'
P: 64-bit layout (sizeof/offsetof static_assert)	source/game_sa/Scripts/Commands/Ported/Group12.cpp	353	static assertion failed due to requirement '__builtin_offsetof(CPlayerInfo, m_nBestCarTwoWheelsTimeMs) == 280'
P: 64-bit layout (sizeof/offsetof static_assert)	source/game_sa/Scripts/Commands/Ported/Group12.cpp	354	static assertion failed due to requirement '__builtin_offsetof(CPhysical, m_pEntityIgnoredCollision) == 296'
P: 64-bit layout (sizeof/offsetof static_assert)	source/game_sa/Scripts/Commands/Ported/Group12.cpp	355	static assertion failed due to requirement '__builtin_offsetof(CAutomobile, m_fHeliRotorSpeed) == 2124'
P: 64-bit layout (sizeof/offsetof static_assert)	source/game_sa/Scripts/Commands/Ported/Group12.cpp	356	static assertion failed due to requirement '__builtin_offsetof(CVehicle, m_matrix) == 20'
P: 64-bit layout (sizeof/offsetof static_assert)	source/game_sa/Scripts/Commands/Ported/Group13_15.cpp	73	static assertion failed due to requirement '__builtin_offsetof(CPhysical, m_nPhysicalFlags) == 64'
P: 64-bit layout (sizeof/offsetof static_assert)	source/game_sa/Scripts/Commands/Ported/Group13_15.cpp	74	static assertion failed due to requirement '__builtin_offsetof(CVehicle, vehicleFlags) == 1064'
P: 64-bit layout (sizeof/offsetof static_assert)	source/game_sa/Scripts/Commands/Ported/Group13_15.cpp	75	static assertion failed due to requirement '__builtin_offsetof(CVehicle, m_pLastDamageEntity) == 1292'
P: 64-bit layout (sizeof/offsetof static_assert)	source/game_sa/Scripts/Commands/Ported/Group13_15.cpp	76	static assertion failed due to requirement '__builtin_offsetof(CVehicle, m_nGunFiringTime) == 1236'
P: 64-bit layout (sizeof/offsetof static_assert)	source/game_sa/Scripts/Commands/Ported/Group13_15.cpp	77	static assertion failed due to requirement '__builtin_offsetof(CVehicle, m_autoPilot) + __builtin_offsetof(CAutoPilot, m_nCarMission) == 954'
P: 64-bit layout (sizeof/offsetof static_assert)	source/game_sa/Scripts/Commands/Ported/Group13_15.cpp	78	static assertion failed due to requirement '__builtin_offsetof(CPhysical, m_nFakePhysics) == 184'
P: 64-bit layout (sizeof/offsetof static_assert)	source/game_sa/Scripts/Commands/Ported/Group13_15.cpp	79	static assertion failed due to requirement '__builtin_offsetof(CEntity, m_nFlags) == 28'
P: 64-bit layout (sizeof/offsetof static_assert)	source/game_sa/Scripts/Commands/Ported/Group13_15.cpp	80	static assertion failed due to requirement '__builtin_offsetof(CPed, m_pVehicle) == 1420'
P: 64-bit layout (sizeof/offsetof static_assert)	source/game_sa/Scripts/Commands/Ported/Group13_15.cpp	81	static assertion failed due to requirement '__builtin_offsetof(CRunningScript, m_szName) == 8'
F/C: inline asm / naked	source/game_sa/Scripts/Commands/Ported/Group13_15.cpp	394	unsupported architecture 'arm64' for MS-style inline assembly
F/C: inline asm / naked	source/game_sa/Scripts/Commands/Ported/Group13_15.cpp	415	unsupported architecture 'arm64' for MS-style inline assembly
F/C: inline asm / naked	source/game_sa/Scripts/Commands/Ported/Group13_15.cpp	569	unsupported architecture 'arm64' for MS-style inline assembly
F/C: inline asm / naked	source/game_sa/Scripts/Commands/Ported/Group13_15.cpp	606	unsupported architecture 'arm64' for MS-style inline assembly
other: conversion/overload	source/game_sa/Scripts/Commands/Ported/Group13_15.cpp	1020	no matching function for call to 'operator new'
other: conversion/overload	source/game_sa/Scripts/Commands/Ported/Group13_15.cpp	1022	no matching function for call to 'operator new'
other: conversion/overload	source/game_sa/Scripts/Commands/Ported/Group13_15.cpp	1023	no matching function for call to 'operator new'
P: 64-bit layout (sizeof/offsetof static_assert)	source/game_sa/Scripts/Commands/Ported/Group13_15_task.cpp	130	static assertion failed due to requirement '__builtin_offsetof(CTaskComplexJump, m_UsePlayerLaunchForce) == 16'
P: 64-bit layout (sizeof/offsetof static_assert)	source/game_sa/Scripts/Commands/Ported/Group16_17a.cpp	55	static assertion failed due to requirement '__builtin_offsetof(CPed, m_nActiveWeaponSlot) == 1816'
P: 64-bit layout (sizeof/offsetof static_assert)	source/game_sa/Scripts/Commands/Ported/Group16_17a.cpp	56	static assertion failed due to requirement '__builtin_offsetof(CPed, m_aWeapons) == 1440'
P: 64-bit layout (sizeof/offsetof static_assert)	source/game_sa/Scripts/Commands/Ported/Group16_17a.cpp	57	static assertion failed due to requirement '__builtin_offsetof(CPedIntelligence, m_FollowNodeThresholdDistance) == 204'
P: 64-bit layout (sizeof/offsetof static_assert)	source/game_sa/Scripts/Commands/Ported/Group16_17a.cpp	58	static assertion failed due to requirement '__builtin_offsetof(CPedIntelligence, m_TaskMgr) + sizeof(void *) * TASK_PRIMARY_PRIMARY == 16'
P: 64-bit layout (sizeof/offsetof static_assert)	source/game_sa/Scripts/Commands/Ported/Group16_17a.cpp	59	static assertion failed due to requirement '__builtin_offsetof(CTaskComplexUseSequence, m_nCurrentTaskIndex) == 16'
P: 64-bit layout (sizeof/offsetof static_assert)	source/game_sa/Scripts/Commands/Ported/Group16_17a.cpp	60	static assertion failed due to requirement '__builtin_offsetof(CPhysical, m_pAttachedTo) == 252'
P: 64-bit layout (sizeof/offsetof static_assert)	source/game_sa/Scripts/Commands/Ported/Group16_17a.cpp	61	static assertion failed due to requirement '__builtin_offsetof(CPhysical, m_vecMoveSpeed) == 68'
P: 64-bit layout (sizeof/offsetof static_assert)	source/game_sa/Scripts/Commands/Ported/Group16_17a.cpp	62	static assertion failed due to requirement '__builtin_offsetof(CPhysical, m_fMass) == 140'
P: 64-bit layout (sizeof/offsetof static_assert)	source/game_sa/Scripts/Commands/Ported/Group16_17a.cpp	63	static assertion failed due to requirement '__builtin_offsetof(CPhysical, physicalFlags) == 64'
P: 64-bit layout (sizeof/offsetof static_assert)	source/game_sa/Scripts/Commands/Ported/Group16_17a.cpp	64	static assertion failed due to requirement '__builtin_offsetof(CVehicle, m_pDriver) == 1120'
P: 64-bit layout (sizeof/offsetof static_assert)	source/game_sa/Scripts/Commands/Ported/Group16_17a.cpp	65	static assertion failed due to requirement '__builtin_offsetof(CVehicle, m_apPassengers) == 1124'
P: 64-bit layout (sizeof/offsetof static_assert)	source/game_sa/Scripts/Commands/Ported/Group16_17a.cpp	66	static assertion failed due to requirement '__builtin_offsetof(CVehicle, m_nNumPassengers) == 1156'
P: 64-bit layout (sizeof/offsetof static_assert)	source/game_sa/Scripts/Commands/Ported/Group16_17a.cpp	67	static assertion failed due to requirement '__builtin_offsetof(CVehicle, m_nExtendedRemovalRange) == 1190'
P: 64-bit layout (sizeof/offsetof static_assert)	source/game_sa/Scripts/Commands/Ported/Group16_17a.cpp	68	static assertion failed due to requirement '__builtin_offsetof(CAutomobile, m_aCarNodes) == 1608'
P: 64-bit layout (sizeof/offsetof static_assert)	source/game_sa/Scripts/Commands/Ported/Group16_17a.cpp	69	static assertion failed due to requirement 'sizeof(CPickup) == 32'
P: 64-bit layout (sizeof/offsetof static_assert)	source/game_sa/Scripts/Commands/Ported/Group16_17c.cpp	40	static assertion failed due to requirement '__builtin_offsetof(CVehicleModelInfo, m_anUpgrades) == 726'
P: 64-bit layout (sizeof/offsetof static_assert)	source/game_sa/Scripts/Commands/Ported/Group16_17c.cpp	41	static assertion failed due to requirement '__builtin_offsetof(CRunningScript, m_SceneSkipIP) == 216'
P: 64-bit layout (sizeof/offsetof static_assert)	source/game_sa/Scripts/Commands/Ported/Group16_17c.cpp	42	static assertion failed due to requirement '__builtin_offsetof(CVehicle, m_autoPilot) + __builtin_offsetof(CAutoPilot, m_nCarMission) == 954'
P: 64-bit layout (sizeof/offsetof static_assert)	source/game_sa/Scripts/Commands/Ported/Group16_17c.cpp	43	static assertion failed due to requirement '__builtin_offsetof(CVehicle, m_autoPilot) + __builtin_offsetof(CAutoPilot, m_nCruiseSpeed) == 976'
P: 64-bit layout (sizeof/offsetof static_assert)	source/game_sa/Scripts/Commands/Ported/Group16_17c.cpp	44	static assertion failed due to requirement '__builtin_offsetof(CVehicle, m_autoPilot) + __builtin_offsetof(CAutoPilot, m_nTimeToStartMission) == 940'
P: 64-bit layout (sizeof/offsetof static_assert)	source/game_sa/Scripts/Commands/Ported/Group16_17c.cpp	45	static assertion failed due to requirement '__builtin_offsetof(CEntity, m_nModelIndex) == 34'
P: 64-bit layout (sizeof/offsetof static_assert)	source/game_sa/Scripts/Commands/Ported/Group18.cpp	68	static assertion failed due to requirement '__builtin_offsetof(CVehicle, m_autoPilot) + __builtin_offsetof(CAutoPilot, m_nCarMission) == 954'
P: 64-bit layout (sizeof/offsetof static_assert)	source/game_sa/Scripts/Commands/Ported/Group18.cpp	69	static assertion failed due to requirement '__builtin_offsetof(CVehicle, m_autoPilot) + __builtin_offsetof(CAutoPilot, m_nCruiseSpeed) == 976'
P: 64-bit layout (sizeof/offsetof static_assert)	source/game_sa/Scripts/Commands/Ported/Group18.cpp	70	static assertion failed due to requirement '__builtin_offsetof(CVehicle, m_autoPilot) + __builtin_offsetof(CAutoPilot, m_nCarCtrlFlags) == 987'
P: 64-bit layout (sizeof/offsetof static_assert)	source/game_sa/Scripts/Commands/Ported/Group18.cpp	71	static assertion failed due to requirement '__builtin_offsetof(CVehicle, m_autoPilot) + __builtin_offsetof(CAutoPilot, m_TargetEntity) == 1052'
P: 64-bit layout (sizeof/offsetof static_assert)	source/game_sa/Scripts/Commands/Ported/Group18.cpp	72	static assertion failed due to requirement '__builtin_offsetof(CVehicle, m_nCreatedBy) == 1188'
P: 64-bit layout (sizeof/offsetof static_assert)	source/game_sa/Scripts/Commands/Ported/Group18.cpp	73	static assertion failed due to requirement '__builtin_offsetof(CAutomobile, m_damageManager) == 1440'
P: 64-bit layout (sizeof/offsetof static_assert)	source/game_sa/Scripts/Commands/Ported/Group18.cpp	74	static assertion failed due to requirement '__builtin_offsetof(CPlane, m_maxAltitude) == 2472'
P: 64-bit layout (sizeof/offsetof static_assert)	source/game_sa/Scripts/Commands/Ported/Group18.cpp	75	static assertion failed due to requirement '__builtin_offsetof(CPlane, m_minAltitude) == 2480'
P: 64-bit layout (sizeof/offsetof static_assert)	source/game_sa/Scripts/Commands/Ported/Group18.cpp	76	static assertion failed due to requirement '__builtin_offsetof(CPlane, m_planeHeading) == 2484'
P: 64-bit layout (sizeof/offsetof static_assert)	source/game_sa/Scripts/Commands/Ported/Group18.cpp	77	static assertion failed due to requirement '__builtin_offsetof(CPlane, m_planeHeadingPrev) == 2488'
P: 64-bit layout (sizeof/offsetof static_assert)	source/game_sa/Scripts/Commands/Ported/Group18.cpp	78	static assertion failed due to requirement '__builtin_offsetof(CPlane, m_fAccelerationBreakStatusPrev) == 2456'
P: 64-bit layout (sizeof/offsetof static_assert)	source/game_sa/Scripts/Commands/Ported/Group18.cpp	79	static assertion failed due to requirement '__builtin_offsetof(CHeli, m_fMinAltitude) == 2480'
P: 64-bit layout (sizeof/offsetof static_assert)	source/game_sa/Scripts/Commands/Ported/Group18.cpp	80	static assertion failed due to requirement '__builtin_offsetof(CAutomobile, m_wMiscComponentAngle) == 2156'
P: 64-bit layout (sizeof/offsetof static_assert)	source/game_sa/Scripts/Commands/Ported/Group18.cpp	81	static assertion failed due to requirement '__builtin_offsetof(CPed, m_nPedState) == 1328'
P: 64-bit layout (sizeof/offsetof static_assert)	source/game_sa/Scripts/Commands/Ported/Group18.cpp	82	static assertion failed due to requirement '__builtin_offsetof(CPed, m_nPedType) == 1432'
P: 64-bit layout (sizeof/offsetof static_assert)	source/game_sa/Scripts/Commands/Ported/Group18.cpp	83	static assertion failed due to requirement '__builtin_offsetof(CPedIntelligence, m_nDmNumPedsToScan) == 196'
P: 64-bit layout (sizeof/offsetof static_assert)	source/game_sa/Scripts/Commands/Ported/Group18.cpp	84	static assertion failed due to requirement '__builtin_offsetof(CPedIntelligence, m_fDmRadius) == 200'
P: 64-bit layout (sizeof/offsetof static_assert)	source/game_sa/Scripts/Commands/Ported/Group18.cpp	86	static assertion failed due to requirement '__builtin_offsetof(CObject, m_fHealth) == 340'
P: 64-bit layout (sizeof/offsetof static_assert)	source/game_sa/Scripts/Commands/Ported/Group18.cpp	87	static assertion failed due to requirement '__builtin_offsetof(CObject, m_pObjectInfo) == 352'
P: 64-bit layout (sizeof/offsetof static_assert)	source/game_sa/Scripts/Commands/Ported/Group18.cpp	88	static assertion failed due to requirement '__builtin_offsetof(CObject, m_nObjectFlags) == 320'
P: 64-bit layout (sizeof/offsetof static_assert)	source/game_sa/Scripts/Commands/Ported/Group18.cpp	89	static assertion failed due to requirement '__builtin_offsetof(CObjectData, m_vecBreakVelocity) == 56'
P: 64-bit layout (sizeof/offsetof static_assert)	source/game_sa/Scripts/Commands/Ported/Group18.cpp	90	static assertion failed due to requirement '__builtin_offsetof(CTaskSimpleGangDriveBy, m_bFromScriptCommand) == 14'
P: 64-bit layout (sizeof/offsetof static_assert)	source/game_sa/Scripts/Commands/Ported/Group18.cpp	91	static assertion failed due to requirement '__builtin_offsetof(CTaskSimpleGangDriveBy, m_pTargetEntity) == 52'
P: 64-bit layout (sizeof/offsetof static_assert)	source/game_sa/Scripts/Commands/Ported/Group18.cpp	92	static assertion failed due to requirement '__builtin_offsetof(CTaskSimpleHoldEntity, m_pEntityToHold) == 8'
P: 64-bit layout (sizeof/offsetof static_assert)	source/game_sa/Scripts/Commands/Ported/Group18.cpp	93	static assertion failed due to requirement '__builtin_offsetof(CPedIntelligence, m_TaskMgr) + sizeof(void *) * TASK_PRIMARY_PRIMARY == 16'
P: 64-bit layout (sizeof/offsetof static_assert)	source/game_sa/Scripts/Commands/Ported/Group19.cpp	69	static assertion failed due to requirement '__builtin_offsetof(CVehicle, m_autoPilot) + __builtin_offsetof(CAutoPilot, m_nCarMission) == 954'
P: 64-bit layout (sizeof/offsetof static_assert)	source/game_sa/Scripts/Commands/Ported/Group19.cpp	70	static assertion failed due to requirement '__builtin_offsetof(CVehicle, m_autoPilot) + __builtin_offsetof(CAutoPilot, m_TargetEntity) == 1052'
P: 64-bit layout (sizeof/offsetof static_assert)	source/game_sa/Scripts/Commands/Ported/Group19.cpp	71	static assertion failed due to requirement '__builtin_offsetof(CVehicle, m_autoPilot) + __builtin_offsetof(CAutoPilot, m_nCruiseSpeed) == 976'
P: 64-bit layout (sizeof/offsetof static_assert)	source/game_sa/Scripts/Commands/Ported/Group19.cpp	72	static assertion failed due to requirement '__builtin_offsetof(CVehicle, m_autoPilot) + __builtin_offsetof(CAutoPilot, m_ucHeliTargetDist) == 984'
P: 64-bit layout (sizeof/offsetof static_assert)	source/game_sa/Scripts/Commands/Ported/Group19.cpp	73	static assertion failed due to requirement '__builtin_offsetof(CVehicle, m_autoPilot) + __builtin_offsetof(CAutoPilot, m_ucHeliSpeedMult) == 985'
P: 64-bit layout (sizeof/offsetof static_assert)	source/game_sa/Scripts/Commands/Ported/Group19.cpp	74	static assertion failed due to requirement '__builtin_offsetof(CHeli, m_fMinAltitude) == 2480'
P: 64-bit layout (sizeof/offsetof static_assert)	source/game_sa/Scripts/Commands/Ported/Group19.cpp	75	static assertion failed due to requirement '__builtin_offsetof(CVehicle, m_pTowingVehicle) == 1220'
P: 64-bit layout (sizeof/offsetof static_assert)	source/game_sa/Scripts/Commands/Ported/Group19.cpp	76	static assertion failed due to requirement '__builtin_offsetof(CPed, m_acquaintance) == 1248'
P: 64-bit layout (sizeof/offsetof static_assert)	source/game_sa/Scripts/Commands/Ported/Group19.cpp	78	static assertion failed due to requirement '__builtin_offsetof(CVehicleModelInfo, m_nPlateType) == 49'
P: 64-bit layout (sizeof/offsetof static_assert)	source/game_sa/Scripts/Commands/Ported/Group19.cpp	80	static assertion failed due to requirement '__builtin_offsetof(CTaskComplexUseSequence, m_nCurrentTaskIndex) == 16'
P: 64-bit layout (sizeof/offsetof static_assert)	source/game_sa/Scripts/Commands/Ported/Group19.cpp	81	static assertion failed due to requirement '__builtin_offsetof(CTaskComplexJump, m_UsePlayerLaunchForce) == 16'
P: 64-bit layout (sizeof/offsetof static_assert)	source/game_sa/Scripts/Commands/Ported/Group19.cpp	82	static assertion failed due to requirement 'sizeof(CPedGroup) == 724'
P: 64-bit layout (sizeof/offsetof static_assert)	source/game_sa/Scripts/Commands/Ported/Group19.cpp	83	static assertion failed due to requirement 'sizeof(tScriptSearchlight) == 124'
P: 64-bit layout (sizeof/offsetof static_assert)	source/game_sa/Scripts/Commands/Ported/Group20a.cpp	45	static assertion failed due to requirement '__builtin_offsetof(CPhysical, m_vecTurnSpeed) == 80'
P: 64-bit layout (sizeof/offsetof static_assert)	source/game_sa/Scripts/Commands/Ported/Group20a.cpp	46	static assertion failed due to requirement '__builtin_offsetof(CPhysical, m_fMass) == 140'
P: 64-bit layout (sizeof/offsetof static_assert)	source/game_sa/Scripts/Commands/Ported/Group20a.cpp	47	static assertion failed due to requirement '__builtin_offsetof(CPhysical, m_fTurnMass) == 144'
P: 64-bit layout (sizeof/offsetof static_assert)	source/game_sa/Scripts/Commands/Ported/Group20a.cpp	48	static assertion failed due to requirement '__builtin_offsetof(CPhysical, m_vecCentreOfMass) == 164'
P: 64-bit layout (sizeof/offsetof static_assert)	source/game_sa/Scripts/Commands/Ported/Group20a.cpp	49	static assertion failed due to requirement '__builtin_offsetof(CVehicle, m_vehicleSpecialColIndex) == 1163'
P: 64-bit layout (sizeof/offsetof static_assert)	source/game_sa/Scripts/Commands/Ported/Group20a.cpp	50	static assertion failed due to requirement '__builtin_offsetof(CObject, objectFlags) == 320'
P: 64-bit layout (sizeof/offsetof static_assert)	source/game_sa/Scripts/Commands/Ported/Group20a.cpp	51	static assertion failed due to requirement '__builtin_offsetof(CObject, m_nColDamageEffect) == 324'
P: 64-bit layout (sizeof/offsetof static_assert)	source/game_sa/Scripts/Commands/Ported/Group20a.cpp	52	static assertion failed due to requirement '__builtin_offsetof(CObject, m_nSpecialColResponseCase) == 325'
P: 64-bit layout (sizeof/offsetof static_assert)	source/game_sa/Scripts/Commands/Ported/Group20a.cpp	53	static assertion failed due to requirement '__builtin_offsetof(CPed, m_nWeaponShootingRate) == 1817'
P: 64-bit layout (sizeof/offsetof static_assert)	source/game_sa/Scripts/Commands/Ported/Group20a.cpp	54	static assertion failed due to requirement '__builtin_offsetof(CTaskSimpleSwim, m_vecPos) == 20'
P: 64-bit layout (sizeof/offsetof static_assert)	source/game_sa/Scripts/Commands/Ported/Group20a.cpp	56	static assertion failed due to requirement '__builtin_offsetof(CRunningScript, m_UsesMissionCleanup) == 198'
P: 64-bit layout (sizeof/offsetof static_assert)	source/game_sa/Scripts/Commands/Ported/Group20a.cpp	61	static assertion failed due to requirement 'sizeof(CPedGroup) == 724'
P: 64-bit layout (sizeof/offsetof static_assert)	source/game_sa/Scripts/Commands/Ported/Group20a.cpp	62	static assertion failed due to requirement '__builtin_offsetof(CPedGroup, m_groupMembership) == 8'
P: 64-bit layout (sizeof/offsetof static_assert)	source/game_sa/Scripts/Commands/Ported/Group20b.cpp	47	static assertion failed due to requirement '__builtin_offsetof(CPed, m_nWeaponSkill) == 1836'
P: 64-bit layout (sizeof/offsetof static_assert)	source/game_sa/Scripts/Commands/Ported/Group20b.cpp	48	static assertion failed due to requirement '__builtin_offsetof(CPed, m_nFightingStyle) == 1837'
P: 64-bit layout (sizeof/offsetof static_assert)	source/game_sa/Scripts/Commands/Ported/Group20b.cpp	49	static assertion failed due to requirement '__builtin_offsetof(CPed, m_nAllowedAttackMoves) == 1838'
P: 64-bit layout (sizeof/offsetof static_assert)	source/game_sa/Scripts/Commands/Ported/Group20b.cpp	51	static assertion failed due to requirement '__builtin_offsetof(CPedIntelligence, m_nEventId) == 209'
P: 64-bit layout (sizeof/offsetof static_assert)	source/game_sa/Scripts/Commands/Ported/Group20b.cpp	52	static assertion failed due to requirement '__builtin_offsetof(CVehicle, handlingFlags) == 908'
P: 64-bit layout (sizeof/offsetof static_assert)	source/game_sa/Scripts/Commands/Ported/Group20b.cpp	53	static assertion failed due to requirement '__builtin_offsetof(CVehicle, vehicleFlags) == 1064'
P: 64-bit layout (sizeof/offsetof static_assert)	source/game_sa/Scripts/Commands/Ported/Group20b.cpp	54	static assertion failed due to requirement '__builtin_offsetof(CVehicle, m_nVehicleSubType) == 1428'
P: 64-bit layout (sizeof/offsetof static_assert)	source/game_sa/Scripts/Commands/Ported/Group20b.cpp	55	static assertion failed due to requirement '__builtin_offsetof(CAutomobile, m_fHeliRotorSpeed) == 2124'
P: 64-bit layout (sizeof/offsetof static_assert)	source/game_sa/Scripts/Commands/Ported/Group20b.cpp	56	static assertion failed due to requirement '__builtin_offsetof(CPlane, m_fPropSpeed) == 2500'
P: 64-bit layout (sizeof/offsetof static_assert)	source/game_sa/Scripts/Commands/Ported/Group20b.cpp	57	static assertion failed due to requirement '__builtin_offsetof(CPhysical, m_vecMoveSpeed) == 68'
P: 64-bit layout (sizeof/offsetof static_assert)	source/game_sa/Scripts/Commands/Ported/Group21a.cpp	55	static assertion failed due to requirement '__builtin_offsetof(CFireManager, m_nMaxFireGenerationsAllowed) == 2400'
P: 64-bit layout (sizeof/offsetof static_assert)	source/game_sa/Scripts/Commands/Ported/Group21a.cpp	91	static assertion failed due to requirement '__builtin_offsetof(CObject, objectFlags) == 320'
P: 64-bit layout (sizeof/offsetof static_assert)	source/game_sa/Scripts/Commands/Ported/Group21a.cpp	118	static assertion failed due to requirement '__builtin_offsetof(CVehicle, m_nVehicleWeaponInUse) == 1299'
P: 64-bit layout (sizeof/offsetof static_assert)	source/game_sa/Scripts/Commands/Ported/Group21a.cpp	185	static assertion failed due to requirement '__builtin_offsetof(CAutomobile, autoFlags) == 2152'
P: 64-bit layout (sizeof/offsetof static_assert)	source/game_sa/Scripts/Commands/Ported/Group21a.cpp	191	static assertion failed due to requirement '__builtin_offsetof(CVehicle, m_autoPilot) + __builtin_offsetof(CAutoPilot, m_ucHeliTargetDist2) == 991'
P: 64-bit layout (sizeof/offsetof static_assert)	source/game_sa/Scripts/Commands/Ported/Group21b.cpp	39	static assertion failed due to requirement '__builtin_offsetof(CEntity, m_nFlags) == 28'
P: 64-bit layout (sizeof/offsetof static_assert)	source/game_sa/Scripts/Commands/Ported/Group21b.cpp	40	static assertion failed due to requirement '__builtin_offsetof(CPhysical, m_nPhysicalFlags) == 64'
P: 64-bit layout (sizeof/offsetof static_assert)	source/game_sa/Scripts/Commands/Ported/Group21b.cpp	41	static assertion failed due to requirement '__builtin_offsetof(CPhysical, m_fAirResistance) == 152'
P: 64-bit layout (sizeof/offsetof static_assert)	source/game_sa/Scripts/Commands/Ported/Group21b.cpp	42	static assertion failed due to requirement '__builtin_offsetof(CObject, m_nObjectFlags) == 320'
P: 64-bit layout (sizeof/offsetof static_assert)	source/game_sa/Scripts/Commands/Ported/Group21b.cpp	43	static assertion failed due to requirement '__builtin_offsetof(CVehicle, m_pHandlingData) == 900'
P: 64-bit layout (sizeof/offsetof static_assert)	source/game_sa/Scripts/Commands/Ported/Group21b.cpp	44	static assertion failed due to requirement '__builtin_offsetof(CVehicle, m_fDirtLevel) == 1200'
P: 64-bit layout (sizeof/offsetof static_assert)	source/game_sa/Scripts/Commands/Ported/Group21b.cpp	46	static assertion failed due to requirement '__builtin_offsetof(CPed, m_fTurretAngleA) == 1912'
P: 64-bit layout (sizeof/offsetof static_assert)	source/game_sa/Scripts/Commands/Ported/Group21b.cpp	47	static assertion failed due to requirement '__builtin_offsetof(CPed, m_fTurretAngleB) == 1916'
P: 64-bit layout (sizeof/offsetof static_assert)	source/game_sa/Scripts/Commands/Ported/Group21b.cpp	48	static assertion failed due to requirement '__builtin_offsetof(CPlayerInfo, m_PlayerData) + __builtin_offsetof(CPlayerPedData, m_pPedClothesDesc) == 8'
P: 64-bit layout (sizeof/offsetof static_assert)	source/game_sa/Scripts/Commands/Ported/Group21b.cpp	49	static assertion failed due to requirement 'sizeof(CPlayerInfo) == 400'
P: 64-bit layout (sizeof/offsetof static_assert)	source/game_sa/Scripts/Commands/Ported/Group21b.cpp	50	static assertion failed due to requirement 'sizeof(CPedGroup) == 724'
P: 64-bit layout (sizeof/offsetof static_assert)	source/game_sa/Scripts/Commands/Ported/Group22a.cpp	46	static assertion failed due to requirement '__builtin_offsetof(CPed, m_nPedType) == 1432'
P: 64-bit layout (sizeof/offsetof static_assert)	source/game_sa/Scripts/Commands/Ported/Group22a.cpp	47	static assertion failed due to requirement '__builtin_offsetof(CPed, m_fMaxHealth) == 1348'
P: 64-bit layout (sizeof/offsetof static_assert)	source/game_sa/Scripts/Commands/Ported/Group22a.cpp	48	static assertion failed due to requirement '__builtin_offsetof(CPed, m_pEnex) == 1932'
P: 64-bit layout (sizeof/offsetof static_assert)	source/game_sa/Scripts/Commands/Ported/Group22a.cpp	49	static assertion failed due to requirement '__builtin_offsetof(CPedModelInfo, m_nPedFlags) == 50'
W/C: MSVC CRT name	source/game_sa/Scripts/Commands/Ported/Group22a.cpp	95	use of undeclared identifier '_stricmp'; did you mean 'strcmp'?
W/C: MSVC CRT name	source/game_sa/Scripts/Commands/Ported/Group22b.cpp	53	use of undeclared identifier '_stricmp'; did you mean 'strcmp'?
P: 64-bit layout (sizeof/offsetof static_assert)	source/game_sa/Scripts/Commands/Ported/Group22b.cpp	64	static assertion failed due to requirement '__builtin_offsetof(CVehicle, vehicleFlags) + 2 == 1066'
P: 64-bit layout (sizeof/offsetof static_assert)	source/game_sa/Scripts/Commands/Ported/Group22b.cpp	83	static assertion failed due to requirement '__builtin_offsetof(RsGlobalType, maximumWidth) == 4'
P: 64-bit layout (sizeof/offsetof static_assert)	source/game_sa/Scripts/Commands/Ported/Group22b.cpp	251	static assertion failed due to requirement '__builtin_offsetof(CObject, objectFlags) == 320'
P: 64-bit layout (sizeof/offsetof static_assert)	source/game_sa/Scripts/Commands/Ported/Group22b.cpp	270	static assertion failed due to requirement '__builtin_offsetof(CVehicleModelInfo, m_nVehicleClass) == 77'
P: 64-bit layout (sizeof/offsetof static_assert)	source/game_sa/Scripts/Commands/Ported/Group22b.cpp	337	static assertion failed due to requirement '__builtin_offsetof(CPlayerPedData, m_nPlayerGroup) == 56'
P: 64-bit layout (sizeof/offsetof static_assert)	source/game_sa/Scripts/Commands/Ported/Group22b.cpp	361	static assertion failed due to requirement 'sizeof(CPlayerInfo) == 400'
P: 64-bit layout (sizeof/offsetof static_assert)	source/game_sa/Scripts/Commands/Ported/Group22b.cpp	362	static assertion failed due to requirement '__builtin_offsetof(CPlayerInfo, m_PlayerData) + __builtin_offsetof(CPlayerPedData, m_pPedClothesDesc) == 8'
P: 64-bit layout (sizeof/offsetof static_assert)	source/game_sa/Scripts/Commands/Ported/Group23.cpp	62	static assertion failed due to requirement '__builtin_offsetof(CObject, m_nObjectFlags) == 320'
P: 64-bit layout (sizeof/offsetof static_assert)	source/game_sa/Scripts/Commands/Ported/Group23.cpp	63	static assertion failed due to requirement '__builtin_offsetof(CObject, m_nLastWeaponDamage) == 328'
P: 64-bit layout (sizeof/offsetof static_assert)	source/game_sa/Scripts/Commands/Ported/Group23.cpp	64	static assertion failed due to requirement '__builtin_offsetof(CPhysical, m_nPhysicalFlags) == 64'
P: 64-bit layout (sizeof/offsetof static_assert)	source/game_sa/Scripts/Commands/Ported/Group23.cpp	65	static assertion failed due to requirement '__builtin_offsetof(CPhysical, m_vecTurnSpeed) == 80'
P: 64-bit layout (sizeof/offsetof static_assert)	source/game_sa/Scripts/Commands/Ported/Group23.cpp	66	static assertion failed due to requirement '__builtin_offsetof(CPhysical, m_fMass) == 140'
P: 64-bit layout (sizeof/offsetof static_assert)	source/game_sa/Scripts/Commands/Ported/Group23.cpp	67	static assertion failed due to requirement '__builtin_offsetof(CPed, m_pEnex) == 1932'
P: 64-bit layout (sizeof/offsetof static_assert)	source/game_sa/Scripts/Commands/Ported/Group23.cpp	68	static assertion failed due to requirement '__builtin_offsetof(CPlane, m_fLandingGearStatus) == 2508'
P: 64-bit layout (sizeof/offsetof static_assert)	source/game_sa/Scripts/Commands/Ported/Group23.cpp	69	static assertion failed due to requirement '__builtin_offsetof(CAutomobile, m_damageManager) == 1440'
P: 64-bit layout (sizeof/offsetof static_assert)	source/game_sa/Scripts/Commands/Ported/Group23.cpp	70	static assertion failed due to requirement '__builtin_offsetof(CAutomobile, m_swingingChassis) == 1804'
P: 64-bit layout (sizeof/offsetof static_assert)	source/game_sa/Scripts/Commands/Ported/Group23.cpp	72	static assertion failed due to requirement '__builtin_offsetof(CGarage, m_nFlags) == 78'
P: 64-bit layout (sizeof/offsetof static_assert)	source/game_sa/Scripts/Commands/Ported/Group23.cpp	73	static assertion failed due to requirement '__builtin_offsetof(CPedGroup, m_bMembersEnterLeadersVehicle) == 4'
P: 64-bit layout (sizeof/offsetof static_assert)	source/game_sa/Scripts/Commands/Ported/Group23.cpp	74	static assertion failed due to requirement 'sizeof(tScriptSearchlight) == 124'
P: 64-bit layout (sizeof/offsetof static_assert)	source/game_sa/Scripts/Commands/Ported/Group23.cpp	75	static assertion failed due to requirement 'sizeof(CStreamedScripts::CStreamedScriptInfo) == 32'
W/C: MSVC CRT name	source/game_sa/Scripts/Commands/Ported/Group23.cpp	163	use of undeclared identifier '_stricmp'; did you mean 'strcmp'?
P: 64-bit layout (sizeof/offsetof static_assert)	source/game_sa/Scripts/Commands/Ported/Group23.cpp	612	static assertion failed due to requirement '__builtin_offsetof(Fx_c, m_SmokeHuge) == 11120160 - 11120128'
P: 64-bit layout (sizeof/offsetof static_assert)	source/game_sa/Scripts/Commands/Ported/Group24a.cpp	58	static assertion failed due to requirement '__builtin_offsetof(CTaskSimpleSwim, m_nSwimState) == 10'
P: 64-bit layout (sizeof/offsetof static_assert)	source/game_sa/Scripts/Commands/Ported/Group24a.cpp	59	static assertion failed due to requirement '__builtin_offsetof(CPhysical, m_pEntityIgnoredCollision) == 296'
P: 64-bit layout (sizeof/offsetof static_assert)	source/game_sa/Scripts/Commands/Ported/Group24a.cpp	60	static assertion failed due to requirement '__builtin_offsetof(CVehicle, vehicleFlags) == 1064'
P: 64-bit layout (sizeof/offsetof static_assert)	source/game_sa/Scripts/Commands/Ported/Group24a.cpp	61	static assertion failed due to requirement '__builtin_offsetof(CVehicle, m_autoPilot) + __builtin_offsetof(CAutoPilot, m_ObstructingEntity) == 1056'
P: 64-bit layout (sizeof/offsetof static_assert)	source/game_sa/Scripts/Commands/Ported/Group24a.cpp	62	static assertion failed due to requirement '__builtin_offsetof(CVehicle, m_nDoorLock) == 1272'
P: 64-bit layout (sizeof/offsetof static_assert)	source/game_sa/Scripts/Commands/Ported/Group24a.cpp	63	static assertion failed due to requirement '__builtin_offsetof(CTrain, m_nTrainFlags) + 1 == 1465'
P: 64-bit layout (sizeof/offsetof static_assert)	source/game_sa/Scripts/Commands/Ported/Group24a.cpp	64	static assertion failed due to requirement '__builtin_offsetof(CVehicleModelInfo, m_nNumColorVariations) == 720'
P: 64-bit layout (sizeof/offsetof static_assert)	source/game_sa/Scripts/Commands/Ported/Group24a.cpp	65	static assertion failed due to requirement '__builtin_offsetof(CVehicleModelInfo, m_nHandlingId) == 74'
P: 64-bit layout (sizeof/offsetof static_assert)	source/game_sa/Scripts/Commands/Ported/Group24a.cpp	68	static assertion failed due to requirement 'sizeof(CPlayerInfo) == 400'
P: 64-bit layout (sizeof/offsetof static_assert)	source/game_sa/Scripts/Commands/Ported/Group24a.cpp	69	static assertion failed due to requirement 'sizeof(tScriptEffectSystem) == 8'
P: 64-bit layout (sizeof/offsetof static_assert)	source/game_sa/Scripts/Commands/Ported/Group24a.cpp	74	static assertion failed due to requirement '__builtin_offsetof(CRunningScript, m_UsesMissionCleanup) == 198'
W/C: MSVC CRT name	source/game_sa/Scripts/Commands/Ported/Group24a.cpp	86	use of undeclared identifier '_stricmp'; did you mean 'strcmp'?
P: 64-bit layout (sizeof/offsetof static_assert)	source/game_sa/Scripts/Commands/Ported/Group24a.cpp	136	static assertion failed due to requirement '__builtin_offsetof(RsGlobalType, maximumWidth) == 4'
P: 64-bit layout (sizeof/offsetof static_assert)	source/game_sa/Scripts/Commands/Ported/Group24b.cpp	55	static assertion failed due to requirement '__builtin_offsetof(CPed, m_pVehicle) == 1420'
P: 64-bit layout (sizeof/offsetof static_assert)	source/game_sa/Scripts/Commands/Ported/Group24b.cpp	56	static assertion failed due to requirement '__builtin_offsetof(CPed, m_nBodypartToRemove) == 1876'
P: 64-bit layout (sizeof/offsetof static_assert)	source/game_sa/Scripts/Commands/Ported/Group24b.cpp	57	static assertion failed due to requirement '__builtin_offsetof(CPhysical, m_fContactSurfaceBrightness) == 300'
P: 64-bit layout (sizeof/offsetof static_assert)	source/game_sa/Scripts/Commands/Ported/Group24b.cpp	58	static assertion failed due to requirement '__builtin_offsetof(CVehicleModelInfo, m_nVehicleClass) == 77'
P: 64-bit layout (sizeof/offsetof static_assert)	source/game_sa/Scripts/Commands/Ported/Group24b.cpp	59	static assertion failed due to requirement '__builtin_offsetof(CVehicle, m_nDoorLock) == 1272'
P: 64-bit layout (sizeof/offsetof static_assert)	source/game_sa/Scripts/Commands/Ported/Group24b.cpp	60	static assertion failed due to requirement '__builtin_offsetof(CRunningScript, m_UsesMissionCleanup) == 198'
P: 64-bit layout (sizeof/offsetof static_assert)	source/game_sa/Scripts/Commands/Ported/Group24b.cpp	61	static assertion failed due to requirement 'sizeof(tScriptCheckpoint) == 8'
F/C: inline asm / naked	source/game_sa/Scripts/Commands/Ported/Group24b.cpp	91	unsupported architecture 'arm64' for MS-style inline assembly
P: 64-bit layout (sizeof/offsetof static_assert)	source/game_sa/Scripts/Commands/Ported/Group25_26a.cpp	55	static assertion failed due to requirement '__builtin_offsetof(CVehicle, vehicleFlags) == 1064'
P: 64-bit layout (sizeof/offsetof static_assert)	source/game_sa/Scripts/Commands/Ported/Group25_26a.cpp	56	static assertion failed due to requirement '__builtin_offsetof(CVehicle, m_nVehicleType) == 1424'
P: 64-bit layout (sizeof/offsetof static_assert)	source/game_sa/Scripts/Commands/Ported/Group25_26a.cpp	57	static assertion failed due to requirement '__builtin_offsetof(CVehicle, m_nTertiaryColor) == 1078'
P: 64-bit layout (sizeof/offsetof static_assert)	source/game_sa/Scripts/Commands/Ported/Group25_26a.cpp	58	static assertion failed due to requirement '__builtin_offsetof(CVehicle, m_fHealth) == 1216'
P: 64-bit layout (sizeof/offsetof static_assert)	source/game_sa/Scripts/Commands/Ported/Group25_26a.cpp	59	static assertion failed due to requirement '__builtin_offsetof(CPhysical, m_nPhysicalFlags) == 64'
P: 64-bit layout (sizeof/offsetof static_assert)	source/game_sa/Scripts/Commands/Ported/Group25_26a.cpp	60	static assertion failed due to requirement '__builtin_offsetof(CTrain, m_nTrainFlags) == 1464'
P: 64-bit layout (sizeof/offsetof static_assert)	source/game_sa/Scripts/Commands/Ported/Group25_26a.cpp	61	static assertion failed due to requirement '__builtin_offsetof(CBike, m_nNoOfContactWheels) == 2052'
P: 64-bit layout (sizeof/offsetof static_assert)	source/game_sa/Scripts/Commands/Ported/Group25_26a.cpp	62	static assertion failed due to requirement '__builtin_offsetof(CAutomobile, m_nNumContactWheels) == 2400'
P: 64-bit layout (sizeof/offsetof static_assert)	source/game_sa/Scripts/Commands/Ported/Group25_26a.cpp	63	static assertion failed due to requirement '__builtin_offsetof(CAutomobile, m_wMiscComponentAngle) == 2156'
P: 64-bit layout (sizeof/offsetof static_assert)	source/game_sa/Scripts/Commands/Ported/Group25_26a.cpp	64	static assertion failed due to requirement '__builtin_offsetof(CPed, m_nAnimGroup) == 1236'
P: 64-bit layout (sizeof/offsetof static_assert)	source/game_sa/Scripts/Commands/Ported/Group25_26a.cpp	65	static assertion failed due to requirement '__builtin_offsetof(CPed, m_pGogglesObject) == 1276'
P: 64-bit layout (sizeof/offsetof static_assert)	source/game_sa/Scripts/Commands/Ported/Group25_26a.cpp	66	static assertion failed due to requirement '__builtin_offsetof(CPlayerPedData, m_nPlayerGroup) == 56'
P: 64-bit layout (sizeof/offsetof static_assert)	source/game_sa/Scripts/Commands/Ported/Group25_26a.cpp	67	static assertion failed due to requirement '__builtin_offsetof(CPlayerPedData, m_nScriptLimitToGangSize) == 67'
P: 64-bit layout (sizeof/offsetof static_assert)	source/game_sa/Scripts/Commands/Ported/Group25_26a.cpp	68	static assertion failed due to requirement '__builtin_offsetof(CPlayerPedData, m_bDontAllowWeaponChange) == 133'
P: 64-bit layout (sizeof/offsetof static_assert)	source/game_sa/Scripts/Commands/Ported/Group25_26a.cpp	69	static assertion failed due to requirement '__builtin_offsetof(CPlayerPedData, m_bForceInteriorLighting) == 134'
P: 64-bit layout (sizeof/offsetof static_assert)	source/game_sa/Scripts/Commands/Ported/Group25_26a.cpp	71	static assertion failed due to requirement '__builtin_offsetof(CPickup, m_nPickupType) == 28'
P: 64-bit layout (sizeof/offsetof static_assert)	source/game_sa/Scripts/Commands/Ported/Group25_26a.cpp	73	static assertion failed due to requirement '__builtin_offsetof(CVehicleModelInfo, m_nHandlingId) == 74'
P: 64-bit layout (sizeof/offsetof static_assert)	source/game_sa/Scripts/Commands/Ported/Group25_26a.cpp	76	static assertion failed due to requirement 'sizeof(CPlayerInfo) == 400'
P: 64-bit layout (sizeof/offsetof static_assert)	source/game_sa/Scripts/Commands/Ported/Group25_26b.cpp	35	static assertion failed due to requirement '__builtin_offsetof(CVehicle, handlingFlags) == 908'
P: 64-bit layout (sizeof/offsetof static_assert)	source/game_sa/Scripts/Commands/Ported/Group25_26b.cpp	36	static assertion failed due to requirement '__builtin_offsetof(CVehicle, m_nTertiaryColor) == 1078'
P: 64-bit layout (sizeof/offsetof static_assert)	source/game_sa/Scripts/Commands/Ported/Group25_26b.cpp	37	static assertion failed due to requirement 'sizeof(tScriptSearchlight) == 124'
P: 64-bit layout (sizeof/offsetof static_assert)	source/game_sa/Scripts/Commands/Ported/Group25_26c.cpp	36	static assertion failed due to requirement '__builtin_offsetof(CVehicle, m_fHealth) == 1216'
P: 64-bit layout (sizeof/offsetof static_assert)	source/game_sa/Scripts/Commands/Ported/Group25_26c.cpp	37	static assertion failed due to requirement '__builtin_offsetof(CPlayerInfo, m_PlayerData) + __builtin_offsetof(CPlayerPedData, m_nModelIndexOfLastBuildingShot) == 160'
W/C: MSVC CRT name	source/game_sa/Scripts/Commands/TextCommands.cpp	84	use of undeclared identifier 'strcpy_s'; did you mean 'strcpy'?
P: pointer/int width (cast/narrowing)	source/game_sa/Scripts/RunningScript.cpp	355	cast to smaller integer type 'int' from 'const CRunningScript *' [-Werror,-Wpointer-to-int-cast]
P: pointer/int width (cast/narrowing)	source/game_sa/Scripts/RunningScript.cpp	355	cast to smaller integer type 'int' from 'unsigned char *' [-Werror,-Wpointer-to-int-cast]
other: undeclared/unknown identifier	source/game_sa/Scripts/RunningScript.cpp	1643	use of undeclared identifier 'strncpy_s'
other: undeclared/unknown identifier	source/game_sa/Scripts/RunningScript.cpp	1650	use of undeclared identifier 'strncpy_s'
other: undeclared/unknown identifier	source/game_sa/Scripts/RunningScript.cpp	1658	use of undeclared identifier 'strncpy_s'
other: undeclared/unknown identifier	source/game_sa/Scripts/RunningScript.cpp	1660	use of undeclared identifier 'strncpy_s'
other: undeclared/unknown identifier	source/game_sa/Scripts/RunningScript.cpp	1667	use of undeclared identifier 'strncpy_s'
other: undeclared/unknown identifier	source/game_sa/Scripts/RunningScript.cpp	1670	use of undeclared identifier 'strncpy_s'
other: undeclared/unknown identifier	source/game_sa/Scripts/RunningScript.cpp	1688	use of undeclared identifier 'strncpy_s'
other: undeclared/unknown identifier	source/game_sa/Scripts/RunningScript.cpp	1695	use of undeclared identifier 'strncpy_s'
other: undeclared/unknown identifier	source/game_sa/Scripts/RunningScript.cpp	1702	use of undeclared identifier 'strncpy_s'
P: pointer/int width (cast/narrowing)	source/game_sa/Scripts/RunningScript.cpp	1809	cast to smaller integer type 'int' from 'CRunningScript *' [-Werror,-Wpointer-to-int-cast]
P: pointer/int width (cast/narrowing)	source/game_sa/Scripts/RunningScript.cpp	1809	cast to smaller integer type 'int' from 'unsigned char *' [-Werror,-Wpointer-to-int-cast]
W/C: MSVC CRT name	source/game_sa/Scripts/RunningScript.h	327	use of undeclared identifier 'strcpy_s'; did you mean 'strcpy'?
other: undeclared/unknown identifier	source/game_sa/Scripts/RunningScript.h	328	use of undeclared identifier 'strncpy_s'; did you mean 'strncpy'?
P: 64-bit layout (sizeof/offsetof static_assert)	source/game_sa/Scripts/RunningScript.h	401	static assertion failed due to requirement 'sizeof(CRunningScript) == 224': Invalid structure size of CRunningScript
P: 64-bit layout (sizeof/offsetof static_assert)	source/game_sa/Scripts/ScriptParam.h	21	static assertion failed due to requirement 'sizeof(tScriptParam) == 4': Invalid structure size of tScriptParam
C: libc++ / standard-library gap	source/game_sa/Scripts/Scripted2dEffects.cpp	122	no member named 'enumerate' in namespace 'std::ranges::views'
C: libc++ / standard-library gap	source/game_sa/Scripts/TheScripts.cpp	272	no member named 'enumerate' in namespace 'std::ranges::views'
C: libc++ / standard-library gap	source/game_sa/Scripts/TheScripts.cpp	304	no member named 'enumerate' in namespace 'std::ranges::views'
C: libc++ / standard-library gap	source/game_sa/Scripts/TheScripts.cpp	1973	no member named 'enumerate' in namespace 'std::ranges::views'
P: 64-bit layout (sizeof/offsetof static_assert)	source/game_sa/Scripts/TheScripts.h	94	static assertion failed due to requirement 'sizeof(tScriptCheckpoint) == 8': Invalid structure size of tScriptCheckpoint
P: 64-bit layout (sizeof/offsetof static_assert)	source/game_sa/Scripts/TheScripts.h	113	static assertion failed due to requirement 'sizeof(tScriptEffectSystem) == 8': Invalid structure size of tScriptEffectSystem
P: 64-bit layout (sizeof/offsetof static_assert)	source/game_sa/Scripts/TheScripts.h	243	static assertion failed due to requirement 'sizeof(tScriptSearchlight) == 124': Invalid structure size of tScriptSearchlight
P: 64-bit layout (sizeof/offsetof static_assert)	source/game_sa/Scripts/TheScripts.h	298	static assertion failed due to requirement 'sizeof(tScriptBrainWaitEntity) == 8': Invalid structure size of tScriptBrainWaitEntity
P: 64-bit layout (sizeof/offsetof static_assert)	source/game_sa/Scripts/TheScripts.h	309	static assertion failed due to requirement 'sizeof(tScriptBrainWaitEntity) == 8': Invalid structure size of tScriptBrainWaitEntity
other: undeclared/unknown identifier	source/game_sa/Scripts/TheScripts.h	628	use of undeclared identifier 'strncpy_s'
W/C: MSVC CRT name	source/game_sa/ScriptsForBrains.cpp	244	use of undeclared identifier '_stricmp'; did you mean 'strcmp'?
P: 64-bit layout (sizeof/offsetof static_assert)	source/game_sa/SearchLight.cpp	9	static assertion failed due to requirement '__builtin_offsetof(tScriptSearchlight, m_FollowingEntity) == 72'
P: 64-bit layout (sizeof/offsetof static_assert)	source/game_sa/Sector.h	23	static assertion failed due to requirement 'sizeof(CSector) == 8': Invalid structure size of CSector
other: conversion/overload	source/game_sa/SetPiece.cpp	53	no matching function for call to 'operator new'
other: conversion/overload	source/game_sa/SetPiece.cpp	68	no matching function for call to 'operator new'
P: 64-bit layout (sizeof/offsetof static_assert)	source/game_sa/ShadowCamera.h	143	static assertion failed due to requirement 'sizeof(CShadowCamera) == 8': Invalid structure size of CShadowCamera
P: pointer/int width (cast/narrowing)	source/game_sa/Shadows.cpp	2002	cast to smaller integer type 'unsigned int' from 'CVehicle *' [-Werror,-Wpointer-to-int-cast]
P: pointer/int width (cast/narrowing)	source/game_sa/Shadows.cpp	2037	cast to smaller integer type 'unsigned int' from 'CEntity *' [-Werror,-Wpointer-to-int-cast]
P: 64-bit layout (sizeof/offsetof static_assert)	source/game_sa/Shadows.h	88	static assertion failed due to requirement 'sizeof(CRegisteredShadow) == 52': Invalid structure size of CRegisteredShadow
P: 64-bit layout (sizeof/offsetof static_assert)	source/game_sa/Shadows.h	116	static assertion failed due to requirement 'sizeof(CPermanentShadow) == 56': Invalid structure size of CPermanentShadow
P: 64-bit layout (sizeof/offsetof static_assert)	source/game_sa/Shadows.h	156	static assertion failed due to requirement 'sizeof(CStaticShadow) == 64': Invalid structure size of CStaticShadow
C: libc++ / standard-library gap	source/game_sa/Shopping.cpp	234	no member named 'enumerate' in namespace 'std::ranges::views'
other: undeclared/unknown identifier	source/game_sa/Shopping.cpp	261	use of undeclared identifier 'strtok_s'; did you mean 'strtok_r'?
W/C: MSVC CRT name	source/game_sa/Shopping.cpp	263	use of undeclared identifier '_stricmp'; did you mean 'strcmp'?
other: undeclared/unknown identifier	source/game_sa/Shopping.cpp	263	use of undeclared identifier 'strtok_s'; did you mean 'strtok_r'?
C: libc++ / standard-library gap	source/game_sa/Shopping.cpp	301	no member named 'enumerate' in namespace 'std::ranges::views'
other: undeclared/unknown identifier	source/game_sa/Shopping.cpp	365	use of undeclared identifier 'strtok_s'; did you mean 'strtok_r'?
other: undeclared/unknown identifier	source/game_sa/Shopping.cpp	366	use of undeclared identifier 'strtok_s'; did you mean 'strtok_r'?
C: libc++ / standard-library gap	source/game_sa/Shopping.cpp	376	no member named 'enumerate' in namespace 'std::ranges::views'
other: undeclared/unknown identifier	source/game_sa/Shopping.cpp	464	use of undeclared identifier 'strtok_s'; did you mean 'strtok_r'?
other: undeclared/unknown identifier	source/game_sa/Shopping.cpp	467	use of undeclared identifier 'strtok_s'; did you mean 'strtok_r'?
other: undeclared/unknown identifier	source/game_sa/Shopping.cpp	468	use of undeclared identifier 'strncpy_s'; did you mean 'strncpy'?
other: undeclared/unknown identifier	source/game_sa/Shopping.cpp	473	use of undeclared identifier 'strtok_s'; did you mean 'strtok_r'?
other: undeclared/unknown identifier	source/game_sa/Shopping.cpp	474	use of undeclared identifier 'strtok_s'; did you mean 'strtok_r'?
other: undeclared/unknown identifier	source/game_sa/Shopping.cpp	478	use of undeclared identifier 'strtok_s'; did you mean 'strtok_r'?
other: undeclared/unknown identifier	source/game_sa/Shopping.cpp	479	use of undeclared identifier 'strtok_s'; did you mean 'strtok_r'?
other: undeclared/unknown identifier	source/game_sa/Shopping.cpp	485	use of undeclared identifier 'strtok_s'; did you mean 'strtok_r'?
other: undeclared/unknown identifier	source/game_sa/Shopping.cpp	493	use of undeclared identifier 'strtok_s'; did you mean 'strtok_r'?
other: undeclared/unknown identifier	source/game_sa/Shopping.cpp	495	use of undeclared identifier 'strtok_s'; did you mean 'strtok_r'?
W/C: MSVC CRT name	source/game_sa/Shopping.cpp	515	use of undeclared identifier '_stricmp'; did you mean 'strcmp'?
W/C: MSVC CRT name	source/game_sa/Shopping.cpp	518	use of undeclared identifier 'strcpy_s'; did you mean 'strcpy'?
W/C: MSVC CRT name	source/game_sa/Shopping.cpp	522	use of undeclared identifier '_stricmp'; did you mean 'strcmp'?
other: undeclared/unknown identifier	source/game_sa/Shopping.cpp	544	use of undeclared identifier 'strtok_s'; did you mean 'strtok_r'?
W/C: MSVC CRT name	source/game_sa/Shopping.cpp	546	use of undeclared identifier 'strcpy_s'; did you mean 'strcpy'?
other: undeclared/unknown identifier	source/game_sa/Shopping.cpp	546	use of undeclared identifier 'strtok_s'; did you mean 'strtok_r'?
other: undeclared/unknown identifier	source/game_sa/Shopping.cpp	550	use of undeclared identifier 'strtok_s'; did you mean 'strtok_r'?
other: undeclared/unknown identifier	source/game_sa/Shopping.cpp	577	use of undeclared identifier 'strtok_s'; did you mean 'strtok_r'?
other: undeclared/unknown identifier	source/game_sa/Shopping.cpp	580	use of undeclared identifier 'strtok_s'; did you mean 'strtok_r'?
other: undeclared/unknown identifier	source/game_sa/Shopping.cpp	586	use of undeclared identifier 'strtok_s'; did you mean 'strtok_r'?
other: undeclared/unknown identifier	source/game_sa/Shopping.cpp	590	use of undeclared identifier 'strtok_s'; did you mean 'strtok_r'?
other: undeclared/unknown identifier	source/game_sa/Shopping.cpp	598	use of undeclared identifier 'strtok_s'; did you mean 'strtok_r'?
other: undeclared/unknown identifier	source/game_sa/Shopping.cpp	599	use of undeclared identifier 'strtok_s'; did you mean 'strtok_r'?
C: libc++ / standard-library gap	source/game_sa/Shopping.cpp	697	no member named 'enumerate' in namespace 'std::ranges::views'
C: libc++ / standard-library gap	source/game_sa/Shopping.cpp	741	no member named 'enumerate' in namespace 'std::ranges::views'
C: libc++ / standard-library gap	source/game_sa/Shopping.cpp	765	no member named 'enumerate' in namespace 'std::ranges::views'
C: libc++ / standard-library gap	source/game_sa/ShotInfo.cpp	84	no member named 'enumerate' in namespace 'std::ranges::views'
P: 64-bit layout (sizeof/offsetof static_assert)	source/game_sa/ShotInfo.h	39	static assertion failed due to requirement 'sizeof(CShotInfo) == 44': Invalid structure size of CShotInfo
W: Win32 API / type	source/game_sa/SimpleVariablesSaveStructure.h	59	unknown type name 'SYSTEMTIME'
P: 64-bit layout (sizeof/offsetof static_assert)	source/game_sa/SimpleVariablesSaveStructure.h	72	static assertion failed due to requirement 'sizeof(CSimpleVariablesSaveStructure) == 312': Invalid structure size of CSimpleVariablesSaveStructure
P: pointer/int width (cast/narrowing)	source/game_sa/SpecialFX.cpp	95	cast to smaller integer type 'unsigned int' from 'rw::Clump *' [-Werror,-Wpointer-to-int-cast]
W/C: MSVC CRT name	source/game_sa/SpecialPlateHandler.cpp	35	use of undeclared identifier 'strcpy_s'
W/C: MSVC CRT name	source/game_sa/SpecialPlateHandler.cpp	48	use of undeclared identifier 'strcpy_s'; did you mean 'strcpy'?
C: libc++ / standard-library gap	source/game_sa/Sprite.cpp	73	no member named 'enumerate' in namespace 'std::ranges::views'
C: libc++ / standard-library gap	source/game_sa/Sprite.cpp	96	no member named 'enumerate' in namespace 'std::ranges::views'
C: libc++ / standard-library gap	source/game_sa/Sprite.cpp	519	no member named 'enumerate' in namespace 'std::ranges::views'
other: conversion/overload	source/game_sa/Sprite2d.cpp	558	cannot initialize a parameter of type 'locale_t' (aka '_xlocale *') with an lvalue of type 'const char[5]'
W/C: MSVC CRT name	source/game_sa/Sprite2d.cpp	558	use of undeclared identifier 'sprintf_s'; did you mean 'sprintf_l'?
P: 64-bit layout (sizeof/offsetof static_assert)	source/game_sa/Sprite2d.h	79	static assertion failed due to requirement 'sizeof(CSprite2d) == 4': Invalid structure size of CSprite2d
W/C: MSVC CRT name	source/game_sa/Stats.cpp	493	use of undeclared identifier 'sscanf_s'
W/C: MSVC CRT name	source/game_sa/Stats.cpp	504	use of undeclared identifier 'strcpy_s'; did you mean 'strcpy'?
other: conversion/overload	source/game_sa/Stats.cpp	524	cannot initialize a parameter of type 'locale_t' (aka '_xlocale *') with an lvalue of type 'const char[10]'
W/C: MSVC CRT name	source/game_sa/Stats.cpp	524	use of undeclared identifier 'sscanf_s'; did you mean 'vsscanf_l'?
P: 64-bit layout (sizeof/offsetof static_assert)	source/game_sa/Stats.cpp	849	static assertion failed due to requirement '__builtin_offsetof(CPlayerInfo, m_nDisplayMoney) == 188'
other: conversion/overload	source/game_sa/Stats.cpp	2001	cannot initialize a parameter of type 'locale_t' (aka '_xlocale *') with an lvalue of type 'const char[10]'
W/C: MSVC CRT name	source/game_sa/Stats.cpp	2001	use of undeclared identifier 'sprintf_s'; did you mean 'sprintf_l'?
other: conversion/overload	source/game_sa/Stats.cpp	2003	cannot initialize a parameter of type 'locale_t' (aka '_xlocale *') with an lvalue of type 'const char[10]'
W/C: MSVC CRT name	source/game_sa/Stats.cpp	2003	use of undeclared identifier 'sprintf_s'; did you mean 'sprintf_l'?
P: 64-bit layout (sizeof/offsetof static_assert)	source/game_sa/StencilShadowObject.h	40	static assertion failed due to requirement 'sizeof(CStencilShadowObject) == 28': Invalid structure size of CStencilShadowObject
C: libc++ / standard-library gap	source/game_sa/StencilShadows.cpp	236	no member named 'enumerate' in namespace 'std::ranges::views'
other	source/game_sa/StreamedScripts.cpp	56	cannot use type 'void' as a range
other	source/game_sa/StreamedScripts.cpp	66	cannot use type 'void' as a range
W/C: MSVC CRT name	source/game_sa/StreamedScripts.cpp	125	use of undeclared identifier 'strcpy_s'; did you mean 'strcpy'?
C: libc++ / standard-library gap	source/game_sa/StreamedScripts.cpp	132	no member named 'enumerate' in namespace 'std::ranges::views'
C: libc++ / standard-library gap	source/game_sa/StreamedScripts.h	49	no member named 'enumerate' in namespace 'std::ranges::views'
P: 64-bit layout (sizeof/offsetof static_assert)	source/game_sa/StreamedScripts.h	52	static assertion failed due to requirement 'sizeof(CStreamedScripts) == 2632': Invalid structure size of CStreamedScripts
other: undeclared/unknown identifier	source/game_sa/Streaming.cpp	1144	use of undeclared identifier '_memicmp'
other: conversion/overload	source/game_sa/Streaming.cpp	1173	cannot initialize a parameter of type 'locale_t' (aka '_xlocale *') with an lvalue of type 'const char[3]'
W/C: MSVC CRT name	source/game_sa/Streaming.cpp	1173	use of undeclared identifier 'sscanf_s'; did you mean 'sscanf_l'?
other	source/game_sa/Streaming.cpp	1608	non-const lvalue reference to type 'size_t' (aka 'unsigned long') cannot bind to a value of unrelated type 'uint32' (aka 'unsigned int')
other	source/game_sa/Streaming.cpp	1621	non-const lvalue reference to type 'size_t' (aka 'unsigned long') cannot bind to a value of unrelated type 'uint32' (aka 'unsigned int')
other: undeclared/unknown identifier	source/game_sa/Streaming.cpp	2029	use of undeclared identifier 'strtok_s'; did you mean 'strtok_r'?
other: undeclared/unknown identifier	source/game_sa/Streaming.cpp	2030	use of undeclared identifier 'strtok_s'; did you mean 'strtok_r'?
W/C: MSVC CRT name	source/game_sa/Streaming.cpp	2033	use of undeclared identifier '_stricmp'; did you mean 'strcmp'?
W/C: MSVC CRT name	source/game_sa/Streaming.cpp	2035	use of undeclared identifier '_stricmp'; did you mean 'strcmp'?
W/C: MSVC CRT name	source/game_sa/Streaming.cpp	2040	use of undeclared identifier '_stricmp'; did you mean 'strcmp'?
W/C: MSVC CRT name	source/game_sa/Streaming.cpp	2044	use of undeclared identifier '_stricmp'; did you mean 'strcmp'?
W/C: MSVC CRT name	source/game_sa/Streaming.cpp	2048	use of undeclared identifier '_stricmp'; did you mean 'strcmp'?
W/C: MSVC CRT name	source/game_sa/Streaming.cpp	2052	use of undeclared identifier '_stricmp'; did you mean 'strcmp'?
W/C: MSVC CRT name	source/game_sa/Streaming.cpp	2056	use of undeclared identifier '_stricmp'; did you mean 'strcmp'?
W/C: MSVC CRT name	source/game_sa/Streaming.cpp	2060	use of undeclared identifier '_stricmp'; did you mean 'strcmp'?
W/C: MSVC CRT name	source/game_sa/Streaming.cpp	2064	use of undeclared identifier '_stricmp'; did you mean 'strcmp'?
W/C: MSVC CRT name	source/game_sa/Streaming.cpp	2068	use of undeclared identifier '_stricmp'; did you mean 'strcmp'?
W/C: MSVC CRT name	source/game_sa/Streaming.cpp	2072	use of undeclared identifier '_stricmp'; did you mean 'strcmp'?
W/C: MSVC CRT name	source/game_sa/Streaming.cpp	2076	use of undeclared identifier '_stricmp'; did you mean 'strcmp'?
W/C: MSVC CRT name	source/game_sa/Streaming.cpp	2080	use of undeclared identifier '_stricmp'; did you mean 'strcmp'?
W/C: MSVC CRT name	source/game_sa/Streaming.cpp	3757	use of undeclared identifier 'sprintf_s'
P: 64-bit layout (sizeof/offsetof static_assert)	source/game_sa/Streaming.h	146	static assertion failed due to requirement 'sizeof(tRwStreamInitializeData) == 8': Invalid structure size of tRwStreamInitializeData
other: undeclared/unknown identifier	source/game_sa/Streaming.h	155	use of undeclared identifier 'strncpy_s'; did you mean 'strncpy'?
P: 64-bit layout (sizeof/offsetof static_assert)	source/game_sa/StreamingInfo.h	132	static assertion failed due to requirement 'sizeof(CStreamingInfo) == 20': Invalid structure size of CStreamingInfo
other: conversion/overload	source/game_sa/StuntJumpManager.cpp	242	no matching member function for call to 'GetAllValid'
W/C: MSVC CRT name	source/game_sa/SurfaceInfo_c.h	66	use of undeclared identifier 'sscanf_s'
other: conversion/overload	source/game_sa/SurfaceInfos_c.cpp	273	cannot initialize a parameter of type 'locale_t' (aka '_xlocale *') with an lvalue of type 'const char[3]'
W/C: MSVC CRT name	source/game_sa/SurfaceInfos_c.cpp	273	use of undeclared identifier 'sscanf_s'; did you mean 'vsscanf_l'?
other: conversion/overload	source/game_sa/SurfaceInfos_c.cpp	287	cannot initialize a parameter of type 'locale_t' (aka '_xlocale *') with an lvalue of type 'const char[3]'
W/C: MSVC CRT name	source/game_sa/SurfaceInfos_c.cpp	287	use of undeclared identifier 'sscanf_s'; did you mean 'sscanf_l'?
W/C: MSVC CRT name	source/game_sa/SurfaceInfos_c.cpp	395	use of undeclared identifier 'sscanf_s'
C: libc++ / standard-library gap	source/game_sa/Tasks/Allocators/PedGroup/./PedGroupDefaultTaskAllocatorFollowAnyMeans.h	23	no member named 'enumerate' in namespace 'std::ranges::views'
C: libc++ / standard-library gap	source/game_sa/Tasks/Allocators/PedGroup/./PedGroupDefaultTaskAllocatorFollowLimited.h	20	no member named 'enumerate' in namespace 'std::ranges::views'
C: libc++ / standard-library gap	source/game_sa/Tasks/Allocators/PedGroup/./PedGroupDefaultTaskAllocatorRandom.h	24	no member named 'enumerate' in namespace 'std::ranges::views'
C: libc++ / standard-library gap	source/game_sa/Tasks/Allocators/PedGroup/PedGroupDefaultTaskAllocatorFollowAnyMeans.h	23	no member named 'enumerate' in namespace 'std::ranges::views'
C: libc++ / standard-library gap	source/game_sa/Tasks/Allocators/PedGroup/PedGroupDefaultTaskAllocatorFollowLimited.h	20	no member named 'enumerate' in namespace 'std::ranges::views'
C: libc++ / standard-library gap	source/game_sa/Tasks/Allocators/PedGroup/PedGroupDefaultTaskAllocatorRandom.h	24	no member named 'enumerate' in namespace 'std::ranges::views'
P: 64-bit layout (sizeof/offsetof static_assert)	source/game_sa/Tasks/PedScriptedTaskRecord.h	43	static assertion failed due to requirement 'sizeof(CPedScriptedTaskRecordData) == 20': Invalid structure size of CPedScriptedTaskRecordData
P: 64-bit layout (sizeof/offsetof static_assert)	source/game_sa/Tasks/ScriptedBrainTaskStore.h	25	static assertion failed due to requirement 'sizeof(CScriptedBrainTaskEntry) == 16': Invalid structure size of CScriptedBrainTaskEntry
P: 64-bit layout (sizeof/offsetof static_assert)	source/game_sa/Tasks/Task.h	94	static assertion failed due to requirement 'sizeof(CTask) == 8': Invalid structure size of CTask
P: 64-bit layout (sizeof/offsetof static_assert)	source/game_sa/Tasks/TaskComplex.h	73	static assertion failed due to requirement 'sizeof(CTaskComplex) == 12': Invalid structure size of CTaskComplex
P: 64-bit layout (sizeof/offsetof static_assert)	source/game_sa/Tasks/TaskComplexSequence.h	64	static assertion failed due to requirement 'sizeof(CTaskComplexSequence) == 64': Invalid structure size of CTaskComplexSequence
P: 64-bit layout (sizeof/offsetof static_assert)	source/game_sa/Tasks/TaskComplexUseSequence.h	39	static assertion failed due to requirement 'sizeof(CTaskComplexUseSequence) == 28': Invalid structure size of CTaskComplexUseSequence
C: libc++ / standard-library gap	source/game_sa/Tasks/TaskManager.cpp	77	no member named 'enumerate' in namespace 'std::ranges::views'
P: 64-bit layout (sizeof/offsetof static_assert)	source/game_sa/Tasks/TaskManager.h	392	static assertion failed due to requirement 'sizeof(CTaskManager) == 48': Invalid structure size of CTaskManager
P: 64-bit layout (sizeof/offsetof static_assert)	source/game_sa/Tasks/TaskSimple.h	40	static assertion failed due to requirement 'sizeof(CTaskSimple) == 8': Invalid structure size of CTaskSimple
P: 64-bit layout (sizeof/offsetof static_assert)	source/game_sa/Tasks/TaskTypes/Interior/TaskInteriorSitOnChair.h	52	static assertion failed due to requirement 'sizeof(CTaskInteriorSitOnChair) == 44': Invalid structure size of CTaskInteriorSitOnChair
P: 64-bit layout (sizeof/offsetof static_assert)	source/game_sa/Tasks/TaskTypes/SeekEntity/PosCalculators/EntitySeekPosCalculator.h	19	static assertion failed due to requirement 'sizeof(CEntitySeekPosCalculator) == 4': Invalid structure size of CEntitySeekPosCalculator
P: 64-bit layout (sizeof/offsetof static_assert)	source/game_sa/Tasks/TaskTypes/SeekEntity/PosCalculators/EntitySeekPosCalculatorRadiusAngleOffset.h	17	static assertion failed due to requirement 'sizeof(CEntitySeekPosCalculatorRadiusAngleOffset) == 12': Invalid structure size of CEntitySeekPosCalculatorRadiusAngleOffset
P: 64-bit layout (sizeof/offsetof static_assert)	source/game_sa/Tasks/TaskTypes/SeekEntity/PosCalculators/EntitySeekPosCalculatorStandard.h	11	static assertion failed due to requirement 'sizeof(CEntitySeekPosCalculatorStandard) == 4': Invalid structure size of CEntitySeekPosCalculatorStandard
P: 64-bit layout (sizeof/offsetof static_assert)	source/game_sa/Tasks/TaskTypes/SeekEntity/PosCalculators/EntitySeekPosCalculatorXYOffset.h	25	static assertion failed due to requirement 'sizeof(CEntitySeekPosCalculatorXYOffset) == 16': Invalid structure size of CEntitySeekPosCalculatorXYOffset
P: 64-bit layout (sizeof/offsetof static_assert)	source/game_sa/Tasks/TaskTypes/SeekEntity/TaskComplexSeekEntityRadiusAngleOffset.h	12	static assertion failed due to requirement 'sizeof(CTaskComplexSeekEntityRadiusAngleOffset) == 84': Invalid structure size of CTaskComplexSeekEntityRadiusAngleOffset
P: 64-bit layout (sizeof/offsetof static_assert)	source/game_sa/Tasks/TaskTypes/SeekEntity/TaskComplexSeekEntityStandard.h	12	static assertion failed due to requirement 'sizeof(CTaskComplexSeekEntityStandard) == 76': Invalid structure size of CTaskComplexSeekEntityStandard
P: 64-bit layout (sizeof/offsetof static_assert)	source/game_sa/Tasks/TaskTypes/SeekEntity/TaskComplexSeekEntityXYOffset.h	12	static assertion failed due to requirement 'sizeof(CTaskComplexSeekEntityXYOffset) == 88': Invalid structure size of CTaskComplexSeekEntityXYOffset
P: 64-bit layout (sizeof/offsetof static_assert)	source/game_sa/Tasks/TaskTypes/TaskComplexArrestPed.h	37	static assertion failed due to requirement 'sizeof(CTaskComplexArrestPed) == 36': Invalid structure size of CTaskComplexArrestPed
P: 64-bit layout (sizeof/offsetof static_assert)	source/game_sa/Tasks/TaskTypes/TaskComplexAttractorPartnerWait.h	28	static assertion failed due to requirement 'sizeof(CTaskComplexAttractorPartnerWait) == 20': Invalid structure size of CTaskComplexAttractorPartnerWait
P: 64-bit layout (sizeof/offsetof static_assert)	source/game_sa/Tasks/TaskTypes/TaskComplexAvoidEntity.h	57	static assertion failed due to requirement 'sizeof(CTaskComplexAvoidEntity) == 84': Invalid structure size of CTaskComplexAvoidEntity
C: libc++ / standard-library gap	source/game_sa/Tasks/TaskTypes/TaskComplexAvoidOtherPedWhileWandering.cpp	247	no member named 'enumerate' in namespace 'std::ranges::views'
C: libc++ / standard-library gap	source/game_sa/Tasks/TaskTypes/TaskComplexAvoidOtherPedWhileWandering.cpp	273	no member named 'enumerate' in namespace 'std::ranges::views'
P: 64-bit layout (sizeof/offsetof static_assert)	source/game_sa/Tasks/TaskTypes/TaskComplexAvoidOtherPedWhileWandering.h	81	static assertion failed due to requirement 'sizeof(CTaskComplexAvoidOtherPedWhileWandering) == 96': Invalid structure size of CTaskComplexAvoidOtherPedWhileWandering
P: 64-bit layout (sizeof/offsetof static_assert)	source/game_sa/Tasks/TaskTypes/TaskComplexBeCop.h	17	static assertion failed due to requirement 'sizeof(CTaskComplexBeCop) == 80': Invalid structure size of CTaskComplexBeCop
P: 64-bit layout (sizeof/offsetof static_assert)	source/game_sa/Tasks/TaskTypes/TaskComplexBeInCouple.h	43	static assertion failed due to requirement 'sizeof(CTaskComplexBeInCouple) == 32': Invalid structure size of CTaskComplexBeInCouple
P: 64-bit layout (sizeof/offsetof static_assert)	source/game_sa/Tasks/TaskTypes/TaskComplexBeInGroup.h	40	static assertion failed due to requirement 'sizeof(CTaskComplexBeInGroup) == 40': Invalid structure size of CTaskComplexBeInGroup
P: 64-bit layout (sizeof/offsetof static_assert)	source/game_sa/Tasks/TaskTypes/TaskComplexCarDrive.h	50	static assertion failed due to requirement 'sizeof(CTaskComplexCarDrive) == 36': Invalid structure size of CTaskComplexCarDrive
P: 64-bit layout (sizeof/offsetof static_assert)	source/game_sa/Tasks/TaskTypes/TaskComplexCarDriveMission.h	31	static assertion failed due to requirement 'sizeof(CTaskComplexCarDriveMission) == 44': Invalid structure size of CTaskComplexCarDriveMission
P: 64-bit layout (sizeof/offsetof static_assert)	source/game_sa/Tasks/TaskTypes/TaskComplexCarSlowBeDraggedOut.h	44	static assertion failed due to requirement 'sizeof(CTaskComplexCarSlowBeDraggedOut) == 28': Invalid structure size of CTaskComplexCarSlowBeDraggedOut
P: 64-bit layout (sizeof/offsetof static_assert)	source/game_sa/Tasks/TaskTypes/TaskComplexChat.h	45	static assertion failed due to requirement 'sizeof(CTaskComplexChat) == 32': Invalid structure size of CTaskComplexChat
P: 64-bit layout (sizeof/offsetof static_assert)	source/game_sa/Tasks/TaskTypes/TaskComplexCopInCar.h	52	static assertion failed due to requirement 'sizeof(CTaskComplexCopInCar) == 52': Invalid structure size of CTaskComplexCopInCar
P: 64-bit layout (sizeof/offsetof static_assert)	source/game_sa/Tasks/TaskTypes/TaskComplexDestroyCar.h	34	static assertion failed due to requirement 'sizeof(CTaskComplexDestroyCar) == 32': Invalid structure size of CTaskComplexDestroyCar
P: 64-bit layout (sizeof/offsetof static_assert)	source/game_sa/Tasks/TaskTypes/TaskComplexDestroyCarArmed.h	51	static assertion failed due to requirement 'sizeof(CTaskComplexDestroyCarArmed) == 100': Invalid structure size of CTaskComplexDestroyCarArmed
P: 64-bit layout (sizeof/offsetof static_assert)	source/game_sa/Tasks/TaskTypes/TaskComplexDestroyCarMelee.h	43	static assertion failed due to requirement 'sizeof(CTaskComplexDestroyCarMelee) == 52': Invalid structure size of CTaskComplexDestroyCarMelee
P: 64-bit layout (sizeof/offsetof static_assert)	source/game_sa/Tasks/TaskTypes/TaskComplexDie.h	62	static assertion failed due to requirement 'sizeof(CTaskComplexDie) == 40': Invalid structure size of CTaskComplexDie
P: 64-bit layout (sizeof/offsetof static_assert)	source/game_sa/Tasks/TaskTypes/TaskComplexDieInCar.h	34	static assertion failed due to requirement 'sizeof(CTaskComplexDieInCar) == 28': Invalid structure size of CTaskComplexDieInCar
P: 64-bit layout (sizeof/offsetof static_assert)	source/game_sa/Tasks/TaskTypes/TaskComplexDragPedFromCar.h	23	static assertion failed due to requirement 'sizeof(CTaskComplexDragPedFromCar) == 84': Invalid structure size of CTaskComplexDragPedFromCar
P: 64-bit layout (sizeof/offsetof static_assert)	source/game_sa/Tasks/TaskTypes/TaskComplexDriveFireTruck.h	33	static assertion failed due to requirement 'sizeof(CTaskComplexDriveFireTruck) == 28': Invalid structure size of CTaskComplexDriveFireTruck
P: 64-bit layout (sizeof/offsetof static_assert)	source/game_sa/Tasks/TaskTypes/TaskComplexDriveToPoint.h	42	static assertion failed due to requirement 'sizeof(CTaskComplexDriveToPoint) == 60': Invalid structure size of CTaskComplexDriveToPoint
P: 64-bit layout (sizeof/offsetof static_assert)	source/game_sa/Tasks/TaskTypes/TaskComplexDriveWander.h	21	static assertion failed due to requirement 'sizeof(CTaskComplexCarDrive) == 36': Invalid structure size of CTaskComplexCarDrive
P: 64-bit layout (sizeof/offsetof static_assert)	source/game_sa/Tasks/TaskTypes/TaskComplexEnterCar.h	86	static assertion failed due to requirement 'sizeof(CTaskComplexEnterCar) == 80': Invalid structure size of CTaskComplexEnterCar
P: 64-bit layout (sizeof/offsetof static_assert)	source/game_sa/Tasks/TaskTypes/TaskComplexEnterCarAsDriver.h	25	static assertion failed due to requirement 'sizeof(CTaskComplexEnterCarAsDriver) == 80': Invalid structure size of CTaskComplexEnterCarAsDriver
P: 64-bit layout (sizeof/offsetof static_assert)	source/game_sa/Tasks/TaskTypes/TaskComplexEnterCarAsPassenger.h	24	static assertion failed due to requirement 'sizeof(CTaskComplexEnterCarAsPassenger) == 80': Invalid structure size of CTaskComplexEnterCarAsPassenger
P: 64-bit layout (sizeof/offsetof static_assert)	source/game_sa/Tasks/TaskTypes/TaskComplexEvasiveCower.h	26	static assertion failed due to requirement 'sizeof(CTaskComplexEvasiveCower) == 28': Invalid structure size of CTaskComplexEvasiveCower
P: 64-bit layout (sizeof/offsetof static_assert)	source/game_sa/Tasks/TaskTypes/TaskComplexEvasiveStep.h	27	static assertion failed due to requirement 'sizeof(CTaskComplexEvasiveStep) == 28': Invalid structure size of CTaskComplexEvasiveStep
P: 64-bit layout (sizeof/offsetof static_assert)	source/game_sa/Tasks/TaskTypes/TaskComplexExtinguishFireOnFoot.h	33	static assertion failed due to requirement 'sizeof(CTaskComplexExtinguishFireOnFoot) == 24': Invalid structure size of CTaskComplexExtinguishFireOnFoot
P: 64-bit layout (sizeof/offsetof static_assert)	source/game_sa/Tasks/TaskTypes/TaskComplexFacial.h	60	static assertion failed due to requirement 'sizeof(CTaskComplexFacial) == 32': Invalid structure size of CTaskComplexFacial
P: 64-bit layout (sizeof/offsetof static_assert)	source/game_sa/Tasks/TaskTypes/TaskComplexFallAndGetUp.h	37	static assertion failed due to requirement 'sizeof(CTaskComplexFallAndGetUp) == 24': Invalid structure size of CTaskComplexFallAndGetUp
P: 64-bit layout (sizeof/offsetof static_assert)	source/game_sa/Tasks/TaskTypes/TaskComplexFallAndStayDown.h	41	static assertion failed due to requirement 'sizeof(CTaskComplexFallAndStayDown) == 20': Invalid structure size of CTaskComplexFallAndStayDown
P: 64-bit layout (sizeof/offsetof static_assert)	source/game_sa/Tasks/TaskTypes/TaskComplexFallToDeath.h	50	static assertion failed due to requirement 'sizeof(CTaskComplexFallToDeath) == 36': Invalid structure size of CTaskComplexFallToDeath
other: undeclared/unknown identifier	source/game_sa/Tasks/TaskTypes/TaskComplexFollowLeaderAnyMeans.cpp	30	use of undeclared identifier 'DebugBreak'; did you mean 'OS_DebugBreak'?
P: 64-bit layout (sizeof/offsetof static_assert)	source/game_sa/Tasks/TaskTypes/TaskComplexFollowLeaderInFormation.h	47	static assertion failed due to requirement 'sizeof(CTaskComplexFollowLeaderInFormation) == 40': Invalid structure size of CTaskComplexFollowLeaderInFormation
C: libc++ / standard-library gap	source/game_sa/Tasks/TaskTypes/TaskComplexFollowNodeRoute.cpp	318	no member named 'enumerate' in namespace 'std::ranges::views'
P: 64-bit layout (sizeof/offsetof static_assert)	source/game_sa/Tasks/TaskTypes/TaskComplexFollowNodeRoute.h	91	static assertion failed due to requirement 'sizeof(CTaskComplexFollowNodeRoute) == 96': Invalid structure size of CTaskComplexFollowNodeRoute
P: 64-bit layout (sizeof/offsetof static_assert)	source/game_sa/Tasks/TaskTypes/TaskComplexFollowPatrolRoute.h	69	static assertion failed due to requirement 'sizeof(CTaskComplexFollowPatrolRoute) == 48': Invalid structure size of CTaskComplexFollowPatrolRoute
P: 64-bit layout (sizeof/offsetof static_assert)	source/game_sa/Tasks/TaskTypes/TaskComplexFollowPedFootsteps.h	37	static assertion failed due to requirement 'sizeof(CTaskComplexFollowPedFootsteps) == 32': Invalid structure size of CTaskComplexFollowPedFootsteps
P: 64-bit layout (sizeof/offsetof static_assert)	source/game_sa/Tasks/TaskTypes/TaskComplexGangFollower.h	48	static assertion failed due to requirement 'sizeof(CTaskComplexGangFollower) == 76': Invalid structure size of CTaskComplexGangFollower
P: 64-bit layout (sizeof/offsetof static_assert)	source/game_sa/Tasks/TaskTypes/TaskComplexGangJoinRespond.h	32	static assertion failed due to requirement 'sizeof(CTaskComplexGangJoinRespond) == 20': Invalid structure size of CTaskComplexGangJoinRespond
P: 64-bit layout (sizeof/offsetof static_assert)	source/game_sa/Tasks/TaskTypes/TaskComplexGetUpAndStandStill.h	27	static assertion failed due to requirement 'sizeof(CTaskComplexGetUpAndStandStill) == 12': Invalid structure size of CTaskComplexGetUpAndStandStill
P: 64-bit layout (sizeof/offsetof static_assert)	source/game_sa/Tasks/TaskTypes/TaskComplexGoPickUpEntity.h	46	static assertion failed due to requirement 'sizeof(CTaskComplexGoPickUpEntity) == 52': Invalid structure size of CTaskComplexGoPickUpEntity
P: 64-bit layout (sizeof/offsetof static_assert)	source/game_sa/Tasks/TaskTypes/TaskComplexGoToAttractor.h	33	static assertion failed due to requirement 'sizeof(CTaskComplexGoToAttractor) == 44': Invalid structure size of CTaskComplexGoToAttractor
P: 64-bit layout (sizeof/offsetof static_assert)	source/game_sa/Tasks/TaskTypes/TaskComplexGoToBoatSteeringWheel.h	34	static assertion failed due to requirement 'sizeof(CTaskComplexGoToBoatSteeringWheel) == 36': Invalid structure size of CTaskComplexGoToBoatSteeringWheel
P: 64-bit layout (sizeof/offsetof static_assert)	source/game_sa/Tasks/TaskTypes/TaskComplexGoToCarDoorAndStandStill.h	70	static assertion failed due to requirement 'sizeof(CTaskComplexGoToCarDoorAndStandStill) == 80': Invalid structure size of CTaskComplexGoToCarDoorAndStandStill
P: 64-bit layout (sizeof/offsetof static_assert)	source/game_sa/Tasks/TaskTypes/TaskComplexGoToPointAndStandStill.h	57	static assertion failed due to requirement 'sizeof(CTaskComplexGoToPointAndStandStill) == 40': Invalid structure size of CTaskComplexGoToPointAndStandStill
P: 64-bit layout (sizeof/offsetof static_assert)	source/game_sa/Tasks/TaskTypes/TaskComplexGoToPointAndStandStillTimed.h	33	static assertion failed due to requirement 'sizeof(CTaskComplexGoToPointAndStandStillTimed) == 56': Invalid structure size of CTaskComplexGoToPointAndStandStillTimed
P: 64-bit layout (sizeof/offsetof static_assert)	source/game_sa/Tasks/TaskTypes/TaskComplexGoToPointAnyMeans.h	43	static assertion failed due to requirement 'sizeof(CTaskComplexGoToPointAnyMeans) == 52': Invalid structure size of CTaskComplexGoToPointAnyMeans
P: 64-bit layout (sizeof/offsetof static_assert)	source/game_sa/Tasks/TaskTypes/TaskComplexGotoDoorAndOpen.h	42	static assertion failed due to requirement 'sizeof(CTaskComplexGotoDoorAndOpen) == 56': Invalid structure size of CTaskComplexGotoDoorAndOpen
P: 64-bit layout (sizeof/offsetof static_assert)	source/game_sa/Tasks/TaskTypes/TaskComplexInAirAndLand.h	31	static assertion failed due to requirement 'sizeof(CTaskComplexInAirAndLand) == 16': Invalid structure size of CTaskComplexInAirAndLand
P: 64-bit layout (sizeof/offsetof static_assert)	source/game_sa/Tasks/TaskTypes/TaskComplexJump.h	46	static assertion failed due to requirement 'sizeof(CTaskComplexJump) == 20': Invalid structure size of CTaskComplexJump
P: 64-bit layout (sizeof/offsetof static_assert)	source/game_sa/Tasks/TaskTypes/TaskComplexKillAllThreats.h	34	static assertion failed due to requirement 'sizeof(CTaskComplexKillAllThreats) == 24': Invalid structure size of CTaskComplexKillAllThreats
P: 64-bit layout (sizeof/offsetof static_assert)	source/game_sa/Tasks/TaskTypes/TaskComplexKillPedOnFoot.h	53	static assertion failed due to requirement 'sizeof(CTaskComplexKillPedOnFoot) == 56': Invalid structure size of CTaskComplexKillPedOnFoot
P: 64-bit layout (sizeof/offsetof static_assert)	source/game_sa/Tasks/TaskTypes/TaskComplexKillPedOnFootArmed.h	86	static assertion failed due to requirement 'sizeof(CTaskComplexKillPedOnFootArmed) == 92': Invalid structure size of CTaskComplexKillPedOnFootArmed
P: 64-bit layout (sizeof/offsetof static_assert)	source/game_sa/Tasks/TaskTypes/TaskComplexLeaveAnyCar.h	30	static assertion failed due to requirement 'sizeof(CTaskComplexLeaveAnyCar) == 20': Invalid structure size of CTaskComplexLeaveAnyCar
P: 64-bit layout (sizeof/offsetof static_assert)	source/game_sa/Tasks/TaskTypes/TaskComplexLeaveCar.h	56	static assertion failed due to requirement 'sizeof(CTaskComplexLeaveCar) == 52': Invalid structure size of CTaskComplexLeaveCar
P: 64-bit layout (sizeof/offsetof static_assert)	source/game_sa/Tasks/TaskTypes/TaskComplexMedicTreatInjuredPed.h	41	static assertion failed due to requirement 'sizeof(CTaskComplexMedicTreatInjuredPed) == 44': Invalid structure size of CTaskComplexMedicTreatInjuredPed
P: 64-bit layout (sizeof/offsetof static_assert)	source/game_sa/Tasks/TaskTypes/TaskComplexObserveTrafficLights.h	23	static assertion failed due to requirement 'sizeof(CTaskComplexObserveTrafficLights) == 24': Invalid structure size of CTaskComplexObserveTrafficLights
P: 64-bit layout (sizeof/offsetof static_assert)	source/game_sa/Tasks/TaskTypes/TaskComplexObserveTrafficLightsAndAchieveHeading.h	45	static assertion failed due to requirement 'sizeof(CTaskComplexObserveTrafficLightsAndAchieveHeading) == 20': Invalid structure size of CTaskComplexObserveTrafficLightsAndAchieveHeading
P: 64-bit layout (sizeof/offsetof static_assert)	source/game_sa/Tasks/TaskTypes/TaskComplexPartner.h	62	static assertion failed due to requirement 'sizeof(CTaskComplexPartner) == 112': Invalid structure size of CTaskComplexPartner
W/C: MSVC CRT name	source/game_sa/Tasks/TaskTypes/TaskComplexPartnerChat.cpp	29	use of undeclared identifier 'strcpy_s'; did you mean 'strcpy'?
P: 64-bit layout (sizeof/offsetof static_assert)	source/game_sa/Tasks/TaskTypes/TaskComplexPartnerChat.h	26	static assertion failed due to requirement 'sizeof(CTaskComplexPartnerChat) == 120': Invalid structure size of CTaskComplexPartnerChat
W/C: MSVC CRT name	source/game_sa/Tasks/TaskTypes/TaskComplexPartnerDeal.cpp	23	use of undeclared identifier 'strcpy_s'; did you mean 'strcpy'?
P: 64-bit layout (sizeof/offsetof static_assert)	source/game_sa/Tasks/TaskTypes/TaskComplexPartnerDeal.h	24	static assertion failed due to requirement 'sizeof(CTaskComplexPartnerDeal) == 116': Invalid structure size of CTaskComplexPartnerDeal
W/C: MSVC CRT name	source/game_sa/Tasks/TaskTypes/TaskComplexPartnerGreet.cpp	31	use of undeclared identifier 'strcpy_s'; did you mean 'strcpy'?
P: 64-bit layout (sizeof/offsetof static_assert)	source/game_sa/Tasks/TaskTypes/TaskComplexPartnerGreet.h	37	static assertion failed due to requirement 'sizeof(CTaskComplexPartnerGreet) == 120': Invalid structure size of CTaskComplexPartnerGreet
P: 64-bit layout (sizeof/offsetof static_assert)	source/game_sa/Tasks/TaskTypes/TaskComplexPartnerShove.h	22	static assertion failed due to requirement 'sizeof(CTaskComplexPartnerShove) == 116': Invalid structure size of CTaskComplexPartnerShove
P: 64-bit layout (sizeof/offsetof static_assert)	source/game_sa/Tasks/TaskTypes/TaskComplexPlayHandSignalAnim.h	58	static assertion failed due to requirement 'sizeof(CTaskComplexPlayHandSignalAnim) == 24': Invalid structure size of CTaskComplexPlayHandSignalAnim
P: 64-bit layout (sizeof/offsetof static_assert)	source/game_sa/Tasks/TaskTypes/TaskComplexPolicePursuit.h	65	static assertion failed due to requirement 'sizeof(CTaskComplexPolicePursuit) == 24': Invalid structure size of CTaskComplexPolicePursuit
P: 64-bit layout (sizeof/offsetof static_assert)	source/game_sa/Tasks/TaskTypes/TaskComplexPresentIdToCop.h	31	static assertion failed due to requirement 'sizeof(CTaskComplexPresentIdToCop) == 16': Invalid structure size of CTaskComplexPresentIdToCop
P: 64-bit layout (sizeof/offsetof static_assert)	source/game_sa/Tasks/TaskTypes/TaskComplexProstituteSolicit.h	57	static assertion failed due to requirement 'sizeof(CTaskComplexProstituteSolicit) == 48': Invalid structure size of CTaskComplexProstituteSolicit
P: 64-bit layout (sizeof/offsetof static_assert)	source/game_sa/Tasks/TaskTypes/TaskComplexReactToAttack.h	49	static assertion failed due to requirement 'sizeof(CTaskComplexReactToAttack) == 36': Invalid structure size of CTaskComplexReactToAttack
P: 64-bit layout (sizeof/offsetof static_assert)	source/game_sa/Tasks/TaskTypes/TaskComplexSmartFleeEntity.h	59	static assertion failed due to requirement 'sizeof(CTaskComplexSmartFleeEntity) == 64': Invalid structure size of CTaskComplexSmartFleeEntity
P: pointer/int width (cast/narrowing)	source/game_sa/Tasks/TaskTypes/TaskComplexStareAtPed.cpp	97	cast to smaller integer type 'int' from 'int *' [-Werror,-Wpointer-to-int-cast]
P: pointer/int width (cast/narrowing)	source/game_sa/Tasks/TaskTypes/TaskComplexStareAtPed.cpp	112	cast to smaller integer type 'int' from 'int *' [-Werror,-Wpointer-to-int-cast]
P: 64-bit layout (sizeof/offsetof static_assert)	source/game_sa/Tasks/TaskTypes/TaskComplexStuckInAir.h	22	static assertion failed due to requirement 'sizeof(CTaskComplexStuckInAir) == 12': Invalid structure size of CTaskComplexStuckInAir
P: 64-bit layout (sizeof/offsetof static_assert)	source/game_sa/Tasks/TaskTypes/TaskComplexSunbathe.h	74	static assertion failed due to requirement 'sizeof(CTaskComplexSunbathe) == 56': Invalid structure size of CTaskComplexSunbathe
P: 64-bit layout (sizeof/offsetof static_assert)	source/game_sa/Tasks/TaskTypes/TaskComplexTrackEntity.h	53	static assertion failed due to requirement 'sizeof(CTaskComplexTrackEntity) == 84': Invalid structure size of CTaskComplexTrackEntity
P: 64-bit layout (sizeof/offsetof static_assert)	source/game_sa/Tasks/TaskTypes/TaskComplexTreatAccident.h	32	static assertion failed due to requirement 'sizeof(CTaskComplexTreatAccident) == 16': Invalid structure size of CTaskComplexTreatAccident
P: 64-bit layout (sizeof/offsetof static_assert)	source/game_sa/Tasks/TaskTypes/TaskComplexTurnToFaceEntityOrCoord.h	40	static assertion failed due to requirement 'sizeof(CTaskComplexTurnToFaceEntityOrCoord) == 40': Invalid structure size of CTaskComplexTurnToFaceEntityOrCoord
C: libc++ / standard-library gap	source/game_sa/Tasks/TaskTypes/TaskComplexUseClosestFreeScriptedAttractor.cpp	40	no member named 'enumerate' in namespace 'std::ranges::views'
P: 64-bit layout (sizeof/offsetof static_assert)	source/game_sa/Tasks/TaskTypes/TaskComplexUseMobilePhone.h	43	static assertion failed due to requirement 'sizeof(CTaskComplexUseMobilePhone) == 32': Invalid structure size of CTaskComplexUseMobilePhone
W/C: MSVC CRT name	source/game_sa/Tasks/TaskTypes/TaskComplexUseScriptedBrain.cpp	23	use of undeclared identifier 'strcpy_s'; did you mean 'strcpy'?
P: 64-bit layout (sizeof/offsetof static_assert)	source/game_sa/Tasks/TaskTypes/TaskComplexUseSwatRope.h	39	static assertion failed due to requirement 'sizeof(CTaskComplexUseSwatRope) == 28': Invalid structure size of CTaskComplexUseSwatRope
P: 64-bit layout (sizeof/offsetof static_assert)	source/game_sa/Tasks/TaskTypes/TaskComplexUseWaterCannon.h	24	static assertion failed due to requirement 'sizeof(CTaskComplexUseWaterCannon) == 16': Invalid structure size of CTaskComplexUseWaterCannon
P: 64-bit layout (sizeof/offsetof static_assert)	source/game_sa/Tasks/TaskTypes/TaskComplexWaitForPed.h	45	static assertion failed due to requirement 'sizeof(CTaskComplexWaitForPed) == 44': Invalid structure size of CTaskComplexWaitForPed
P: 64-bit layout (sizeof/offsetof static_assert)	source/game_sa/Tasks/TaskTypes/TaskComplexWalkRoundBuildingAttempt.h	67	static assertion failed due to requirement 'sizeof(CTaskComplexWalkRoundBuildingAttempt) == 76': Invalid structure size of CTaskComplexWalkRoundBuildingAttempt
P: 64-bit layout (sizeof/offsetof static_assert)	source/game_sa/Tasks/TaskTypes/TaskComplexWalkRoundCar.h	63	static assertion failed due to requirement 'sizeof(CTaskComplexWalkRoundCar) == 88': Invalid structure size of CTaskComplexWalkRoundCar
P: 64-bit layout (sizeof/offsetof static_assert)	source/game_sa/Tasks/TaskTypes/TaskComplexWalkRoundFire.h	49	static assertion failed due to requirement 'sizeof(CTaskComplexWalkRoundFire) == 56': Invalid structure size of CTaskComplexWalkRoundFire
P: 64-bit layout (sizeof/offsetof static_assert)	source/game_sa/Tasks/TaskTypes/TaskComplexWalkRoundObject.h	45	static assertion failed due to requirement 'sizeof(CTaskComplexWalkRoundObject) == 84': Invalid structure size of CTaskComplexWalkRoundObject
P: 64-bit layout (sizeof/offsetof static_assert)	source/game_sa/Tasks/TaskTypes/TaskComplexWander.h	78	static assertion failed due to requirement 'sizeof(CTaskComplexWander) == 40': Invalid structure size of CTaskComplexWander
P: 64-bit layout (sizeof/offsetof static_assert)	source/game_sa/Tasks/TaskTypes/TaskComplexWanderCop.h	49	static assertion failed due to requirement 'sizeof(CTaskComplexWanderCop) == 80': Invalid structure size of CTaskComplexWanderCop
P: 64-bit layout (sizeof/offsetof static_assert)	source/game_sa/Tasks/TaskTypes/TaskComplexWanderGang.h	22	static assertion failed due to requirement 'sizeof(CTaskComplexWanderGang) == 56': Invalid structure size of CTaskComplexWanderGang
P: 64-bit layout (sizeof/offsetof static_assert)	source/game_sa/Tasks/TaskTypes/TaskComplexWanderStandard.h	30	static assertion failed due to requirement 'sizeof(CTaskComplexWanderStandard) == 56': Invalid structure size of CTaskComplexWanderStandard
P: 64-bit layout (sizeof/offsetof static_assert)	source/game_sa/Tasks/TaskTypes/TaskGangHasslePed.h	37	static assertion failed due to requirement 'sizeof(CTaskGangHasslePed) == 44': Invalid structure size of CTaskGangHasslePed
P: 64-bit layout (sizeof/offsetof static_assert)	source/game_sa/Tasks/TaskTypes/TaskGangHassleVehicle.h	45	static assertion failed due to requirement 'sizeof(CTaskGangHassleVehicle) == 68': Invalid structure size of CTaskGangHassleVehicle
P: 64-bit layout (sizeof/offsetof static_assert)	source/game_sa/Tasks/TaskTypes/TaskGoToVehicleAndLean.h	37	static assertion failed due to requirement 'sizeof(CTaskGoToVehicleAndLean) == 36': Invalid structure size of CTaskGoToVehicleAndLean
P: 64-bit layout (sizeof/offsetof static_assert)	source/game_sa/Tasks/TaskTypes/TaskLeanOnVehicle.h	37	static assertion failed due to requirement 'sizeof(CTaskLeanOnVehicle) == 44': Invalid structure size of CTaskLeanOnVehicle
P: 64-bit layout (sizeof/offsetof static_assert)	source/game_sa/Tasks/TaskTypes/TaskSimpleAbseil.h	16	static assertion failed due to requirement 'sizeof(CTaskSimpleAbseil) == 32': Invalid structure size of CTaskSimpleAbseil
P: 64-bit layout (sizeof/offsetof static_assert)	source/game_sa/Tasks/TaskTypes/TaskSimpleAchieveHeading.h	45	static assertion failed due to requirement 'sizeof(CTaskSimpleAchieveHeading) == 24': Invalid structure size of CTaskSimpleAchieveHeading
P: 64-bit layout (sizeof/offsetof static_assert)	source/game_sa/Tasks/TaskTypes/TaskSimpleAnim.h	41	static assertion failed due to requirement 'sizeof(CTaskSimpleAnim) == 16': Invalid structure size of CTaskSimpleAnim
P: 64-bit layout (sizeof/offsetof static_assert)	source/game_sa/Tasks/TaskTypes/TaskSimpleArrestPed.h	26	static assertion failed due to requirement 'sizeof(CTaskSimpleArrestPed) == 20': Invalid structure size of CTaskSimpleArrestPed
P: 64-bit layout (sizeof/offsetof static_assert)	source/game_sa/Tasks/TaskTypes/TaskSimpleBeHit.h	40	static assertion failed due to requirement 'sizeof(CTaskSimpleBeHit) == 40': Invalid structure size of CTaskSimpleBeHit
P: 64-bit layout (sizeof/offsetof static_assert)	source/game_sa/Tasks/TaskTypes/TaskSimpleBeHitWhileMoving.h	33	static assertion failed due to requirement 'sizeof(CTaskSimpleBeHitWhileMoving) == 24': Invalid structure size of CTaskSimpleBeHitWhileMoving
P: 64-bit layout (sizeof/offsetof static_assert)	source/game_sa/Tasks/TaskTypes/TaskSimpleBeKickedOnGround.h	28	static assertion failed due to requirement 'sizeof(CTaskSimpleBeKickedOnGround) == 16': Invalid structure size of CTaskSimpleBeKickedOnGround
P: 64-bit layout (sizeof/offsetof static_assert)	source/game_sa/Tasks/TaskTypes/TaskSimpleCarDrive.h	72	static assertion failed due to requirement 'sizeof(CTaskSimpleCarDrive) == 96': Invalid structure size of CTaskSimpleCarDrive
P: 64-bit layout (sizeof/offsetof static_assert)	source/game_sa/Tasks/TaskTypes/TaskSimpleCarDriveTimed.h	28	static assertion failed due to requirement 'sizeof(CTaskSimpleCarDriveTimed) == 112': Invalid structure size of CTaskSimpleCarDriveTimed
P: 64-bit layout (sizeof/offsetof static_assert)	source/game_sa/Tasks/TaskTypes/TaskSimpleCarForcePedOut.h	39	static assertion failed due to requirement 'sizeof(CTaskSimpleCarForcePedOut) == 16': Invalid structure size of CTaskSimpleCarForcePedOut
P: 64-bit layout (sizeof/offsetof static_assert)	source/game_sa/Tasks/TaskTypes/TaskSimpleCarGetIn.h	57	static assertion failed due to requirement 'sizeof(CTaskSimpleCarGetIn) == 36': Invalid structure size of CTaskSimpleCarGetIn
W: Win32 API / type	source/game_sa/Tasks/TaskTypes/TaskSimpleCarOpenDoorFromOutside.cpp	31	use of undeclared identifier 'GetTickCount'
P: 64-bit layout (sizeof/offsetof static_assert)	source/game_sa/Tasks/TaskTypes/TaskSimpleCarSetPedInAsDriver.h	39	static assertion failed due to requirement 'sizeof(CTaskSimpleCarSetPedInAsDriver) == 28': Invalid structure size of CTaskSimpleCarSetPedInAsDriver
P: 64-bit layout (sizeof/offsetof static_assert)	source/game_sa/Tasks/TaskTypes/TaskSimpleCarSetPedInAsPassenger.h	44	static assertion failed due to requirement 'sizeof(CTaskSimpleCarSetPedInAsPassenger) == 32': Invalid structure size of CTaskSimpleCarSetPedInAsPassenger
P: 64-bit layout (sizeof/offsetof static_assert)	source/game_sa/Tasks/TaskTypes/TaskSimpleCarSetPedOut.h	41	static assertion failed due to requirement 'sizeof(CTaskSimpleCarSetPedOut) == 24': Invalid structure size of CTaskSimpleCarSetPedOut
P: 64-bit layout (sizeof/offsetof static_assert)	source/game_sa/Tasks/TaskTypes/TaskSimpleCarSlowDragPedOut.h	56	static assertion failed due to requirement 'sizeof(CTaskSimpleCarSlowDragPedOut) == 32': Invalid structure size of CTaskSimpleCarSlowDragPedOut
P: 64-bit layout (sizeof/offsetof static_assert)	source/game_sa/Tasks/TaskTypes/TaskSimpleCarWaitToSlowDown.h	35	static assertion failed due to requirement 'sizeof(CTaskSimpleCarWaitToSlowDown) == 20': Invalid structure size of CTaskSimpleCarWaitToSlowDown
P: 64-bit layout (sizeof/offsetof static_assert)	source/game_sa/Tasks/TaskTypes/TaskSimpleChoking.h	49	static assertion failed due to requirement 'sizeof(CTaskSimpleChoking) == 28': Invalid structure size of CTaskSimpleChoking
P: 64-bit layout (sizeof/offsetof static_assert)	source/game_sa/Tasks/TaskTypes/TaskSimpleClimb.h	94	static assertion failed due to requirement 'sizeof(CTaskSimpleClimb) == 48': Invalid structure size of CTaskSimpleClimb
P: 64-bit layout (sizeof/offsetof static_assert)	source/game_sa/Tasks/TaskTypes/TaskSimpleCreateCarAndGetIn.h	35	static assertion failed due to requirement 'sizeof(CTaskSimpleCreateCarAndGetIn) == 52': Invalid structure size of CTaskSimpleCreateCarAndGetIn
P: 64-bit layout (sizeof/offsetof static_assert)	source/game_sa/Tasks/TaskTypes/TaskSimpleDead.h	25	static assertion failed due to requirement 'sizeof(CTaskSimpleDead) == 16': Invalid structure size of CTaskSimpleDead
P: 64-bit layout (sizeof/offsetof static_assert)	source/game_sa/Tasks/TaskTypes/TaskSimpleDie.h	53	static assertion failed due to requirement 'sizeof(CTaskSimpleDie) == 40': Invalid structure size of CTaskSimpleDie
P: 64-bit layout (sizeof/offsetof static_assert)	source/game_sa/Tasks/TaskTypes/TaskSimpleDieInCar.h	17	static assertion failed due to requirement 'sizeof(CTaskSimpleDieInCar) == 40': Invalid structure size of CTaskSimpleDieInCar
P: 64-bit layout (sizeof/offsetof static_assert)	source/game_sa/Tasks/TaskTypes/TaskSimpleDuck.h	79	static assertion failed due to requirement 'sizeof(CTaskSimpleDuck) == 40': Invalid structure size of CTaskSimpleDuck
P: 64-bit layout (sizeof/offsetof static_assert)	source/game_sa/Tasks/TaskTypes/TaskSimpleDuckWhileShotsWhizzing.h	23	static assertion failed due to requirement 'sizeof(CTaskSimpleDuckWhileShotsWhizzing) == 40': Invalid structure size of CTaskSimpleDuckWhileShotsWhizzing
P: pointer/int width (cast/narrowing)	source/game_sa/Tasks/TaskTypes/TaskSimpleEvasiveDive.cpp	71	cast to smaller integer type 'unsigned int' from 'CPed *' [-Werror,-Wpointer-to-int-cast]
P: pointer/int width (cast/narrowing)	source/game_sa/Tasks/TaskTypes/TaskSimpleEvasiveDive.cpp	72	cast to smaller integer type 'unsigned int' from 'CPed *' [-Werror,-Wpointer-to-int-cast]
P: 64-bit layout (sizeof/offsetof static_assert)	source/game_sa/Tasks/TaskTypes/TaskSimpleEvasiveDive.h	27	static assertion failed due to requirement 'sizeof(CTaskSimpleEvasiveDive) == 20': Invalid structure size of CTaskSimpleEvasiveDive
P: 64-bit layout (sizeof/offsetof static_assert)	source/game_sa/Tasks/TaskTypes/TaskSimpleEvasiveStep.h	27	static assertion failed due to requirement 'sizeof(CTaskSimpleEvasiveStep) == 20': Invalid structure size of CTaskSimpleEvasiveStep
P: 64-bit layout (sizeof/offsetof static_assert)	source/game_sa/Tasks/TaskTypes/TaskSimpleFacial.h	56	static assertion failed due to requirement 'sizeof(CTaskSimpleFacial) == 28': Invalid structure size of CTaskSimpleFacial
P: 64-bit layout (sizeof/offsetof static_assert)	source/game_sa/Tasks/TaskTypes/TaskSimpleFall.h	41	static assertion failed due to requirement 'sizeof(CTaskSimpleFall) == 32': Invalid structure size of CTaskSimpleFall
W/C: MSVC CRT name	source/game_sa/Tasks/TaskTypes/TaskSimpleFight.cpp	255	use of undeclared identifier 'sscanf_s'
W/C: MSVC CRT name	source/game_sa/Tasks/TaskTypes/TaskSimpleFight.cpp	266	use of undeclared identifier 'sscanf_s'
W/C: MSVC CRT name	source/game_sa/Tasks/TaskTypes/TaskSimpleFight.cpp	278	use of undeclared identifier 'sscanf_s'
W/C: MSVC CRT name	source/game_sa/Tasks/TaskTypes/TaskSimpleFight.cpp	292	use of undeclared identifier 'sscanf_s'
W/C: MSVC CRT name	source/game_sa/Tasks/TaskTypes/TaskSimpleFight.cpp	310	use of undeclared identifier 'sscanf_s'
W/C: MSVC CRT name	source/game_sa/Tasks/TaskTypes/TaskSimpleFight.cpp	319	use of undeclared identifier 'sscanf_s'
P: 64-bit layout (sizeof/offsetof static_assert)	source/game_sa/Tasks/TaskTypes/TaskSimpleFight.h	116	static assertion failed due to requirement 'sizeof(CTaskSimpleFight) == 40': Invalid structure size of CTaskSimpleFight
P: 64-bit layout (sizeof/offsetof static_assert)	source/game_sa/Tasks/TaskTypes/TaskSimpleFightingControl.h	43	static assertion failed due to requirement 'sizeof(CTaskSimpleFightingControl) == 36': Invalid structure size of CTaskSimpleFightingControl
P: 64-bit layout (sizeof/offsetof static_assert)	source/game_sa/Tasks/TaskTypes/TaskSimpleGangDriveBy.h	81	static assertion failed due to requirement 'sizeof(CTaskSimpleGangDriveBy) == 68': Invalid structure size of CTaskSimpleGangDriveBy
P: 64-bit layout (sizeof/offsetof static_assert)	source/game_sa/Tasks/TaskTypes/TaskSimpleGetUp.h	35	static assertion failed due to requirement 'sizeof(CTaskSimpleGetUp) == 16': Invalid structure size of CTaskSimpleGetUp
P: 64-bit layout (sizeof/offsetof static_assert)	source/game_sa/Tasks/TaskTypes/TaskSimpleGiveCPR.h	40	static assertion failed due to requirement 'sizeof(CTaskSimpleGiveCPR) == 24': Invalid structure size of CTaskSimpleGiveCPR
P: 64-bit layout (sizeof/offsetof static_assert)	source/game_sa/Tasks/TaskTypes/TaskSimpleGoTo.h	49	static assertion failed due to requirement 'sizeof(CTaskSimpleGoTo) == 32': Invalid structure size of CTaskSimpleGoTo
P: 64-bit layout (sizeof/offsetof static_assert)	source/game_sa/Tasks/TaskTypes/TaskSimpleGoToPoint.h	38	static assertion failed due to requirement 'sizeof(CTaskSimpleGoToPoint) == 48': Invalid structure size of CTaskSimpleGoToPoint
P: 64-bit layout (sizeof/offsetof static_assert)	source/game_sa/Tasks/TaskTypes/TaskSimpleGoToPointFine.h	34	static assertion failed due to requirement 'sizeof(CTaskSimpleGoToPointFine) == 36': Invalid structure size of CTaskSimpleGoToPointFine
P: 64-bit layout (sizeof/offsetof static_assert)	source/game_sa/Tasks/TaskTypes/TaskSimpleHitHead.h	25	static assertion failed due to requirement 'sizeof(CTaskSimpleHitHead) == 16': Invalid structure size of CTaskSimpleHitHead
P: 64-bit layout (sizeof/offsetof static_assert)	source/game_sa/Tasks/TaskTypes/TaskSimpleHoldEntity.h	84	static assertion failed due to requirement 'sizeof(CTaskSimpleHoldEntity) == 60': Invalid structure size of CTaskSimpleHoldEntity
P: 64-bit layout (sizeof/offsetof static_assert)	source/game_sa/Tasks/TaskTypes/TaskSimpleIKChain.h	59	static assertion failed due to requirement 'sizeof(CTaskSimpleIKChain) == 88': Invalid structure size of CTaskSimpleIKChain
P: 64-bit layout (sizeof/offsetof static_assert)	source/game_sa/Tasks/TaskTypes/TaskSimpleIKLookAt.h	40	static assertion failed due to requirement 'sizeof(CTaskSimpleIKLookAt) == 92': Invalid structure size of CTaskSimpleIKLookAt
C: libc++ / standard-library gap	source/game_sa/Tasks/TaskTypes/TaskSimpleIKManager.cpp	23	no member named 'enumerate' in namespace 'std::ranges::views'
P: 64-bit layout (sizeof/offsetof static_assert)	source/game_sa/Tasks/TaskTypes/TaskSimpleIKManager.h	48	static assertion failed due to requirement 'sizeof(CTaskSimpleIKManager) == 28': Invalid structure size of CTaskSimpleIKManager
P: 64-bit layout (sizeof/offsetof static_assert)	source/game_sa/Tasks/TaskTypes/TaskSimpleIKPointArm.h	48	static assertion failed due to requirement 'sizeof(CTaskSimpleIKPointArm) == 92': Invalid structure size of CTaskSimpleIKPointArm
P: 64-bit layout (sizeof/offsetof static_assert)	source/game_sa/Tasks/TaskTypes/TaskSimpleInAir.h	55	static assertion failed due to requirement 'sizeof(CTaskSimpleInAir) == 60': Invalid structure size of CTaskSimpleInAir
P: 64-bit layout (sizeof/offsetof static_assert)	source/game_sa/Tasks/TaskTypes/TaskSimpleJetPack.h	93	static assertion failed due to requirement 'sizeof(CTaskSimpleJetPack) == 112': Invalid structure size of CTaskSimpleJetPack
P: 64-bit layout (sizeof/offsetof static_assert)	source/game_sa/Tasks/TaskTypes/TaskSimpleJump.h	38	static assertion failed due to requirement 'sizeof(CTaskSimpleJump) == 44': Invalid structure size of CTaskSimpleJump
P: 64-bit layout (sizeof/offsetof static_assert)	source/game_sa/Tasks/TaskTypes/TaskSimpleLand.h	37	static assertion failed due to requirement 'sizeof(CTaskSimpleLand) == 20': Invalid structure size of CTaskSimpleLand
P: 64-bit layout (sizeof/offsetof static_assert)	source/game_sa/Tasks/TaskTypes/TaskSimpleNone.h	18	static assertion failed due to requirement 'sizeof(CTaskSimpleNone) == 8': Invalid structure size of CTaskSimpleNone
P: 64-bit layout (sizeof/offsetof static_assert)	source/game_sa/Tasks/TaskTypes/TaskSimpleOnEscalator.h	18	static assertion failed due to requirement 'sizeof(CTaskSimpleOnEscalator) == 32': Invalid structure size of CTaskSimpleOnEscalator
P: 64-bit layout (sizeof/offsetof static_assert)	source/game_sa/Tasks/TaskTypes/TaskSimplePause.h	30	static assertion failed due to requirement 'sizeof(CTaskSimplePause) == 24': Invalid structure size of CTaskSimplePause
P: 64-bit layout (sizeof/offsetof static_assert)	source/game_sa/Tasks/TaskTypes/TaskSimplePickUpEntity.h	40	static assertion failed due to requirement 'sizeof(CTaskSimplePickUpEntity) == 76': Invalid structure size of CTaskSimplePickUpEntity
P: 64-bit layout (sizeof/offsetof static_assert)	source/game_sa/Tasks/TaskTypes/TaskSimplePlayHandSignalAnim.h	29	static assertion failed due to requirement 'sizeof(CTaskSimplePlayHandSignalAnim) == 36': Invalid structure size of CTaskSimplePlayHandSignalAnim
P: 64-bit layout (sizeof/offsetof static_assert)	source/game_sa/Tasks/TaskTypes/TaskSimplePlayerOnFoot.h	66	static assertion failed due to requirement 'sizeof(CTaskSimplePlayerOnFoot) == 28': Invalid structure size of CTaskSimplePlayerOnFoot
P: 64-bit layout (sizeof/offsetof static_assert)	source/game_sa/Tasks/TaskTypes/TaskSimplePutDownEntity.h	34	static assertion failed due to requirement 'sizeof(CTaskSimplePutDownEntity) == 64': Invalid structure size of CTaskSimplePutDownEntity
P: 64-bit layout (sizeof/offsetof static_assert)	source/game_sa/Tasks/TaskTypes/TaskSimpleRunAnim.h	40	static assertion failed due to requirement 'sizeof(CTaskSimpleRunAnim) == 32': Invalid structure size of CTaskSimpleRunAnim
W/C: MSVC CRT name	source/game_sa/Tasks/TaskTypes/TaskSimpleRunAnimLoopedMiddle.cpp	44	use of undeclared identifier 'strcpy_s'; did you mean 'strcpy'?
W/C: MSVC CRT name	source/game_sa/Tasks/TaskTypes/TaskSimpleRunAnimLoopedMiddle.cpp	45	use of undeclared identifier 'strcpy_s'; did you mean 'strcpy'?
P: 64-bit layout (sizeof/offsetof static_assert)	source/game_sa/Tasks/TaskTypes/TaskSimpleRunAnimLoopedMiddle.h	56	static assertion failed due to requirement 'sizeof(CTaskSimpleRunAnimLoopedMiddle) == 112': Invalid structure size of CTaskSimpleRunAnimLoopedMiddle
W/C: MSVC CRT name	source/game_sa/Tasks/TaskTypes/TaskSimpleRunNamedAnim.cpp	52	use of undeclared identifier 'strcpy_s'; did you mean 'strcpy'?
W/C: MSVC CRT name	source/game_sa/Tasks/TaskTypes/TaskSimpleRunNamedAnim.cpp	53	use of undeclared identifier 'strcpy_s'; did you mean 'strcpy'?
P: 64-bit layout (sizeof/offsetof static_assert)	source/game_sa/Tasks/TaskTypes/TaskSimpleRunNamedAnim.h	55	static assertion failed due to requirement 'sizeof(CTaskSimpleRunNamedAnim) == 100': Invalid structure size of CTaskSimpleRunNamedAnim
P: 64-bit layout (sizeof/offsetof static_assert)	source/game_sa/Tasks/TaskTypes/TaskSimpleSetStayInSamePlace.h	21	static assertion failed due to requirement 'sizeof(CTaskSimpleSetStayInSamePlace) == 12': Invalid structure size of CTaskSimpleSetStayInSamePlace
P: 64-bit layout (sizeof/offsetof static_assert)	source/game_sa/Tasks/TaskTypes/TaskSimpleSlideToCoord.h	37	static assertion failed due to requirement 'sizeof(CTaskSimpleSlideToCoord) == 128': Invalid structure size of CTaskSimpleSlideToCoord
P: 64-bit layout (sizeof/offsetof static_assert)	source/game_sa/Tasks/TaskTypes/TaskSimpleStandStill.h	38	static assertion failed due to requirement 'sizeof(CTaskSimpleStandStill) == 32': Invalid structure size of CTaskSimpleStandStill
P: 64-bit layout (sizeof/offsetof static_assert)	source/game_sa/Tasks/TaskTypes/TaskSimpleStealthKill.h	51	static assertion failed due to requirement 'sizeof(CTaskSimpleStealthKill) == 32': Invalid structure size of CTaskSimpleStealthKill
P: 64-bit layout (sizeof/offsetof static_assert)	source/game_sa/Tasks/TaskTypes/TaskSimpleSwim.h	80	static assertion failed due to requirement 'sizeof(CTaskSimpleSwim) == 100': Invalid structure size of CTaskSimpleSwim
P: 64-bit layout (sizeof/offsetof static_assert)	source/game_sa/Tasks/TaskTypes/TaskSimpleThrowControl.h	45	static assertion failed due to requirement 'sizeof(CTaskSimpleThrowControl) == 28': Invalid structure size of CTaskSimpleThrowControl
P: 64-bit layout (sizeof/offsetof static_assert)	source/game_sa/Tasks/TaskTypes/TaskSimpleThrowProjectile.h	55	static assertion failed due to requirement 'sizeof(CTaskSimpleThrowProjectile) == 36': Invalid structure size of CTaskSimpleThrowProjectile
P: 64-bit layout (sizeof/offsetof static_assert)	source/game_sa/Tasks/TaskTypes/TaskSimpleTired.h	34	static assertion failed due to requirement 'sizeof(CTaskSimpleTired) == 28': Invalid structure size of CTaskSimpleTired
P: 64-bit layout (sizeof/offsetof static_assert)	source/game_sa/Tasks/TaskTypes/TaskSimpleTogglePedThreatScanner.h	21	static assertion failed due to requirement 'sizeof(CTaskSimpleTogglePedThreatScanner) == 12': Invalid structure size of CTaskSimpleTogglePedThreatScanner
P: 64-bit layout (sizeof/offsetof static_assert)	source/game_sa/Tasks/TaskTypes/TaskSimpleTriggerLookAt.h	55	static assertion failed due to requirement 'sizeof(CTaskSimpleTriggerLookAt) == 48': Invalid structure size of CTaskSimpleTriggerLookAt
P: 64-bit layout (sizeof/offsetof static_assert)	source/game_sa/Tasks/TaskTypes/TaskSimpleUninterruptable.h	20	static assertion failed due to requirement 'sizeof(CTaskSimpleUninterruptable) == 8': Invalid structure size of CTaskSimpleUninterruptable
P: 64-bit layout (sizeof/offsetof static_assert)	source/game_sa/Tasks/TaskTypes/TaskSimpleUseGun.h	94	static assertion failed due to requirement 'sizeof(CTaskSimpleUseGun) == 60': Invalid structure size of CTaskSimpleUseGun
P: 64-bit layout (sizeof/offsetof static_assert)	source/game_sa/Tasks/TaskTypes/TaskSimpleWaitForPizza.h	26	static assertion failed due to requirement 'sizeof(CTaskSimpleWaitForPizza) == 20': Invalid structure size of CTaskSimpleWaitForPizza
P: 64-bit layout (sizeof/offsetof static_assert)	source/game_sa/Tasks/TaskTypes/TaskSimpleWaitUntilPedIsOutCar.h	44	static assertion failed due to requirement 'sizeof(CTaskSimpleWaitUntilPedIsOutCar) == 28': Invalid structure size of CTaskSimpleWaitUntilPedIsOutCar
P: pointer/int width (cast/narrowing)	source/game_sa/Text/KeyArray.cpp	38	cast to smaller integer type 'unsigned int' from 'const unsigned char *' [-Werror,-Wpointer-to-int-cast]
W/C: MSVC CRT name	source/game_sa/Text/Text.cpp	208	use of undeclared identifier 'strcpy_s'; did you mean 'strcpy'?
other: undeclared/unknown identifier	source/game_sa/Text/Text.cpp	301	use of undeclared identifier 'strncpy_s'; did you mean 'strncpy'?
other: conversion/overload	source/game_sa/Text/Text.cpp	319	cannot initialize a parameter of type 'locale_t' (aka '_xlocale *') with an lvalue of type 'const char[25]'
W/C: MSVC CRT name	source/game_sa/Text/Text.cpp	319	use of undeclared identifier 'sprintf_s'; did you mean 'sprintf_l'?
W/C: MSVC CRT name	source/game_sa/Text/Text.cpp	366	use of undeclared identifier 'strcpy_s'; did you mean 'strcpy'?
W/C: MSVC CRT name	source/game_sa/Text/Text.cpp	389	use of undeclared identifier 'sprintf_s'
P: 64-bit layout (sizeof/offsetof static_assert)	source/game_sa/Text/Text.h	86	static assertion failed due to requirement 'sizeof(CText) == 2704': Invalid structure size of CText
C: libc++ / standard-library gap	source/game_sa/TheZones.cpp	90	no member named 'enumerate' in namespace 'std::ranges::views'
C: libc++ / standard-library gap	source/game_sa/TheZones.cpp	388	no member named 'enumerate' in namespace 'std::ranges::views'
P: pointer/int width (cast/narrowing)	source/game_sa/TrafficLights.cpp	201	cast to smaller integer type 'unsigned int' from 'CEntity *' [-Werror,-Wpointer-to-int-cast]
P: pointer/int width (cast/narrowing)	source/game_sa/TrafficLights.cpp	265	cast to smaller integer type 'unsigned int' from 'CEntity *' [-Werror,-Wpointer-to-int-cast]
P: 64-bit layout (sizeof/offsetof static_assert)	source/game_sa/TxdDef.h	19	static assertion failed due to requirement 'sizeof(TxdDef) == 12': Invalid structure size of TxdDef
other: conversion/overload	source/game_sa/TxdStore.cpp	116	cannot initialize a parameter of type 'locale_t' (aka '_xlocale *') with an lvalue of type 'const char[3]'
W/C: MSVC CRT name	source/game_sa/TxdStore.cpp	116	use of undeclared identifier 'sprintf_s'; did you mean 'sprintf_l'?
other	source/game_sa/TxdStore.cpp	177	cannot use type 'void' as a range
W/C: MSVC CRT name	source/game_sa/VehicleAnimGroupData.cpp	219	use of undeclared identifier 'sscanf_s'
C: libc++ / standard-library gap	source/game_sa/VehicleAnimGroupData.cpp	262	no member named 'enumerate' in namespace 'std::ranges::views'
other: conversion/overload	source/game_sa/VehicleAnimGroupData.cpp	333	cannot initialize a parameter of type 'locale_t' (aka '_xlocale *') with an lvalue of type 'const char[5]'
W/C: MSVC CRT name	source/game_sa/VehicleAnimGroupData.cpp	333	use of undeclared identifier 'sscanf_s'; did you mean 'sscanf_l'?
C: libc++ / standard-library gap	source/game_sa/VehicleRecording.cpp	72	no member named 'enumerate' in namespace 'std::ranges::views'
C: libc++ / standard-library gap	source/game_sa/VehicleRecording.cpp	112	no member named 'enumerate' in namespace 'std::ranges::views'
other: conversion/overload	source/game_sa/VehicleRecording.cpp	148	cannot initialize a parameter of type 'locale_t' (aka '_xlocale *') with an lvalue of type 'const char[9]'
W/C: MSVC CRT name	source/game_sa/VehicleRecording.cpp	148	use of undeclared identifier 'sscanf_s'; did you mean 'sscanf_l'?
other: conversion/overload	source/game_sa/VehicleRecording.cpp	149	cannot initialize a parameter of type 'locale_t' (aka '_xlocale *') with an lvalue of type 'const char[9]'
W/C: MSVC CRT name	source/game_sa/VehicleRecording.cpp	149	use of undeclared identifier 'sscanf_s'; did you mean 'sscanf_l'?
C: libc++ / standard-library gap	source/game_sa/VehicleRecording.cpp	268	no member named 'enumerate' in namespace 'std::ranges::views'
P: 64-bit layout (sizeof/offsetof static_assert)	source/game_sa/VehicleRecording.cpp	298	static assertion failed due to requirement '__builtin_offsetof(CBike, nBikeFlags) == 1556'
C: libc++ / standard-library gap	source/game_sa/VehicleRecording.cpp	379	no member named 'enumerate' in namespace 'std::ranges::views'
P: 64-bit layout (sizeof/offsetof static_assert)	source/game_sa/VehicleRecording.h	54	static assertion failed due to requirement 'sizeof(CPath) == 16': Invalid structure size of CPath
P: 64-bit layout (sizeof/offsetof static_assert)	source/game_sa/VehicleSaveStructure.h	28	static assertion failed due to requirement 'sizeof(CVehicleSaveStructure) == 104': Invalid structure size of CVehicleSaveStructure
P: pointer/int width (cast/narrowing)	source/game_sa/VisibilityPlugins.cpp	308	cast to smaller integer type 'int' from 'void *' [-Werror,-Wvoid-pointer-to-int-cast]
P: pointer/int width (cast/narrowing)	source/game_sa/VisibilityPlugins.cpp	314	cast to 'void *' from smaller integer type 'int32' (aka 'int') [-Werror,-Wint-to-void-pointer-cast]
P: pointer/int width (cast/narrowing)	source/game_sa/VisibilityPlugins.cpp	362	cast to 'CClumpModelInfo *' from smaller integer type 'int32' (aka 'int') [-Werror,-Wint-to-pointer-cast]
P: pointer/int width (cast/narrowing)	source/game_sa/VisibilityPlugins.cpp	395	cast to 'CClumpModelInfo *' from smaller integer type 'int32' (aka 'int') [-Werror,-Wint-to-pointer-cast]
P: pointer/int width (cast/narrowing)	source/game_sa/VisibilityPlugins.cpp	1065	cast to smaller integer type 'int' from 'void *' [-Werror,-Wvoid-pointer-to-int-cast]
P: pointer/int width (cast/narrowing)	source/game_sa/VisibilityPlugins.cpp	1072	cast to 'void *' from smaller integer type 'int32' (aka 'int') [-Werror,-Wint-to-void-pointer-cast]
P: pointer/int width (cast/narrowing)	source/game_sa/VisibilityPlugins.cpp	1097	cast to smaller integer type 'int' from 'CClumpModelInfo *' [-Werror,-Wpointer-to-int-cast]
P: 64-bit layout (sizeof/offsetof static_assert)	source/game_sa/VisibilityPlugins.h	65	static assertion failed due to requirement 'sizeof(tClumpVisibilityPlugin) == 8': Invalid structure size of tClumpVisibilityPlugin
P: 64-bit layout (sizeof/offsetof static_assert)	source/game_sa/Wanted.h	122	static assertion failed due to requirement 'sizeof(CWanted) == 668': Invalid structure size of CWanted
P: 64-bit layout (sizeof/offsetof static_assert)	source/game_sa/WaterCannon.h	40	static assertion failed due to requirement 'sizeof(CWaterCannon) == 972': Invalid structure size of CWaterCannon
P: integer width / mixed-type overload	source/game_sa/WaterCreatureManager_c.cpp	156	no matching function for call to 'min'
P: 64-bit layout (sizeof/offsetof static_assert)	source/game_sa/WaterCreatureManager_c.h	26	static assertion failed due to requirement 'sizeof(tWaterCreatureInfo) == 44': Invalid structure size of tWaterCreatureInfo
P: 64-bit layout (sizeof/offsetof static_assert)	source/game_sa/WaterCreature_c.h	56	static assertion failed due to requirement 'sizeof(WaterCreature_c) == 52': Invalid structure size of WaterCreature_c
C: libc++ / standard-library gap	source/game_sa/WaterLevel.cpp	2124	no member named 'enumerate' in namespace 'std::ranges::views'
C: syntax / extension	source/game_sa/Weapon.h	16	ISO C++ forbids forward references to 'enum' types
P: 64-bit layout (sizeof/offsetof static_assert)	source/game_sa/Weapon.h	163	static assertion failed due to requirement 'sizeof(CWeapon) == 28': Invalid structure size of CWeapon
W/C: MSVC CRT name	source/game_sa/WeaponInfo.cpp	190	use of undeclared identifier 'sscanf_s'
W/C: MSVC CRT name	source/game_sa/WeaponInfo.cpp	276	use of undeclared identifier 'sscanf_s'
W/C: MSVC CRT name	source/game_sa/WeaponInfo.cpp	305	use of undeclared identifier 'sscanf_s'
W/C: MSVC CRT name	source/game_sa/WeaponInfo.cpp	423	use of undeclared identifier '_stricmp'; did you mean 'strcmp'?
W/C: MSVC CRT name	source/game_sa/World.cpp	736	use of undeclared identifier 'sprintf_s'
P: integer width / mixed-type overload	source/game_sa/World.cpp	1301	no matching function for call to 'min'
other: conversion/overload	source/game_sa/World.cpp	1569	no matching member function for call to 'GetAllValid'
other: conversion/overload	source/game_sa/World.cpp	1600	no matching member function for call to 'GetAllValid'
other: conversion/overload	source/game_sa/World.cpp	1607	no matching member function for call to 'GetAllValid'
other: conversion/overload	source/game_sa/World.cpp	1631	no matching member function for call to 'GetAllValid'
other: conversion/overload	source/game_sa/World.cpp	1642	no matching member function for call to 'GetAllValid'
other: conversion/overload	source/game_sa/World.cpp	1674	no matching member function for call to 'GetAllValid'
C: libc++ / standard-library gap	source/game_sa/World.cpp	2362	no member named 'enumerate' in namespace 'std::ranges::views'
other: conversion/overload	source/game_sa/World.cpp	2788	no matching member function for call to 'GetAllValid'
other: conversion/overload	source/game_sa/World.cpp	2799	no matching member function for call to 'GetAllValid'
W/C: MSVC CRT name	source/game_sa/cHandlingDataMgr.cpp	34	use of undeclared identifier 'sscanf_s'
W/C: MSVC CRT name	source/game_sa/cHandlingDataMgr.cpp	91	use of undeclared identifier 'sscanf_s'
W/C: MSVC CRT name	source/game_sa/cHandlingDataMgr.cpp	119	use of undeclared identifier 'sscanf_s'
W/C: MSVC CRT name	source/game_sa/cHandlingDataMgr.cpp	153	use of undeclared identifier 'sscanf_s'
other: conversion/overload	source/game_sa/cHandlingDataMgr.cpp	190	cannot initialize a parameter of type 'locale_t' (aka '_xlocale *') with an lvalue of type 'const char[5]'
W/C: MSVC CRT name	source/game_sa/cHandlingDataMgr.cpp	190	use of undeclared identifier 'sscanf_s'; did you mean 'vsscanf_l'?
C: libc++ / standard-library gap	source/game_sa/cHandlingDataMgr.cpp	278	no member named 'enumerate' in namespace 'std::ranges::views'
W/C: MSVC CRT name	source/game_sa/common.cpp	94	use of undeclared identifier '_strnicmp'; did you mean 'strncmp'?
other: undeclared/unknown identifier	source/game_sa/common.cpp	218	use of undeclared identifier 'CP_UTF8'
W: Win32 API / type	source/game_sa/common.cpp	218	use of undeclared identifier 'MB_ERR_INVALID_CHARS'
other: undeclared/unknown identifier	source/game_sa/common.cpp	223	use of undeclared identifier 'CP_UTF8'
W: Win32 API / type	source/game_sa/common.cpp	223	use of undeclared identifier 'MB_ERR_INVALID_CHARS'
other: undeclared/unknown identifier	source/game_sa/common.cpp	237	use of undeclared identifier 'CP_UTF8'
other: undeclared/unknown identifier	source/game_sa/common.cpp	237	use of undeclared identifier 'WC_ERR_INVALID_CHARS'
other: undeclared/unknown identifier	source/game_sa/common.cpp	242	use of undeclared identifier 'CP_UTF8'
other: undeclared/unknown identifier	source/game_sa/common.cpp	242	use of undeclared identifier 'WC_ERR_INVALID_CHARS'
other: undeclared/unknown identifier	source/game_sa/common.h	297	use of undeclared identifier 'GetACP'
P: 64-bit layout (sizeof/offsetof static_assert)	source/game_sa/tPickupMessage.h	24	static assertion failed due to requirement 'sizeof(tPickupMessage) == 36': Invalid structure size of tPickupMessage
W/C: MSVC CRT name	source/oswrapper/oswrapper_win.cpp	7	use of undeclared identifier '_MAX_PATH'; did you mean 'MAX_PADS'?
W: Win32 API / type	source/oswrapper/oswrapper_win.cpp	11	unknown type name 'LARGE_INTEGER'
other	source/oswrapper/oswrapper_win.cpp	12	declaration of reference variable 'PerformanceCount' requires an initializer
W: Win32 API / type	source/oswrapper/oswrapper_win.cpp	12	no type named 'QueryPerformanceCounter' in the global namespace
W: Win32 API / type	source/oswrapper/oswrapper_win.cpp	17	unknown type name 'LARGE_INTEGER'
other	source/oswrapper/oswrapper_win.cpp	18	declaration of reference variable 'frequency' requires an initializer
W: Win32 API / type	source/oswrapper/oswrapper_win.cpp	18	no type named 'QueryPerformanceFrequency' in the global namespace
W: Win32 API / type	source/oswrapper/oswrapper_win.cpp	32	use of undeclared identifier 'OutputDebugStringA'
W: Win32 API / type	source/oswrapper/oswrapper_win.cpp	33	use of undeclared identifier 'OutputDebugStringA'
W: Win32 API / type	source/oswrapper/oswrapper_win.cpp	45	use of undeclared identifier 'GetFileSize'
W: Win32 API / type	source/oswrapper/oswrapper_win.cpp	49	use of undeclared identifier 'DeleteFileA'
W: Win32 API / type	source/oswrapper/oswrapper_win.cpp	54	use of undeclared identifier 'GENERIC_READ'
W: Win32 API / type	source/oswrapper/oswrapper_win.cpp	55	use of undeclared identifier 'FILE_SHARE_READ'
W: Win32 API / type	source/oswrapper/oswrapper_win.cpp	56	use of undeclared identifier 'OPEN_EXISTING'
W: Win32 API / type	source/oswrapper/oswrapper_win.cpp	59	use of undeclared identifier 'CREATE_ALWAYS'
W: Win32 API / type	source/oswrapper/oswrapper_win.cpp	60	use of undeclared identifier 'GENERIC_WRITE'
W/C: MSVC CRT name	source/oswrapper/oswrapper_win.cpp	63	use of undeclared identifier '_MAX_PATH'; did you mean 'MAX_PADS'?
W/C: MSVC CRT name	source/oswrapper/oswrapper_win.cpp	64	use of undeclared identifier 'strcpy_s'; did you mean 'strcpy'?
W/C: MSVC CRT name	source/oswrapper/oswrapper_win.cpp	66	use of undeclared identifier 'strcat_s'; did you mean 'strcat'?
W/C: MSVC CRT name	source/oswrapper/oswrapper_win.cpp	68	use of undeclared identifier 'strcat_s'; did you mean 'strcat'?
W: Win32 API / type	source/oswrapper/oswrapper_win.cpp	70	use of undeclared identifier 'CreateFileA'
W: Win32 API / type	source/oswrapper/oswrapper_win.cpp	72	use of undeclared identifier 'INVALID_HANDLE_VALUE'
W: Win32 API / type	source/oswrapper/oswrapper_win.cpp	74	use of undeclared identifier 'GetLastError'
W: Win32 API / type	source/oswrapper/oswrapper_win.cpp	78	use of undeclared identifier 'SetLastError'
W: Win32 API / type	source/oswrapper/oswrapper_win.cpp	84	use of undeclared identifier 'SetFilePointer'
W: Win32 API / type	source/oswrapper/oswrapper_win.cpp	88	use of undeclared identifier 'SetFilePointer'
W: Win32 API / type	source/oswrapper/oswrapper_win.cpp	95	use of undeclared identifier 'ReadFile'
W: Win32 API / type	source/oswrapper/oswrapper_win.cpp	102	use of undeclared identifier 'WriteFile'
W: Win32 API / type	source/oswrapper/oswrapper_win.cpp	108	use of undeclared identifier 'CloseHandle'
other: undeclared/unknown identifier	source/oswrapper/oswrapper_win.cpp	112	use of undeclared identifier 'DebugBreak'; did you mean 'OS_DebugBreak'?
W: Win32 API / type	source/oswrapper/oswrapper_win.cpp	116	use of undeclared identifier 'Sleep'
W: Win32 API / type	source/oswrapper/oswrapper_win.cpp	120	use of undeclared identifier 'CreateSemaphore'
W: Win32 API / type	source/oswrapper/oswrapper_win.cpp	124	use of undeclared identifier 'ReleaseSemaphore'
W: Win32 API / type	source/oswrapper/oswrapper_win.cpp	128	use of undeclared identifier 'WaitForSingleObject'
W: Win32 API / type	source/oswrapper/oswrapper_win.cpp	132	use of undeclared identifier 'CloseHandle'
W: Win32 API / type	source/oswrapper/oswrapper_win.cpp	137	use of undeclared identifier 'CreateMutex'
W: Win32 API / type	source/oswrapper/oswrapper_win.cpp	142	use of undeclared identifier 'ReleaseMutex'
W: Win32 API / type	source/oswrapper/oswrapper_win.cpp	146	use of undeclared identifier 'WaitForSingleObject'
W: Win32 API / type	source/oswrapper/oswrapper_win.cpp	151	use of undeclared identifier 'CloseHandle'
W/C: MSVC CRT name	source/oswrapper/oswrapper_win.cpp	160	use of undeclared identifier 'strcpy_s'; did you mean 'strcpy'?
W: Win32 API / type	source/oswrapper/oswrapper_win.cpp	168	use of undeclared identifier 'CREATE_SUSPENDED'
other: undeclared/unknown identifier	source/oswrapper/oswrapper_win.cpp	172	use of undeclared identifier 'LPTHREAD_START_ROUTINE'
W: Win32 API / type	source/oswrapper/oswrapper_win.cpp	176	use of undeclared identifier 'SetThreadPriority'
W: Win32 API / type	source/oswrapper/oswrapper_win.cpp	176	use of undeclared identifier 'THREAD_PRIORITY_LOWEST'; did you mean 'OS_THREAD_PRIORITY_LOW'?
W: Win32 API / type	source/oswrapper/oswrapper_win.cpp	179	use of undeclared identifier 'SetThreadPriority'
W: Win32 API / type	source/oswrapper/oswrapper_win.cpp	179	use of undeclared identifier 'THREAD_PRIORITY_NORMAL'; did you mean 'OS_THREAD_PRIORITY_NORMAL'?
W: Win32 API / type	source/oswrapper/oswrapper_win.cpp	182	use of undeclared identifier 'SetThreadPriority'
W: Win32 API / type	source/oswrapper/oswrapper_win.cpp	182	use of undeclared identifier 'THREAD_PRIORITY_ABOVE_NORMAL'; did you mean 'OS_THREAD_PRIORITY_NORMAL'?
W: Win32 API / type	source/oswrapper/oswrapper_win.cpp	185	use of undeclared identifier 'THREAD_PRIORITY_TIME_CRITICAL'
W: Win32 API / type	source/oswrapper/oswrapper_win.cpp	195	use of undeclared identifier 'CloseHandle'
W: Win32 API / type	source/oswrapper/oswrapper_win.cpp	199	use of undeclared identifier 'WaitForSingleObject'
W: Win32 API / type	source/oswrapper/oswrapper_win.cpp	203	use of undeclared identifier 'ResumeThread'
W: Win32 API / type	source/oswrapper/oswrapper_win.cpp	207	unknown type name 'LARGE_INTEGER'
W: Win32 API / type	source/reversiblehooks/HooksUtility.hpp	10	use of undeclared identifier 'PAGE_EXECUTE_READWRITE'
W: Win32 API / type	source/reversiblehooks/HooksUtility.hpp	15	use of undeclared identifier 'GetLastError'
other: undeclared/unknown identifier	source/reversiblehooks/HooksUtility.hpp	21	use of undeclared identifier 'VirtualProtect'
W: Win32 API / type	source/reversiblehooks/HooksUtility.hpp	22	use of undeclared identifier 'GetLastError'
P: 64-bit layout (sizeof/offsetof static_assert)	source/reversiblehooks/HooksUtility.hpp	34	static assertion failed due to requirement 'sizeof (fn) == sizeof(void *)': Function pointer must fit into a `void*`
other: conversion/overload	source/reversiblehooks/HooksUtility.hpp	35	no matching function for call to 'bit_cast'
W: Win32 API / type	source/reversiblehooks/HooksUtility.hpp	117	use of undeclared identifier 'PAGE_EXECUTE_READ'
W: Win32 API / type	source/reversiblehooks/HooksUtility.hpp	146	use of undeclared identifier 'MEM_RELEASE'
W: Win32 API / type	source/reversiblehooks/HooksUtility.hpp	162	use of undeclared identifier 'MEM_COMMIT'
W: Win32 API / type	source/reversiblehooks/HooksUtility.hpp	162	use of undeclared identifier 'MEM_RESERVE'
W: Win32 API / type	source/reversiblehooks/HooksUtility.hpp	162	use of undeclared identifier 'PAGE_EXECUTE_READWRITE'
W: Win32 API / type	source/reversiblehooks/HooksUtility.hpp	163	unknown type name 'SYSTEM_INFO'
W: Win32 API / type	source/reversiblehooks/HooksUtility.hpp	168	use of undeclared identifier 'GetLastError'
P: pointer/int width (cast/narrowing)	source/reversiblehooks/RHManager.cpp	60	cast to smaller integer type 'unsigned int' from 'void *' [-Werror,-Wvoid-pointer-to-int-cast]
P: pointer/int width (cast/narrowing)	source/reversiblehooks/RHManager.cpp	61	cast to smaller integer type 'unsigned int' from 'void **' [-Werror,-Wpointer-to-int-cast]
P: pointer/int width (cast/narrowing)	source/reversiblehooks/RHManager.cpp	71	cast to smaller integer type 'unsigned int' from 'void *' [-Werror,-Wvoid-pointer-to-int-cast]
P: pointer/int width (cast/narrowing)	source/reversiblehooks/RHManager.cpp	71	cast to smaller integer type 'unsigned int' from 'void **' [-Werror,-Wpointer-to-int-cast]
P: pointer/int width (cast/narrowing)	source/reversiblehooks/RHManager.h	236	cast to smaller integer type 'unsigned int' from 'void **' [-Werror,-Wpointer-to-int-cast]
P: pointer/int width (cast/narrowing)	source/reversiblehooks/RHManager.h	238	cast to smaller integer type 'unsigned int' from 'void **' [-Werror,-Wpointer-to-int-cast]
W: Win32 API / type	source/reversiblehooks/ReversibleHook/StaticOneWayHook.cpp	87	use of undeclared identifier 'PAGE_EXECUTE_READWRITE'
W: Win32 API / type	source/reversiblehooks/ReversibleHook/StaticOneWayHook.cpp	136	use of undeclared identifier 'PAGE_EXECUTE_READWRITE'
W: Win32 API / type	source/reversiblehooks/ReversibleHook/StaticOneWayHook.cpp	167	use of undeclared identifier 'PAGE_EXECUTE_READWRITE'
W: Win32 API / type	source/reversiblehooks/VMTInfo.cpp	25	use of undeclared identifier 'GetModuleHandleA'
W: Win32 API / type	source/reversiblehooks/VMTInfo.cpp	36	use of undeclared identifier 'GetProcAddress'
W: Win32 API / type	source/standalone/DataImage.cpp	28	use of undeclared identifier 'GetModuleFileNameA'
other: undeclared/unknown identifier	source/standalone/DataImage.cpp	36	use of undeclared identifier 'wsprintfA'
W: Win32 API / type	source/standalone/DataImage.cpp	41	use of undeclared identifier 'FILE_ATTRIBUTE_NORMAL'
W: Win32 API / type	source/standalone/DataImage.cpp	41	use of undeclared identifier 'FILE_SHARE_READ'
W: Win32 API / type	source/standalone/DataImage.cpp	41	use of undeclared identifier 'GENERIC_READ'
W: Win32 API / type	source/standalone/DataImage.cpp	41	use of undeclared identifier 'OPEN_EXISTING'
W: Win32 API / type	source/standalone/DataImage.cpp	42	use of undeclared identifier 'INVALID_HANDLE_VALUE'
W: Win32 API / type	source/standalone/DataImage.cpp	46	use of undeclared identifier 'ReadFile'
W: Win32 API / type	source/standalone/DataImage.cpp	47	use of undeclared identifier 'CloseHandle'
other: undeclared/unknown identifier	source/standalone/DataImage.cpp	53	use of undeclared identifier 'lstrlenA'; did you mean 'strlen'?
other: undeclared/unknown identifier	source/standalone/DataImage.cpp	84	use of undeclared identifier 'wsprintfA'
W: Win32 API / type	source/standalone/DataImage.cpp	86	use of undeclared identifier 'MB_ICONERROR'
W: Win32 API / type	source/standalone/DataImage.cpp	86	use of undeclared identifier 'MB_OK'
W: Win32 API / type	source/standalone/DataImage.cpp	87	use of undeclared identifier 'ExitProcess'
other: undeclared/unknown type	source/standalone/DataImage.cpp	91	unknown type name 'MEMORY_BASIC_INFORMATION'
P: pointer/int width (cast/narrowing)	source/standalone/DataImage.cpp	92	cast to 'void *' from smaller integer type 'uint32_t' (aka 'unsigned int') [-Werror,-Wint-to-void-pointer-cast]
P: pointer/int width (cast/narrowing)	source/standalone/DataImage.cpp	124	cast to smaller integer type 'unsigned int' from 'const unsigned char *' [-Werror,-Wpointer-to-int-cast]
other: undeclared/unknown identifier	source/standalone/DataImage.cpp	132	use of undeclared identifier 'wsprintfA'
P: pointer/int width (cast/narrowing)	source/standalone/DataImage.cpp	138	cast to 'void *' from smaller integer type 'uint32_t' (aka 'unsigned int') [-Werror,-Wint-to-void-pointer-cast]
W: Win32 API / type	source/standalone/DataImage.cpp	138	use of undeclared identifier 'PAGE_READWRITE'
P: pointer/int width (cast/narrowing)	source/standalone/DataImage.cpp	141	cast to 'void *' from smaller integer type 'uint32_t' (aka 'unsigned int') [-Werror,-Wint-to-void-pointer-cast]
W: Win32 API / type	source/standalone/DataImage.cpp	141	use of undeclared identifier 'PAGE_NOACCESS'
P: pointer/int width (cast/narrowing)	source/standalone/DataImage.cpp	147	cast to 'void *' from smaller integer type 'uint32_t' (aka 'unsigned int') [-Werror,-Wint-to-void-pointer-cast]
W: Win32 API / type	source/standalone/DataImage.cpp	147	use of undeclared identifier 'MEM_RESERVE'
W: Win32 API / type	source/standalone/DataImage.cpp	147	use of undeclared identifier 'PAGE_NOACCESS'
P: pointer/int width (cast/narrowing)	source/standalone/DataImage.cpp	151	cast to 'void *' from smaller integer type 'uint32_t' (aka 'unsigned int') [-Werror,-Wint-to-void-pointer-cast]
W: Win32 API / type	source/standalone/DataImage.cpp	151	use of undeclared identifier 'MEM_RESERVE'
W: Win32 API / type	source/standalone/DataImage.cpp	151	use of undeclared identifier 'PAGE_NOACCESS'
other: undeclared/unknown identifier	source/standalone/DataImage.cpp	154	use of undeclared identifier 'wsprintfA'
P: pointer/int width (cast/narrowing)	source/standalone/DataImage.cpp	157	cast to 'void *' from smaller integer type 'uint32_t' (aka 'unsigned int') [-Werror,-Wint-to-void-pointer-cast]
W: Win32 API / type	source/standalone/DataImage.cpp	157	use of undeclared identifier 'MEM_COMMIT'
W: Win32 API / type	source/standalone/DataImage.cpp	157	use of undeclared identifier 'PAGE_READWRITE'
W: Win32 API / type	source/standalone/DataImage.cpp	164	use of undeclared identifier 'FILE_ATTRIBUTE_NORMAL'
W: Win32 API / type	source/standalone/DataImage.cpp	164	use of undeclared identifier 'FILE_SHARE_READ'
W: Win32 API / type	source/standalone/DataImage.cpp	164	use of undeclared identifier 'GENERIC_READ'
W: Win32 API / type	source/standalone/DataImage.cpp	164	use of undeclared identifier 'OPEN_EXISTING'
W: Win32 API / type	source/standalone/DataImage.cpp	165	use of undeclared identifier 'INVALID_HANDLE_VALUE'
P: pointer/int width (cast/narrowing)	source/standalone/DataImage.cpp	169	cast to 'void *' from smaller integer type 'uint32_t' (aka 'unsigned int') [-Werror,-Wint-to-void-pointer-cast]
W: Win32 API / type	source/standalone/DataImage.cpp	169	use of undeclared identifier 'GetFileSize'
W: Win32 API / type	source/standalone/DataImage.cpp	169	use of undeclared identifier 'ReadFile'
W: Win32 API / type	source/standalone/DataImage.cpp	170	use of undeclared identifier 'CloseHandle'
other: undeclared/unknown identifier	source/standalone/Fixups.cpp	63	use of undeclared identifier 'wsprintfA'
other: undeclared/unknown identifier	source/standalone/Fixups.cpp	73	use of undeclared identifier 'EXCEPTION_NONCONTINUABLE'
W: Win32 API / type	source/standalone/Fixups.cpp	126	use of undeclared identifier 'GetModuleHandleA'
W: Win32 API / type	source/standalone/Fixups.cpp	142	use of undeclared identifier 'MEM_COMMIT'
W: Win32 API / type	source/standalone/Fixups.cpp	142	use of undeclared identifier 'MEM_RESERVE'
W: Win32 API / type	source/standalone/Fixups.cpp	142	use of undeclared identifier 'PAGE_EXECUTE_READWRITE'
P: pointer/int width (cast/narrowing)	source/standalone/Fixups.cpp	153	cast to smaller integer type 'unsigned int' from 'unsigned char *' [-Werror,-Wpointer-to-int-cast]
P: pointer/int width (cast/narrowing)	source/standalone/Fixups.cpp	153	cast to smaller integer type 'unsigned int' from 'void (*)(unsigned int, unsigned int)' [-Werror,-Wpointer-to-int-cast]
W: Win32 API / type	source/standalone/Fixups.cpp	156	use of undeclared identifier 'GetCurrentProcess'
P: pointer/int width (cast/narrowing)	source/standalone/Fixups.cpp	165	cast to 'volatile unsigned int *' from smaller integer type 'uint32_t' (aka 'unsigned int') [-Werror,-Wint-to-pointer-cast]
C: syntax / extension	source/standalone/Fixups.cpp	167	expected expression
other: undeclared/unknown identifier	source/standalone/Fixups.cpp	167	use of undeclared identifier 'EXCEPTION_EXECUTE_HANDLER'
other: undeclared/unknown type	source/standalone/Fixups.cpp	172	unknown type name 'EXCEPTION_POINTERS'
other: undeclared/unknown identifier	source/standalone/Fixups.cpp	174	use of undeclared identifier 'EXCEPTION_ACCESS_VIOLATION'
other: undeclared/unknown identifier	source/standalone/Fixups.cpp	175	use of undeclared identifier 'EXCEPTION_CONTINUE_SEARCH'
W: Win32 API / type	source/standalone/Fixups.cpp	184	use of undeclared identifier 'GetModuleHandleA'
W: Win32 API / type	source/standalone/Fixups.cpp	188	use of undeclared identifier 'GetModuleHandleA'
other: undeclared/unknown identifier	source/standalone/Fixups.cpp	190	use of undeclared identifier 'EXCEPTION_CONTINUE_SEARCH'
P: pointer/int width (cast/narrowing)	source/standalone/Fixups.cpp	201	cast to smaller integer type 'unsigned int' from 'void *' [-Werror,-Wvoid-pointer-to-int-cast]
other: undeclared/unknown identifier	source/standalone/Fixups.cpp	202	use of undeclared identifier 'EXCEPTION_CONTINUE_EXECUTION'
W: Win32 API / type	source/standalone/Fixups.cpp	205	use of undeclared identifier 'GetModuleHandleA'
other: undeclared/unknown identifier	source/standalone/Fixups.cpp	216	use of undeclared identifier 'wvsprintfA'; did you mean 'vsprintf'?
W: Win32 API / type	source/standalone/Fixups.cpp	218	use of undeclared identifier 'OutputDebugStringA'
W: Win32 API / type	source/standalone/Fixups.cpp	219	use of undeclared identifier 'OutputDebugStringA'
W: Win32 API / type	source/standalone/Fixups.cpp	221	use of undeclared identifier 'GetModuleFileNameA'
other: undeclared/unknown identifier	source/standalone/Fixups.cpp	225	use of undeclared identifier 'lstrcpyA'; did you mean 'strcpy'?
W: Win32 API / type	source/standalone/Fixups.cpp	228	use of undeclared identifier 'FILE_APPEND_DATA'
W: Win32 API / type	source/standalone/Fixups.cpp	228	use of undeclared identifier 'FILE_ATTRIBUTE_NORMAL'
W: Win32 API / type	source/standalone/Fixups.cpp	228	use of undeclared identifier 'FILE_SHARE_READ'
W: Win32 API / type	source/standalone/Fixups.cpp	228	use of undeclared identifier 'FILE_SHARE_WRITE'
W: Win32 API / type	source/standalone/Fixups.cpp	228	use of undeclared identifier 'OPEN_ALWAYS'
W: Win32 API / type	source/standalone/Fixups.cpp	230	use of undeclared identifier 'INVALID_HANDLE_VALUE'
W: Win32 API / type	source/standalone/Fixups.cpp	231	use of undeclared identifier 'WriteFile'
W: Win32 API / type	source/standalone/Fixups.cpp	232	use of undeclared identifier 'CloseHandle'
W: Win32 API / type	source/standalone/Fixups.cpp	234	use of undeclared identifier 'INVALID_HANDLE_VALUE'
other: undeclared/unknown identifier	source/standalone/Fixups.cpp	234	use of undeclared identifier 'STD_ERROR_HANDLE'
W: Win32 API / type	source/standalone/Fixups.cpp	235	use of undeclared identifier 'WriteFile'
W/C: MSVC CRT name	source/standalone/Fixups.cpp	240	use of undeclared identifier '_controlfp'
W/C: MSVC CRT name	source/standalone/Fixups.cpp	241	use of undeclared identifier '_statusfp'
other: undeclared/unknown identifier	source/standalone/Fixups.cpp	243	use of undeclared identifier '_MCW_PC'
other: undeclared/unknown identifier	source/standalone/Fixups.cpp	243	use of undeclared identifier '_PC_24'
other: undeclared/unknown identifier	source/standalone/Fixups.cpp	243	use of undeclared identifier '_PC_53'
other: undeclared/unknown identifier	source/standalone/Fixups.cpp	244	use of undeclared identifier '_MCW_EM'
other: undeclared/unknown identifier	source/standalone/Fixups.cpp	244	use of undeclared identifier '_MCW_RC'
W: Win32 API / type	source/standalone/Fixups.cpp	255	use of undeclared identifier 'GetTickCount'
W: Win32 API / type	source/standalone/Fixups.cpp	261	use of undeclared identifier 'GetModuleHandleA'
other: conversion/overload	source/standalone/Fixups.cpp	270	cannot initialize a parameter of type 'volatile int *' with an rvalue of type 'long *'
W/C: MSVC CRT name	source/standalone/Fixups.cpp	270	use of undeclared identifier 'InterlockedExchange'; did you mean '_InterlockedExchange'?
W: Win32 API / type	source/standalone/Fixups.cpp	271	use of undeclared identifier 'Sleep'
other: conversion/overload	source/standalone/Fixups.cpp	282	cannot initialize a parameter of type 'volatile int *' with an rvalue of type 'long *'
W/C: MSVC CRT name	source/standalone/Fixups.cpp	282	use of undeclared identifier 'InterlockedExchange'; did you mean '_InterlockedExchange'?
other: undeclared/unknown identifier	source/standalone/Fixups.cpp	292	use of undeclared identifier 'wvsprintfA'; did you mean 'vsprintf'?
W: Win32 API / type	source/standalone/Fixups.cpp	295	use of undeclared identifier 'IsDebuggerPresent'
W: Win32 API / type	source/standalone/Fixups.cpp	298	use of undeclared identifier 'GetCurrentProcess'
W: Win32 API / type	source/standalone/Fixups.cpp	383	use of undeclared identifier 'GetModuleFileNameA'
W/C: MSVC CRT name	source/standalone/Fixups.cpp	385	use of undeclared identifier 'strcpy_s'
W/C: MSVC CRT name	source/standalone/Fixups.cpp	388	use of undeclared identifier 'fopen_s'
P: pointer/int width (cast/narrowing)	source/standalone/Fixups.cpp	424	cast to smaller integer type 'unsigned int' from 'void *' [-Werror,-Wvoid-pointer-to-int-cast]
W: Win32 API / type	source/standalone/Fixups.cpp	433	use of undeclared identifier 'GetModuleFileNameA'
W/C: MSVC CRT name	source/standalone/Fixups.cpp	435	use of undeclared identifier 'strcpy_s'
W/C: MSVC CRT name	source/standalone/Fixups.cpp	439	use of undeclared identifier 'fopen_s'
P: pointer/int width (cast/narrowing)	source/standalone/Fixups.cpp	452	cast to smaller integer type 'unsigned int' from 'void *' [-Werror,-Wvoid-pointer-to-int-cast]
P: pointer/int width (cast/narrowing)	source/standalone/Fixups.cpp	455	cast to smaller integer type 'unsigned int' from 'void *' [-Werror,-Wvoid-pointer-to-int-cast]
P: pointer/int width (cast/narrowing)	source/standalone/Fixups.cpp	458	cast to smaller integer type 'unsigned int' from 'void *' [-Werror,-Wvoid-pointer-to-int-cast]
W: Win32 API / type	source/standalone/Fixups.cpp	473	use of undeclared identifier 'GetModuleFileNameA'
W/C: MSVC CRT name	source/standalone/Fixups.cpp	475	use of undeclared identifier 'strcpy_s'
W/C: MSVC CRT name	source/standalone/Fixups.cpp	478	use of undeclared identifier 'fopen_s'
P: pointer/int width (cast/narrowing)	source/standalone/Fixups.cpp	512	cast to 'void *' from smaller integer type 'uint32_t' (aka 'unsigned int') [-Werror,-Wint-to-void-pointer-cast]
W: Win32 API / type	source/standalone/Fixups.cpp	512	use of undeclared identifier 'PAGE_READONLY'
W: Win32 API / type	source/standalone/Fixups.cpp	515	use of undeclared identifier 'GetLastError'
other: undeclared/unknown identifier	source/standalone/Fixups.cpp	548	use of undeclared identifier 'EXCEPTION_NONCONTINUABLE'
W: Win32 API / type	source/standalone/Fixups.cpp	566	use of undeclared identifier 'Sleep'
W: Win32 API / type	source/standalone/Fixups.cpp	567	use of undeclared identifier 'GetTickCount64'
W: Win32 API / type	source/standalone/Fixups.cpp	569	use of undeclared identifier 'Sleep'
W: Win32 API / type	source/standalone/Fixups.cpp	570	use of undeclared identifier 'SuspendThread'
other: undeclared/unknown type	source/standalone/Fixups.cpp	573	unknown type name 'CONTEXT'
other: undeclared/unknown identifier	source/standalone/Fixups.cpp	574	use of undeclared identifier 'CONTEXT_CONTROL'
other: undeclared/unknown identifier	source/standalone/Fixups.cpp	574	use of undeclared identifier 'CONTEXT_INTEGER'
W: Win32 API / type	source/standalone/Fixups.cpp	584	use of undeclared identifier 'GetCurrentProcess'
W: Win32 API / type	source/standalone/Fixups.cpp	590	use of undeclared identifier 'ResumeThread'
W: Win32 API / type	source/standalone/Fixups.cpp	597	use of undeclared identifier 'GetTickCount64'
W: Win32 API / type	source/standalone/Fixups.cpp	598	use of undeclared identifier 'GetTickCount64'
other: undeclared/unknown identifier	source/standalone/Fixups.cpp	615	use of undeclared identifier 'DUPLICATE_SAME_ACCESS'
W: Win32 API / type	source/standalone/Fixups.cpp	615	use of undeclared identifier 'GetCurrentProcess'
W: Win32 API / type	source/standalone/Fixups.cpp	615	use of undeclared identifier 'GetCurrentThread'
W/C: MSVC CRT name	source/standalone/Fixups.cpp	619	use of undeclared identifier '_set_purecall_handler'
W/C: MSVC CRT name	source/standalone/Fixups.cpp	620	use of undeclared identifier '_set_invalid_parameter_handler'
other: undeclared/unknown identifier	source/standalone/Fixups.cpp	629	use of undeclared identifier '_OUT_TO_STDERR'
other: undeclared/unknown identifier	source/standalone/Fixups.cpp	630	use of undeclared identifier '_CALL_REPORTFAULT'
other: undeclared/unknown identifier	source/standalone/Fixups.cpp	630	use of undeclared identifier '_WRITE_ABORT_MSG'
F/C: inline asm / naked	source/standalone/FtolExe.cpp	12	unsupported architecture 'arm64' for MS-style inline assembly
F/C: inline asm / naked	source/standalone/FtolExe.cpp	29	unsupported architecture 'arm64' for MS-style inline assembly
F/C: inline asm / naked	source/standalone/FtolExe.cpp	33	unsupported architecture 'arm64' for MS-style inline assembly
F/C: inline asm / naked	source/standalone/FtolExe.cpp	40	unsupported architecture 'arm64' for MS-style inline assembly
F/C: inline asm / naked	source/standalone/FtolExe.cpp	43	unsupported architecture 'arm64' for MS-style inline assembly
F/C: inline asm / naked	source/standalone/FtolExe.cpp	47	unsupported architecture 'arm64' for MS-style inline assembly
F/C: inline asm / naked	source/standalone/FtolExe.cpp	80	unsupported architecture 'arm64' for MS-style inline assembly
W: Win32 API / type	source/standalone/ImageDiag.cpp	26	use of undeclared identifier 'FILE_ATTRIBUTE_NORMAL'
W: Win32 API / type	source/standalone/ImageDiag.cpp	26	use of undeclared identifier 'FILE_SHARE_READ'
W: Win32 API / type	source/standalone/ImageDiag.cpp	26	use of undeclared identifier 'GENERIC_READ'
W: Win32 API / type	source/standalone/ImageDiag.cpp	26	use of undeclared identifier 'OPEN_EXISTING'
W: Win32 API / type	source/standalone/ImageDiag.cpp	27	use of undeclared identifier 'INVALID_HANDLE_VALUE'
W: Win32 API / type	source/standalone/ImageDiag.cpp	31	use of undeclared identifier 'GetFileSize'
W: Win32 API / type	source/standalone/ImageDiag.cpp	34	use of undeclared identifier 'ReadFile'
W: Win32 API / type	source/standalone/ImageDiag.cpp	35	use of undeclared identifier 'CloseHandle'
P: pointer/int width (cast/narrowing)	source/standalone/ImageDiag.cpp	58	cast to 'void *' from smaller integer type 'uint32_t' (aka 'unsigned int') [-Werror,-Wint-to-void-pointer-cast]
W: Win32 API / type	source/standalone/ImageDiag.cpp	58	use of undeclared identifier 'PAGE_READWRITE'
P: pointer/int width (cast/narrowing)	source/standalone/ImageDiag.cpp	59	cast to 'void *' from smaller integer type 'uint32_t' (aka 'unsigned int') [-Werror,-Wint-to-void-pointer-cast]
W: Win32 API / type	source/standalone/ImageDiag.cpp	60	use of undeclared identifier 'PAGE_READWRITE'
P: pointer/int width (cast/narrowing)	source/standalone/ImageDiag.cpp	61	cast to 'void *' from smaller integer type 'uint32_t' (aka 'unsigned int') [-Werror,-Wint-to-void-pointer-cast]
other: undeclared/unknown identifier	source/standalone/ImageDiag.cpp	61	use of undeclared identifier 'VirtualProtect'
W: Win32 API / type	source/standalone/ImageDiag.cpp	73	use of undeclared identifier 'INVALID_HANDLE_VALUE'
other: conversion/overload	source/standalone/ImageDiag.cpp	93	cannot initialize a parameter of type 'volatile int *' with an rvalue of type 'volatile LONG *' (aka 'volatile long *')
W: Win32 API / type	source/standalone/ImageDiag.cpp	93	use of undeclared identifier 'InterlockedIncrement'; did you mean '_InterlockedIncrement'?
P: pointer/int width (cast/narrowing)	source/standalone/ImageDiag.cpp	104	cast to 'const unsigned char *' from smaller integer type 'uint32_t' (aka 'unsigned int') [-Werror,-Wint-to-pointer-cast]
other: undeclared/unknown type	source/standalone/ImageDiag.cpp	121	unknown type name 'EXCEPTION_POINTERS'
other: undeclared/unknown type	source/standalone/ImageDiag.cpp	122	unknown type name 'EXCEPTION_RECORD'
other: undeclared/unknown identifier	source/standalone/ImageDiag.cpp	123	use of undeclared identifier 'EXCEPTION_ACCESS_VIOLATION'
other: undeclared/unknown identifier	source/standalone/ImageDiag.cpp	124	use of undeclared identifier 'EXCEPTION_CONTINUE_SEARCH'
other: undeclared/unknown identifier	source/standalone/ImageDiag.cpp	128	use of undeclared identifier 'EXCEPTION_CONTINUE_SEARCH'
W/C: MSVC CRT name	source/standalone/ImageDiag.cpp	134	use of undeclared identifier 'InterlockedExchange8'; did you mean '_InterlockedExchange8'?
other: undeclared/unknown type	source/standalone/ImageDiag.cpp	136	unknown type name 'MEMORY_BASIC_INFORMATION'
W: Win32 API / type	source/standalone/ImageDiag.cpp	137	use of undeclared identifier 'PAGE_NOACCESS'
W: Win32 API / type	source/standalone/ImageDiag.cpp	137	use of undeclared identifier 'PAGE_READWRITE'
other: undeclared/unknown identifier	source/standalone/ImageDiag.cpp	138	use of undeclared identifier 'EXCEPTION_CONTINUE_EXECUTION'
other: undeclared/unknown identifier	source/standalone/ImageDiag.cpp	140	use of undeclared identifier 'EXCEPTION_CONTINUE_SEARCH'
other: undeclared/unknown identifier	source/standalone/ImageDiag.cpp	143	use of undeclared identifier 'VirtualProtect'
other: conversion/overload	source/standalone/ImageDiag.cpp	144	cannot initialize a parameter of type 'volatile int *' with an rvalue of type 'volatile LONG *' (aka 'volatile long *')
W: Win32 API / type	source/standalone/ImageDiag.cpp	144	use of undeclared identifier 'InterlockedIncrement'; did you mean '_InterlockedIncrement'?
other: undeclared/unknown identifier	source/standalone/ImageDiag.cpp	148	use of undeclared identifier 'EXCEPTION_CONTINUE_EXECUTION'
W: Win32 API / type	source/standalone/ImageDiag.cpp	158	use of undeclared identifier 'GetTickCount'
W: Win32 API / type	source/standalone/ImageDiag.cpp	159	use of undeclared identifier 'GetCurrentThreadId'; did you mean 'CGame::GetCurrentAreaCode'?
other: conversion/overload	source/standalone/ImageDiag.cpp	161	cannot initialize a parameter of type 'volatile int *' with an rvalue of type 'volatile LONG *' (aka 'volatile long *')
W: Win32 API / type	source/standalone/ImageDiag.cpp	161	use of undeclared identifier 'InterlockedIncrement'; did you mean '_InterlockedIncrement'?
other: undeclared/unknown identifier	source/standalone/ImageDiag.cpp	162	use of undeclared identifier 'EXCEPTION_CONTINUE_EXECUTION'
P: pointer/int width (cast/narrowing)	source/standalone/ImageDiag.cpp	172	cast to 'void *' from smaller integer type 'uint32_t' (aka 'unsigned int') [-Werror,-Wint-to-void-pointer-cast]
W: Win32 API / type	source/standalone/ImageDiag.cpp	172	use of undeclared identifier 'PAGE_NOACCESS'
W: Win32 API / type	source/standalone/ImageDiag.cpp	187	use of undeclared identifier 'GetModuleHandleA'
other: undeclared/unknown type	source/standalone/ImageDiag.cpp	188	unknown type name 'IMAGE_NT_HEADERS32'
other: undeclared/unknown type	source/standalone/ImageDiag.cpp	198	unknown type name 'MEMORY_BASIC_INFORMATION'
P: pointer/int width (cast/narrowing)	source/standalone/ImageDiag.cpp	199	cast to 'void *' from smaller integer type 'uint32_t' (aka 'unsigned int') [-Werror,-Wint-to-void-pointer-cast]
W: Win32 API / type	source/standalone/ImageDiag.cpp	200	use of undeclared identifier 'PAGE_READWRITE'
other: undeclared/unknown identifier	source/standalone/ImageDiag.cpp	204	use of undeclared identifier 'lstrcpynA'
W: Win32 API / type	source/standalone/ImageDiag.cpp	206	use of undeclared identifier 'CREATE_ALWAYS'
W: Win32 API / type	source/standalone/ImageDiag.cpp	206	use of undeclared identifier 'FILE_ATTRIBUTE_NORMAL'
W: Win32 API / type	source/standalone/ImageDiag.cpp	206	use of undeclared identifier 'FILE_SHARE_READ'
W: Win32 API / type	source/standalone/ImageDiag.cpp	206	use of undeclared identifier 'GENERIC_WRITE'
W: Win32 API / type	source/standalone/ImageDiag.cpp	207	use of undeclared identifier 'INVALID_HANDLE_VALUE'
other: undeclared/unknown identifier	source/standalone/ImageDiag.cpp	212	use of undeclared identifier 'wsprintfA'
W: Win32 API / type	source/standalone/ImageDiag.cpp	222	use of undeclared identifier 'Sleep'
W/R: DirectX	source/standalone/rw/camera.cpp	74	unknown type name 'D3DFORMAT'
W/R: DirectX	source/standalone/rw/camera.cpp	75	use of undeclared identifier 'D3DFMT_D15S1'
W/R: DirectX	source/standalone/rw/camera.cpp	75	use of undeclared identifier 'D3DFMT_D24FS8'; did you mean 'rw::xbox::D3DFMT_D24S8'?
W/R: DirectX	source/standalone/rw/camera.cpp	75	use of undeclared identifier 'D3DFMT_D24S8'; did you mean 'rw::xbox::D3DFMT_D24S8'?
W/R: DirectX	source/standalone/rw/camera.cpp	75	use of undeclared identifier 'D3DFMT_D24X4S4'
other: undeclared/unknown identifier	source/standalone/rw/camera.cpp	82	no member named 'd3ddevice' in namespace 'rw::d3d'
W/R: DirectX	source/standalone/rw/camera.cpp	86	use of undeclared identifier 'D3DPRESENT_INTERVAL_ONE'
W/R: DirectX	source/standalone/rw/camera.cpp	87	use of undeclared identifier 'D3DPRESENT_INTERVAL_IMMEDIATE'
W/R: DirectX	source/standalone/rw/camera.cpp	87	use of undeclared identifier 'D3DPRESENT_INTERVAL_ONE'
other: undeclared/unknown identifier	source/standalone/rw/camera.cpp	89	no member named 'd3ddevice' in namespace 'rw::d3d'
W/R: DirectX	source/standalone/rw/camera.cpp	89	use of undeclared identifier 'D3D_OK'
other: undeclared/unknown identifier	source/standalone/rw/camera.cpp	123	no member named 'd3ddevice' in namespace 'rw::d3d'
other: undeclared/unknown identifier	source/standalone/rw/camera.cpp	128	no member named 'd3ddevice' in namespace 'rw::d3d'
W/R: DirectX	source/standalone/rw/camera.cpp	128	unknown type name 'D3DMATRIX'
W/R: DirectX	source/standalone/rw/camera.cpp	128	use of undeclared identifier 'D3DTS_VIEW'
other: undeclared/unknown identifier	source/standalone/rw/camera.cpp	129	no member named 'd3ddevice' in namespace 'rw::d3d'
W/R: DirectX	source/standalone/rw/camera.cpp	129	unknown type name 'D3DMATRIX'
W/R: DirectX	source/standalone/rw/camera.cpp	129	use of undeclared identifier 'D3DTS_PROJECTION'
other: undeclared/unknown identifier	source/standalone/rw/camera.cpp	149	no member named 'd3ddevice' in namespace 'rw::d3d'
other: undeclared/unknown identifier	source/standalone/rw/camera.cpp	161	no member named 'd3ddevice' in namespace 'rw::d3d'
other: undeclared/unknown identifier	source/standalone/rw/camera.cpp	185	no member named 'd3ddevice' in namespace 'rw::d3d'
W/R: DirectX	source/standalone/rw/camera.cpp	185	use of undeclared identifier 'D3DCLEAR_STENCIL'
other: undeclared/unknown identifier	source/standalone/rw/camera.cpp	229	no member named 'd3ddevice' in namespace 'rw::d3d'
W/R: DirectX	source/standalone/rw/camera.cpp	229	unknown type name 'IDirect3DDevice9'
C: syntax / extension	source/standalone/rw/camera.cpp	230	expected ';' at end of declaration
W/R: DirectX	source/standalone/rw/camera.cpp	230	unknown type name 'IDirect3DSurface9'
W/R: DirectX	source/standalone/rw/camera.cpp	231	use of undeclared identifier 'D3DBACKBUFFER_TYPE_MONO'
W/R: DirectX	source/standalone/rw/camera.cpp	234	unknown type name 'D3DSURFACE_DESC'
W/R: DirectX	source/standalone/rw/camera.cpp	236	use of undeclared identifier 'D3DPOOL_SYSTEMMEM'
other: undeclared/unknown identifier	source/standalone/rw/camera.cpp	236	use of undeclared identifier 'sys'
W/R: DirectX	source/standalone/rw/camera.cpp	237	unknown type name 'D3DLOCKED_RECT'
W/R: DirectX	source/standalone/rw/camera.cpp	238	use of undeclared identifier 'D3DLOCK_READONLY'
other: undeclared/unknown identifier	source/standalone/rw/camera.cpp	238	use of undeclared identifier 'sys'
W/R: DirectX	source/standalone/rw/camera.cpp	256	use of undeclared identifier 'D3DFMT_R5G6B5'; did you mean 'rw::xbox::D3DFMT_R5G6B5'?
other: undeclared/unknown identifier	source/standalone/rw/camera.cpp	267	use of undeclared identifier 'sys'
other: undeclared/unknown identifier	source/standalone/rw/camera.cpp	270	use of undeclared identifier 'sys'
other: undeclared/unknown identifier	source/standalone/rw/camera.cpp	276	no member named 'd3ddevice' in namespace 'rw::d3d'
other: undeclared/unknown type	source/standalone/rw/camera.cpp	284	unknown type name '_CrtMemState'
other: undeclared/unknown type	source/standalone/rw/camera.cpp	287	unknown type name 'MEMORY_BASIC_INFORMATION'
W: Win32 API / type	source/standalone/rw/camera.cpp	289	use of undeclared identifier 'MEM_COMMIT'
other: undeclared/unknown identifier	source/standalone/rw/camera.cpp	367	no member named 'd3ddevice' in namespace 'rw::d3d'
W: Win32 API / type	source/standalone/rw/camera.cpp	374	use of undeclared identifier 'IsWindow'
W/C: MSVC CRT name	source/standalone/rw/engine.cpp	55	use of undeclared identifier '_stricmp'; did you mean 'strcmp'?
W/C: MSVC CRT name	source/standalone/rw/engine.cpp	57	use of undeclared identifier '_strupr'
W/C: MSVC CRT name	source/standalone/rw/engine.cpp	58	use of undeclared identifier '_strlwr'
W/R: DirectX	source/standalone/rw/engine.cpp	80	unknown type name 'D3DFORMAT'
W/R: DirectX	source/standalone/rw/engine.cpp	82	use of undeclared identifier 'D3DFMT_A8R8G8B8'; did you mean 'rw::xbox::D3DFMT_A8R8G8B8'?
W/R: DirectX	source/standalone/rw/engine.cpp	83	use of undeclared identifier 'D3DFMT_A2R10G10B10'
W/R: DirectX	source/standalone/rw/engine.cpp	84	use of undeclared identifier 'D3DFMT_X8R8G8B8'; did you mean 'rw::xbox::D3DFMT_X8R8G8B8'?
W/R: DirectX	source/standalone/rw/engine.cpp	85	use of undeclared identifier 'D3DFMT_R5G6B5'; did you mean 'rw::xbox::D3DFMT_R5G6B5'?
W/R: DirectX	source/standalone/rw/engine.cpp	86	use of undeclared identifier 'D3DFMT_X1R5G5B5'; did you mean 'rw::xbox::D3DFMT_X1R5G5B5'?
W/R: DirectX	source/standalone/rw/engine.cpp	87	use of undeclared identifier 'D3DFMT_A1R5G5B5'; did you mean 'rw::xbox::D3DFMT_A1R5G5B5'?
W/R: DirectX	source/standalone/rw/engine.cpp	101	unknown type name 'D3DFORMAT'
W/R: DirectX	source/standalone/rw/engine.cpp	101	use of undeclared identifier 'D3DFMT_A2R10G10B10'
W/R: DirectX	source/standalone/rw/engine.cpp	101	use of undeclared identifier 'D3DFMT_R5G6B5'; did you mean 'rw::xbox::D3DFMT_R5G6B5'?
W/R: DirectX	source/standalone/rw/engine.cpp	101	use of undeclared identifier 'D3DFMT_X8R8G8B8'; did you mean 'rw::xbox::D3DFMT_X8R8G8B8'?
W/R: DirectX	source/standalone/rw/engine.cpp	103	unknown type name 'D3DFORMAT'
W/R: DirectX	source/standalone/rw/engine.cpp	112	use of undeclared identifier 'D3DFMT_A1R5G5B5'; did you mean 'rw::xbox::D3DFMT_A1R5G5B5'?
W/R: DirectX	source/standalone/rw/engine.cpp	112	use of undeclared identifier 'D3DFMT_A8R8G8B8'; did you mean 'rw::xbox::D3DFMT_A8R8G8B8'?
W/R: DirectX	source/standalone/rw/engine.cpp	112	use of undeclared identifier 'D3DFMT_R5G6B5'; did you mean 'rw::xbox::D3DFMT_R5G6B5'?
W/R: DirectX	source/standalone/rw/engine.cpp	112	use of undeclared identifier 'D3DFMT_X1R5G5B5'; did you mean 'rw::xbox::D3DFMT_X1R5G5B5'?
W/R: DirectX	source/standalone/rw/engine.cpp	112	use of undeclared identifier 'D3DFMT_X8R8G8B8'; did you mean 'rw::xbox::D3DFMT_X8R8G8B8'?
W/R: DirectX	source/standalone/rw/engine.cpp	119	unknown type name 'D3DFORMAT'
W/R: DirectX	source/standalone/rw/engine.cpp	122	unknown type name 'D3DDISPLAYMODE'
W/R: DirectX	source/standalone/rw/engine.cpp	147	unknown type name 'D3DFORMAT'
W/R: DirectX	source/standalone/rw/engine.cpp	147	use of undeclared identifier 'D3DFMT_R5G6B5'; did you mean 'rw::xbox::D3DFMT_R5G6B5'?
W/R: DirectX	source/standalone/rw/engine.cpp	147	use of undeclared identifier 'D3DFMT_X8R8G8B8'; did you mean 'rw::xbox::D3DFMT_X8R8G8B8'?
W/R: DirectX	source/standalone/rw/engine.cpp	149	use of undeclared identifier 'D3DDEVTYPE_HAL'
W/R: DirectX	source/standalone/rw/engine.cpp	149	use of undeclared identifier 'D3DFMT_D16'; did you mean 'rw::xbox::D3DFMT_D16'?
W/R: DirectX	source/standalone/rw/engine.cpp	149	use of undeclared identifier 'D3DRTYPE_SURFACE'
W/R: DirectX	source/standalone/rw/engine.cpp	149	use of undeclared identifier 'D3DUSAGE_DEPTHSTENCIL'
W/R: DirectX	source/standalone/rw/engine.cpp	149	use of undeclared identifier 'D3D_OK'
W/R: DirectX	source/standalone/rw/engine.cpp	150	use of undeclared identifier 'D3DDEVTYPE_HAL'
W/R: DirectX	source/standalone/rw/engine.cpp	150	use of undeclared identifier 'D3DFMT_D15S1'
W/R: DirectX	source/standalone/rw/engine.cpp	150	use of undeclared identifier 'D3DRTYPE_SURFACE'
W/R: DirectX	source/standalone/rw/engine.cpp	150	use of undeclared identifier 'D3DUSAGE_DEPTHSTENCIL'
W/R: DirectX	source/standalone/rw/engine.cpp	150	use of undeclared identifier 'D3D_OK'
W/R: DirectX	source/standalone/rw/engine.cpp	151	use of undeclared identifier 'D3DDEVTYPE_HAL'
W/R: DirectX	source/standalone/rw/engine.cpp	151	use of undeclared identifier 'D3DFMT_D24S8'
W/R: DirectX	source/standalone/rw/engine.cpp	151	use of undeclared identifier 'D3DRTYPE_SURFACE'
W/R: DirectX	source/standalone/rw/engine.cpp	151	use of undeclared identifier 'D3DUSAGE_DEPTHSTENCIL'
W/R: DirectX	source/standalone/rw/engine.cpp	151	use of undeclared identifier 'D3D_OK'
W/R: DirectX	source/standalone/rw/engine.cpp	152	use of undeclared identifier 'D3DDEVTYPE_HAL'
W/R: DirectX	source/standalone/rw/engine.cpp	152	use of undeclared identifier 'D3DFMT_D24X4S4'
W/R: DirectX	source/standalone/rw/engine.cpp	152	use of undeclared identifier 'D3DRTYPE_SURFACE'
W/R: DirectX	source/standalone/rw/engine.cpp	152	use of undeclared identifier 'D3DUSAGE_DEPTHSTENCIL'
W/R: DirectX	source/standalone/rw/engine.cpp	152	use of undeclared identifier 'D3D_OK'
W/R: DirectX	source/standalone/rw/engine.cpp	153	use of undeclared identifier 'D3DDEVTYPE_HAL'
W/R: DirectX	source/standalone/rw/engine.cpp	153	use of undeclared identifier 'D3DFMT_D24X8'
W/R: DirectX	source/standalone/rw/engine.cpp	153	use of undeclared identifier 'D3DRTYPE_SURFACE'
W/R: DirectX	source/standalone/rw/engine.cpp	153	use of undeclared identifier 'D3DUSAGE_DEPTHSTENCIL'
W/R: DirectX	source/standalone/rw/engine.cpp	153	use of undeclared identifier 'D3D_OK'
W/R: DirectX	source/standalone/rw/engine.cpp	154	use of undeclared identifier 'D3DDEVTYPE_HAL'
W/R: DirectX	source/standalone/rw/engine.cpp	154	use of undeclared identifier 'D3DFMT_D32'
W/R: DirectX	source/standalone/rw/engine.cpp	154	use of undeclared identifier 'D3DRTYPE_SURFACE'
W/R: DirectX	source/standalone/rw/engine.cpp	154	use of undeclared identifier 'D3DUSAGE_DEPTHSTENCIL'
W/R: DirectX	source/standalone/rw/engine.cpp	154	use of undeclared identifier 'D3D_OK'
other: undeclared/unknown identifier	source/standalone/rw/engine.cpp	175	no member named 'd3ddevice' in namespace 'rw::d3d'
W/R: DirectX	source/standalone/rw/engine.cpp	179	use of undeclared identifier 'D3DPRESENT_INTERVAL_ONE'
W/R: DirectX	source/standalone/rw/engine.cpp	180	use of undeclared identifier 'D3DPRESENT_INTERVAL_IMMEDIATE'
W/R: DirectX	source/standalone/rw/engine.cpp	180	use of undeclared identifier 'D3DPRESENT_INTERVAL_ONE'
other: undeclared/unknown identifier	source/standalone/rw/engine.cpp	182	no member named 'd3ddevice' in namespace 'rw::d3d'
W/R: DirectX	source/standalone/rw/engine.cpp	182	use of undeclared identifier 'D3D_OK'
W/R: DirectX	source/standalone/rw/engine.cpp	186	unknown type name 'D3DFORMAT'
W/R: DirectX	source/standalone/rw/engine.cpp	188	use of undeclared identifier 'D3DFMT_X8R8G8B8'
W/R: DirectX	source/standalone/rw/engine.cpp	189	use of undeclared identifier 'D3DDEVTYPE_HAL'
W/R: DirectX	source/standalone/rw/engine.cpp	189	use of undeclared identifier 'D3DFMT_A8R8G8B8'
W/R: DirectX	source/standalone/rw/engine.cpp	189	use of undeclared identifier 'D3D_OK'
W/R: DirectX	source/standalone/rw/engine.cpp	190	use of undeclared identifier 'D3DFMT_A8R8G8B8'
W/R: DirectX	source/standalone/rw/engine.cpp	192	use of undeclared identifier 'D3DFMT_D16'
W/R: DirectX	source/standalone/rw/engine.cpp	192	use of undeclared identifier 'D3DFMT_D24S8'
W/R: DirectX	source/standalone/rw/engine.cpp	203	unknown type name 'D3DFORMAT'
other: undeclared/unknown identifier	source/standalone/rw/engine.cpp	204	use of undeclared identifier 'depth'
W: Win32 API / type	source/standalone/rw/engine.cpp	208	use of undeclared identifier 'GWL_STYLE'
W: Win32 API / type	source/standalone/rw/engine.cpp	210	use of undeclared identifier 'GWL_STYLE'
W: Win32 API / type	source/standalone/rw/engine.cpp	210	use of undeclared identifier 'WS_POPUP'
W: Win32 API / type	source/standalone/rw/engine.cpp	210	use of undeclared identifier 'WS_VISIBLE'
W: Win32 API / type	source/standalone/rw/engine.cpp	211	use of undeclared identifier 'HWND_TOP'
W: Win32 API / type	source/standalone/rw/engine.cpp	211	use of undeclared identifier 'SWP_FRAMECHANGED'
W: Win32 API / type	source/standalone/rw/engine.cpp	211	use of undeclared identifier 'SWP_SHOWWINDOW'
W/R: DirectX	source/standalone/rw/engine.cpp	214	use of undeclared identifier 'D3DPRESENT_RATE_DEFAULT'
W: Win32 API / type	source/standalone/rw/engine.cpp	217	use of undeclared identifier 'GWL_STYLE'
W: Win32 API / type	source/standalone/rw/engine.cpp	218	use of undeclared identifier 'SWP_FRAMECHANGED'
W: Win32 API / type	source/standalone/rw/engine.cpp	218	use of undeclared identifier 'SWP_NOMOVE'
W: Win32 API / type	source/standalone/rw/engine.cpp	218	use of undeclared identifier 'SWP_NOSIZE'
W: Win32 API / type	source/standalone/rw/engine.cpp	218	use of undeclared identifier 'SWP_NOZORDER'
W: Win32 API / type	source/standalone/rw/engine.cpp	221	unknown type name 'RECT'
other: undeclared/unknown identifier	source/standalone/rw/engine.cpp	229	use of undeclared identifier 'depth'
other: undeclared/unknown identifier	source/standalone/rw/engine.cpp	266	no member named 'window' in 'rw::EngineOpenParams'
other: undeclared/unknown identifier	source/standalone/rw/engine.cpp	299	no member named 'd3ddevice' in namespace 'rw::d3d'
W/R: DirectX	source/standalone/rw/engine.cpp	366	unknown type name 'D3DADAPTER_IDENTIFIER9'
W/R: DirectX	source/standalone/rw/engine.cpp	367	use of undeclared identifier 'D3D_OK'
other: undeclared/unknown identifier	source/standalone/rw/engine.cpp	424	no member named 'd3ddevice' in namespace 'rw::d3d'
W/R: DirectX	source/standalone/rw/engine.cpp	437	use of undeclared identifier 'D3DMULTISAMPLE_16_SAMPLES'
W/R: DirectX	source/standalone/rw/engine.cpp	437	use of undeclared identifier 'D3DMULTISAMPLE_NONMASKABLE'
W/R: DirectX	source/standalone/rw/engine.cpp	439	use of undeclared identifier 'D3DDEVTYPE_HAL'
W/R: DirectX	source/standalone/rw/engine.cpp	439	use of undeclared identifier 'D3DMULTISAMPLE_TYPE'
other: undeclared/unknown identifier	source/standalone/rw/engine.cpp	457	no member named 'd3ddevice' in namespace 'rw::d3d'
W/R: DirectX	source/standalone/rw/engine.cpp	462	use of undeclared identifier 'D3DMULTISAMPLE_NONE'
W/R: DirectX	source/standalone/rw/engine.cpp	462	use of undeclared identifier 'D3DMULTISAMPLE_TYPE'
other: undeclared/unknown identifier	source/standalone/rw/engine.cpp	474	no member named 'd3ddevice' in namespace 'rw::d3d'
W/R: DirectX	source/standalone/rw/engine.cpp	482	unknown type name 'D3DFORMAT'
W/R: DirectX	source/standalone/rw/engine.cpp	482	use of undeclared identifier 'D3DFMT_DXT1'
W/R: DirectX	source/standalone/rw/engine.cpp	482	use of undeclared identifier 'D3DFMT_DXT3'
W/R: DirectX	source/standalone/rw/engine.cpp	482	use of undeclared identifier 'D3DFMT_DXT5'
W/R: DirectX	source/standalone/rw/engine.cpp	483	use of undeclared identifier 'D3DDEVTYPE_HAL'
W/R: DirectX	source/standalone/rw/engine.cpp	483	use of undeclared identifier 'D3DRTYPE_TEXTURE'
P: 64-bit layout (sizeof/offsetof static_assert)	source/standalone/rw/hanim.cpp	30	static assertion failed due to requirement 'sizeof(rw::HAnimKeyFrame) == 36'
W/R: DirectX	source/standalone/rw/im2d_im3d.cpp	40	use of undeclared identifier 'D3DFVF_DIFFUSE'
W/R: DirectX	source/standalone/rw/im2d_im3d.cpp	40	use of undeclared identifier 'D3DFVF_TEX1'
W/R: DirectX	source/standalone/rw/im2d_im3d.cpp	40	use of undeclared identifier 'D3DFVF_XYZRHW'
W/R: DirectX	source/standalone/rw/im2d_im3d.cpp	41	use of undeclared identifier 'D3DFVF_DIFFUSE'
W/R: DirectX	source/standalone/rw/im2d_im3d.cpp	41	use of undeclared identifier 'D3DFVF_TEX1'
W/R: DirectX	source/standalone/rw/im2d_im3d.cpp	41	use of undeclared identifier 'D3DFVF_XYZ'
W/R: DirectX	source/standalone/rw/im2d_im3d.cpp	42	use of undeclared identifier 'D3DFVF_DIFFUSE'
W/R: DirectX	source/standalone/rw/im2d_im3d.cpp	42	use of undeclared identifier 'D3DFVF_XYZ'
other: undeclared/unknown identifier	source/standalone/rw/im2d_im3d.cpp	46	no member named 'd3ddevice' in namespace 'rw::d3d'
W/R: DirectX	source/standalone/rw/im2d_im3d.cpp	46	unknown type name 'IDirect3DDevice9'
W/R: DirectX	source/standalone/rw/im2d_im3d.cpp	49	unknown type name 'D3DPRIMITIVETYPE'
W/R: DirectX	source/standalone/rw/im2d_im3d.cpp	51	use of undeclared identifier 'D3DPT_LINELIST'
W/R: DirectX	source/standalone/rw/im2d_im3d.cpp	52	use of undeclared identifier 'D3DPT_LINESTRIP'
W/R: DirectX	source/standalone/rw/im2d_im3d.cpp	53	use of undeclared identifier 'D3DPT_TRIANGLELIST'
W/R: DirectX	source/standalone/rw/im2d_im3d.cpp	54	use of undeclared identifier 'D3DPT_TRIANGLESTRIP'
W/R: DirectX	source/standalone/rw/im2d_im3d.cpp	55	use of undeclared identifier 'D3DPT_TRIANGLEFAN'
W/R: DirectX	source/standalone/rw/im2d_im3d.cpp	56	use of undeclared identifier 'D3DPT_POINTLIST'
W/R: DirectX	source/standalone/rw/im2d_im3d.cpp	57	unknown type name 'D3DPRIMITIVETYPE'
W/R: DirectX	source/standalone/rw/im2d_im3d.cpp	77	use of undeclared identifier 'D3DTOP_SELECTARG2'
W/R: DirectX	source/standalone/rw/im2d_im3d.cpp	77	use of undeclared identifier 'D3DTSS_COLOROP'
W/R: DirectX	source/standalone/rw/im2d_im3d.cpp	78	use of undeclared identifier 'D3DTA_DIFFUSE'
W/R: DirectX	source/standalone/rw/im2d_im3d.cpp	78	use of undeclared identifier 'D3DTSS_COLORARG2'
W/R: DirectX	source/standalone/rw/im2d_im3d.cpp	79	use of undeclared identifier 'D3DTOP_SELECTARG2'
W/R: DirectX	source/standalone/rw/im2d_im3d.cpp	79	use of undeclared identifier 'D3DTSS_ALPHAOP'
W/R: DirectX	source/standalone/rw/im2d_im3d.cpp	80	use of undeclared identifier 'D3DTA_DIFFUSE'
W/R: DirectX	source/standalone/rw/im2d_im3d.cpp	80	use of undeclared identifier 'D3DTSS_ALPHAARG2'
W/R: DirectX	source/standalone/rw/im2d_im3d.cpp	82	use of undeclared identifier 'D3DTOP_MODULATE'
W/R: DirectX	source/standalone/rw/im2d_im3d.cpp	82	use of undeclared identifier 'D3DTSS_COLOROP'
W/R: DirectX	source/standalone/rw/im2d_im3d.cpp	83	use of undeclared identifier 'D3DTA_TEXTURE'
W/R: DirectX	source/standalone/rw/im2d_im3d.cpp	83	use of undeclared identifier 'D3DTSS_COLORARG1'
W/R: DirectX	source/standalone/rw/im2d_im3d.cpp	84	use of undeclared identifier 'D3DTA_DIFFUSE'
W/R: DirectX	source/standalone/rw/im2d_im3d.cpp	84	use of undeclared identifier 'D3DTSS_COLORARG2'
W/R: DirectX	source/standalone/rw/im2d_im3d.cpp	85	use of undeclared identifier 'D3DTOP_MODULATE'
W/R: DirectX	source/standalone/rw/im2d_im3d.cpp	85	use of undeclared identifier 'D3DTSS_ALPHAOP'
W/R: DirectX	source/standalone/rw/im2d_im3d.cpp	86	use of undeclared identifier 'D3DTA_TEXTURE'
W/R: DirectX	source/standalone/rw/im2d_im3d.cpp	86	use of undeclared identifier 'D3DTSS_ALPHAARG1'
W/R: DirectX	source/standalone/rw/im2d_im3d.cpp	87	use of undeclared identifier 'D3DTA_DIFFUSE'
W/R: DirectX	source/standalone/rw/im2d_im3d.cpp	87	use of undeclared identifier 'D3DTSS_ALPHAARG2'
W/R: DirectX	source/standalone/rw/im2d_im3d.cpp	113	use of undeclared identifier 'D3DRS_CLIPPING'
W/R: DirectX	source/standalone/rw/im2d_im3d.cpp	114	use of undeclared identifier 'D3DRS_LIGHTING'
W/R: DirectX	source/standalone/rw/im2d_im3d.cpp	140	unknown type name 'D3DPRIMITIVETYPE'
W/R: DirectX	source/standalone/rw/im2d_im3d.cpp	177	unknown type name 'D3DMATRIX'
W/R: DirectX	source/standalone/rw/im2d_im3d.cpp	178	unknown type name 'D3DMATRIX'
W/R: DirectX	source/standalone/rw/im2d_im3d.cpp	209	unknown type name 'D3DPRIMITIVETYPE'
W/R: DirectX	source/standalone/rw/im2d_im3d.cpp	216	unknown type name 'D3DMATRIX'
W/R: DirectX	source/standalone/rw/im2d_im3d.cpp	217	use of undeclared identifier 'D3DTS_WORLD'
W/R: DirectX	source/standalone/rw/im2d_im3d.cpp	218	use of undeclared identifier 'D3DRS_LIGHTING'
W/R: DirectX	source/standalone/rw/im2d_im3d.cpp	219	use of undeclared identifier 'D3DRS_NORMALIZENORMALS'
W/R: DirectX	source/standalone/rw/im2d_im3d.cpp	220	use of undeclared identifier 'D3DRS_CLIPPING'
other	source/standalone/rw/im2d_im3d.cpp	246	member reference base type 'int' is not a structure or union
W/R: DirectX	source/standalone/rw/im2d_im3d.cpp	246	use of undeclared identifier 'D3DFMT_INDEX16'
other	source/standalone/rw/im2d_im3d.cpp	251	member reference base type 'int' is not a structure or union
W/R: DirectX	source/standalone/rw/im2d_im3d.cpp	289	unknown type name 'D3DPRIMITIVETYPE'
W/R: DirectX	source/standalone/rw/im2d_im3d.cpp	308	use of undeclared identifier 'D3DFMT_INDEX16'
W/C: MSVC CRT name	source/standalone/rw/image.cpp	422	use of undeclared identifier '_stricmp'; did you mean 'strcmp'?
W/C: MSVC CRT name	source/standalone/rw/image.cpp	423	use of undeclared identifier '_stricmp'; did you mean 'strcmp'?
W/C: MSVC CRT name	source/standalone/rw/image.cpp	424	use of undeclared identifier '_stricmp'; did you mean 'strcmp'?
W/R: DirectX	source/standalone/rw/pipeline.cpp	127	use of undeclared identifier 'D3DPT_TRIANGLELIST'
W/R: DirectX	source/standalone/rw/pipeline.cpp	128	use of undeclared identifier 'D3DPT_TRIANGLESTRIP'
W/R: DirectX	source/standalone/rw/pipeline.cpp	129	use of undeclared identifier 'D3DPT_TRIANGLEFAN'
W/R: DirectX	source/standalone/rw/pipeline.cpp	130	use of undeclared identifier 'D3DPT_LINELIST'
W/R: DirectX	source/standalone/rw/pipeline.cpp	131	use of undeclared identifier 'D3DPT_LINESTRIP'
W/R: DirectX	source/standalone/rw/pipeline.cpp	132	use of undeclared identifier 'D3DPT_POINTLIST'
W/R: DirectX	source/standalone/rw/pipeline.cpp	133	use of undeclared identifier 'D3DPT_TRIANGLESTRIP'
W/R: DirectX	source/standalone/rw/pipeline.cpp	140	use of undeclared identifier 'D3DPT_LINELIST'
W/R: DirectX	source/standalone/rw/pipeline.cpp	141	use of undeclared identifier 'D3DPT_LINESTRIP'
W/R: DirectX	source/standalone/rw/pipeline.cpp	142	use of undeclared identifier 'D3DPT_TRIANGLELIST'
W/R: DirectX	source/standalone/rw/pipeline.cpp	143	use of undeclared identifier 'D3DPT_TRIANGLESTRIP'
W/R: DirectX	source/standalone/rw/pipeline.cpp	144	use of undeclared identifier 'D3DPT_TRIANGLEFAN'
W/R: DirectX	source/standalone/rw/pipeline.cpp	238	use of undeclared identifier 'D3DPT_TRIANGLELIST'
W/R: DirectX	source/standalone/rw/pipeline.cpp	281	use of undeclared identifier 'D3DPT_TRIANGLELIST'
W/R: DirectX	source/standalone/rw/pipeline.cpp	317	use of undeclared identifier 'D3DDECLTYPE_UNUSED'
W/R: DirectX	source/standalone/rw/pipeline.cpp	326	use of undeclared identifier 'D3DDTCAPS_DEC3N'
W/R: DirectX	source/standalone/rw/pipeline.cpp	331	use of undeclared identifier 'D3DDECLTYPE_FLOAT3'
W/R: DirectX	source/standalone/rw/pipeline.cpp	335	use of undeclared identifier 'D3DDECLTYPE_DEC3N'
W/R: DirectX	source/standalone/rw/pipeline.cpp	380	use of undeclared identifier 'D3DDEVCAPS_HWTRANSFORMANDLIGHT'
W/R: DirectX	source/standalone/rw/pipeline.cpp	407	use of undeclared identifier 'D3DDECLTYPE_FLOAT3'
W/R: DirectX	source/standalone/rw/pipeline.cpp	407	use of undeclared identifier 'D3DDECLUSAGE_POSITION'
W/R: DirectX	source/standalone/rw/pipeline.cpp	410	use of undeclared identifier 'D3DDECLTYPE_DEC3N'
W/R: DirectX	source/standalone/rw/pipeline.cpp	410	use of undeclared identifier 'D3DDECLTYPE_FLOAT3'
W/R: DirectX	source/standalone/rw/pipeline.cpp	410	use of undeclared identifier 'D3DDECLUSAGE_NORMAL'
W/R: DirectX	source/standalone/rw/pipeline.cpp	414	use of undeclared identifier 'D3DDECLTYPE_D3DCOLOR'
W/R: DirectX	source/standalone/rw/pipeline.cpp	414	use of undeclared identifier 'D3DDECLUSAGE_COLOR'
W/R: DirectX	source/standalone/rw/pipeline.cpp	417	use of undeclared identifier 'D3DDECLTYPE_FLOAT2'
W/R: DirectX	source/standalone/rw/pipeline.cpp	417	use of undeclared identifier 'D3DDECLUSAGE_TEXCOORD'
W/R: DirectX	source/standalone/rw/pipeline.cpp	429	use of undeclared identifier 'D3DDECLTYPE_UNUSED'
W/R: DirectX	source/standalone/rw/pipeline.cpp	451	use of undeclared identifier 'D3DDECLTYPE_UNUSED'
W/R: DirectX	source/standalone/rw/pipeline.cpp	462	use of undeclared identifier 'D3DLOCK_NOSYSLOCK'
W/R: DirectX	source/standalone/rw/pipeline.cpp	471	use of undeclared identifier 'D3DDECLUSAGE_POSITION'
W/R: DirectX	source/standalone/rw/pipeline.cpp	478	use of undeclared identifier 'D3DDECLUSAGE_NORMAL'
W/R: DirectX	source/standalone/rw/pipeline.cpp	486	use of undeclared identifier 'D3DDECLUSAGE_COLOR'
W/R: DirectX	source/standalone/rw/pipeline.cpp	506	use of undeclared identifier 'D3DDECLUSAGE_TEXCOORD'
W/R: DirectX	source/standalone/rw/pipeline.cpp	553	use of undeclared identifier 'D3DRS_LIGHTING'
W/R: DirectX	source/standalone/rw/pipeline.cpp	574	use of undeclared identifier 'D3DRS_LIGHTING'
W/R: DirectX	source/standalone/rw/pipeline.cpp	578	unknown type name 'D3DLIGHT9'
W/R: DirectX	source/standalone/rw/pipeline.cpp	579	use of undeclared identifier 'D3DLIGHT_DIRECTIONAL'
W/R: DirectX	source/standalone/rw/pipeline.cpp	622	use of undeclared identifier 'D3DRS_AMBIENT'
W/R: DirectX	source/standalone/rw/pipeline.cpp	659	use of undeclared identifier 'D3DRS_LIGHTING'
W/R: DirectX	source/standalone/rw/pipeline.cpp	664	use of undeclared identifier 'D3DRS_DITHERENABLE'
W/R: DirectX	source/standalone/rw/pipeline.cpp	665	use of undeclared identifier 'D3DRS_SHADEMODE'
W/R: DirectX	source/standalone/rw/pipeline.cpp	667	use of undeclared identifier 'D3DRS_TEXTUREFACTOR'
W/R: DirectX	source/standalone/rw/pipeline.cpp	668	use of undeclared identifier 'D3DRS_DITHERENABLE'
W/R: DirectX	source/standalone/rw/pipeline.cpp	669	use of undeclared identifier 'D3DRS_SHADEMODE'
W/R: DirectX	source/standalone/rw/pipeline.cpp	669	use of undeclared identifier 'D3DSHADE_FLAT'
W/R: DirectX	source/standalone/rw/pipeline.cpp	670	use of undeclared identifier 'D3DTOP_SELECTARG2'
W/R: DirectX	source/standalone/rw/pipeline.cpp	670	use of undeclared identifier 'D3DTSS_COLOROP'
W/R: DirectX	source/standalone/rw/pipeline.cpp	671	use of undeclared identifier 'D3DTA_TEXTURE'
W/R: DirectX	source/standalone/rw/pipeline.cpp	671	use of undeclared identifier 'D3DTSS_COLORARG1'
W/R: DirectX	source/standalone/rw/pipeline.cpp	672	use of undeclared identifier 'D3DTA_TFACTOR'
W/R: DirectX	source/standalone/rw/pipeline.cpp	672	use of undeclared identifier 'D3DTSS_COLORARG2'
W/R: DirectX	source/standalone/rw/pipeline.cpp	673	use of undeclared identifier 'D3DTOP_SELECTARG2'
W/R: DirectX	source/standalone/rw/pipeline.cpp	673	use of undeclared identifier 'D3DTSS_ALPHAOP'
W/R: DirectX	source/standalone/rw/pipeline.cpp	674	use of undeclared identifier 'D3DTA_TEXTURE'
W/R: DirectX	source/standalone/rw/pipeline.cpp	674	use of undeclared identifier 'D3DTSS_ALPHAARG1'
W/R: DirectX	source/standalone/rw/pipeline.cpp	675	use of undeclared identifier 'D3DTA_TFACTOR'
W/R: DirectX	source/standalone/rw/pipeline.cpp	675	use of undeclared identifier 'D3DTSS_ALPHAARG2'
W/R: DirectX	source/standalone/rw/pipeline.cpp	686	use of undeclared identifier 'D3DTOP_MODULATE'
W/R: DirectX	source/standalone/rw/pipeline.cpp	686	use of undeclared identifier 'D3DTSS_ALPHAOP'
W/R: DirectX	source/standalone/rw/pipeline.cpp	690	use of undeclared identifier 'D3DTOP_SELECTARG2'
W/R: DirectX	source/standalone/rw/pipeline.cpp	690	use of undeclared identifier 'D3DTSS_ALPHAOP'
W/R: DirectX	source/standalone/rw/pipeline.cpp	695	use of undeclared identifier 'D3DRS_DITHERENABLE'
W/R: DirectX	source/standalone/rw/pipeline.cpp	696	use of undeclared identifier 'D3DRS_SHADEMODE'
W/R: DirectX	source/standalone/rw/pipeline.cpp	722	use of undeclared identifier 'D3DRS_TEXTUREFACTOR'
W/R: DirectX	source/standalone/rw/pipeline.cpp	735	use of undeclared identifier 'D3DTOP_MODULATE'
W/R: DirectX	source/standalone/rw/pipeline.cpp	735	use of undeclared identifier 'D3DTSS_COLOROP'
W/R: DirectX	source/standalone/rw/pipeline.cpp	736	use of undeclared identifier 'D3DTA_TEXTURE'
W/R: DirectX	source/standalone/rw/pipeline.cpp	736	use of undeclared identifier 'D3DTSS_COLORARG1'
W/R: DirectX	source/standalone/rw/pipeline.cpp	737	use of undeclared identifier 'D3DTA_DIFFUSE'
W/R: DirectX	source/standalone/rw/pipeline.cpp	737	use of undeclared identifier 'D3DTSS_COLORARG2'
W/R: DirectX	source/standalone/rw/pipeline.cpp	738	use of undeclared identifier 'D3DTOP_MODULATE'
W/R: DirectX	source/standalone/rw/pipeline.cpp	738	use of undeclared identifier 'D3DTSS_ALPHAOP'
W/R: DirectX	source/standalone/rw/pipeline.cpp	739	use of undeclared identifier 'D3DTA_TEXTURE'
W/R: DirectX	source/standalone/rw/pipeline.cpp	739	use of undeclared identifier 'D3DTSS_ALPHAARG1'
W/R: DirectX	source/standalone/rw/pipeline.cpp	740	use of undeclared identifier 'D3DTA_DIFFUSE'
W/R: DirectX	source/standalone/rw/pipeline.cpp	740	use of undeclared identifier 'D3DTSS_ALPHAARG2'
W/R: DirectX	source/standalone/rw/pipeline.cpp	743	use of undeclared identifier 'D3DTOP_MODULATE'
W/R: DirectX	source/standalone/rw/pipeline.cpp	743	use of undeclared identifier 'D3DTSS_COLOROP'
W/R: DirectX	source/standalone/rw/pipeline.cpp	744	use of undeclared identifier 'D3DTA_CURRENT'
W/R: DirectX	source/standalone/rw/pipeline.cpp	744	use of undeclared identifier 'D3DTSS_COLORARG1'
W/R: DirectX	source/standalone/rw/pipeline.cpp	745	use of undeclared identifier 'D3DTA_TFACTOR'
W/R: DirectX	source/standalone/rw/pipeline.cpp	745	use of undeclared identifier 'D3DTSS_COLORARG2'
W/R: DirectX	source/standalone/rw/pipeline.cpp	746	use of undeclared identifier 'D3DTOP_MODULATE'
W/R: DirectX	source/standalone/rw/pipeline.cpp	746	use of undeclared identifier 'D3DTSS_ALPHAOP'
W/R: DirectX	source/standalone/rw/pipeline.cpp	747	use of undeclared identifier 'D3DTA_CURRENT'
W/R: DirectX	source/standalone/rw/pipeline.cpp	747	use of undeclared identifier 'D3DTSS_ALPHAARG1'
W/R: DirectX	source/standalone/rw/pipeline.cpp	748	use of undeclared identifier 'D3DTA_TFACTOR'
W/R: DirectX	source/standalone/rw/pipeline.cpp	748	use of undeclared identifier 'D3DTSS_ALPHAARG2'
W/R: DirectX	source/standalone/rw/pipeline.cpp	750	use of undeclared identifier 'D3DTOP_DISABLE'
W/R: DirectX	source/standalone/rw/pipeline.cpp	750	use of undeclared identifier 'D3DTSS_COLOROP'
W/R: DirectX	source/standalone/rw/pipeline.cpp	751	use of undeclared identifier 'D3DTOP_DISABLE'
W/R: DirectX	source/standalone/rw/pipeline.cpp	751	use of undeclared identifier 'D3DTSS_ALPHAOP'
W/R: DirectX	source/standalone/rw/pipeline.cpp	755	use of undeclared identifier 'D3DTOP_MODULATE'
W/R: DirectX	source/standalone/rw/pipeline.cpp	755	use of undeclared identifier 'D3DTSS_COLOROP'
W/R: DirectX	source/standalone/rw/pipeline.cpp	756	use of undeclared identifier 'D3DTA_DIFFUSE'
W/R: DirectX	source/standalone/rw/pipeline.cpp	756	use of undeclared identifier 'D3DTSS_COLORARG1'
W/R: DirectX	source/standalone/rw/pipeline.cpp	757	use of undeclared identifier 'D3DTA_TFACTOR'
W/R: DirectX	source/standalone/rw/pipeline.cpp	757	use of undeclared identifier 'D3DTSS_COLORARG2'
W/R: DirectX	source/standalone/rw/pipeline.cpp	758	use of undeclared identifier 'D3DTOP_MODULATE'
W/R: DirectX	source/standalone/rw/pipeline.cpp	758	use of undeclared identifier 'D3DTSS_ALPHAOP'
W/R: DirectX	source/standalone/rw/pipeline.cpp	759	use of undeclared identifier 'D3DTA_DIFFUSE'
W/R: DirectX	source/standalone/rw/pipeline.cpp	759	use of undeclared identifier 'D3DTSS_ALPHAARG1'
W/R: DirectX	source/standalone/rw/pipeline.cpp	760	use of undeclared identifier 'D3DTA_TFACTOR'
W/R: DirectX	source/standalone/rw/pipeline.cpp	760	use of undeclared identifier 'D3DTSS_ALPHAARG2'
W/R: DirectX	source/standalone/rw/pipeline.cpp	762	use of undeclared identifier 'D3DTOP_SELECTARG2'
W/R: DirectX	source/standalone/rw/pipeline.cpp	762	use of undeclared identifier 'D3DTSS_COLOROP'
W/R: DirectX	source/standalone/rw/pipeline.cpp	763	use of undeclared identifier 'D3DTA_DIFFUSE'
W/R: DirectX	source/standalone/rw/pipeline.cpp	763	use of undeclared identifier 'D3DTSS_COLORARG2'
W/R: DirectX	source/standalone/rw/pipeline.cpp	764	use of undeclared identifier 'D3DTOP_SELECTARG2'
W/R: DirectX	source/standalone/rw/pipeline.cpp	764	use of undeclared identifier 'D3DTSS_ALPHAOP'
W/R: DirectX	source/standalone/rw/pipeline.cpp	765	use of undeclared identifier 'D3DTA_DIFFUSE'
W/R: DirectX	source/standalone/rw/pipeline.cpp	765	use of undeclared identifier 'D3DTSS_ALPHAARG2'
W/R: DirectX	source/standalone/rw/pipeline.cpp	768	use of undeclared identifier 'D3DTOP_DISABLE'
W/R: DirectX	source/standalone/rw/pipeline.cpp	768	use of undeclared identifier 'D3DTSS_COLOROP'
W/R: DirectX	source/standalone/rw/pipeline.cpp	769	use of undeclared identifier 'D3DTOP_DISABLE'
W/R: DirectX	source/standalone/rw/pipeline.cpp	769	use of undeclared identifier 'D3DTSS_ALPHAOP'
W/R: DirectX	source/standalone/rw/pipeline.cpp	777	use of undeclared identifier 'D3DTOP_DISABLE'
W/R: DirectX	source/standalone/rw/pipeline.cpp	777	use of undeclared identifier 'D3DTSS_COLOROP'
W/R: DirectX	source/standalone/rw/pipeline.cpp	778	use of undeclared identifier 'D3DTOP_DISABLE'
W/R: DirectX	source/standalone/rw/pipeline.cpp	778	use of undeclared identifier 'D3DTSS_ALPHAOP'
W/R: DirectX	source/standalone/rw/pipeline.cpp	835	unknown type name 'D3DMATRIX'
W/R: DirectX	source/standalone/rw/pipeline.cpp	845	use of undeclared identifier 'D3DTS_WORLD'
W/R: DirectX	source/standalone/rw/pipeline.cpp	858	use of undeclared identifier 'D3DRS_LIGHTING'
W/R: DirectX	source/standalone/rw/pipeline.cpp	867	use of undeclared identifier 'D3DRS_NORMALIZENORMALS'
W/R: DirectX	source/standalone/rw/pipeline.cpp	1079	use of undeclared identifier 'D3DRS_CLIPPING'
W/R: DirectX	source/standalone/rw/pipeline_matfx.cpp	76	unknown type name 'D3DMATRIX'
W/R: DirectX	source/standalone/rw/pipeline_matfx.cpp	87	use of undeclared identifier 'D3DMATRIX'
W/R: DirectX	source/standalone/rw/pipeline_matfx.cpp	103	use of undeclared identifier 'D3DTSS_TEXTURETRANSFORMFLAGS'
W/R: DirectX	source/standalone/rw/pipeline_matfx.cpp	103	use of undeclared identifier 'D3DTTFF_COUNT2'
W/R: DirectX	source/standalone/rw/pipeline_matfx.cpp	110	use of undeclared identifier 'D3DTS_TEXTURE0'
W/R: DirectX	source/standalone/rw/pipeline_matfx.cpp	135	use of undeclared identifier 'D3DTOP_DISABLE'
W/R: DirectX	source/standalone/rw/pipeline_matfx.cpp	135	use of undeclared identifier 'D3DTSS_COLOROP'
W/R: DirectX	source/standalone/rw/pipeline_matfx.cpp	136	use of undeclared identifier 'D3DTOP_DISABLE'
W/R: DirectX	source/standalone/rw/pipeline_matfx.cpp	136	use of undeclared identifier 'D3DTSS_ALPHAOP'
W/R: DirectX	source/standalone/rw/pipeline_matfx.cpp	141	use of undeclared identifier 'D3DTOP_MODULATE'
W/R: DirectX	source/standalone/rw/pipeline_matfx.cpp	141	use of undeclared identifier 'D3DTSS_COLOROP'
W/R: DirectX	source/standalone/rw/pipeline_matfx.cpp	142	use of undeclared identifier 'D3DTA_TEXTURE'
W/R: DirectX	source/standalone/rw/pipeline_matfx.cpp	142	use of undeclared identifier 'D3DTSS_COLORARG1'
W/R: DirectX	source/standalone/rw/pipeline_matfx.cpp	143	use of undeclared identifier 'D3DTA_DIFFUSE'
W/R: DirectX	source/standalone/rw/pipeline_matfx.cpp	143	use of undeclared identifier 'D3DTSS_COLORARG2'
W/R: DirectX	source/standalone/rw/pipeline_matfx.cpp	144	use of undeclared identifier 'D3DTOP_MODULATE'
W/R: DirectX	source/standalone/rw/pipeline_matfx.cpp	144	use of undeclared identifier 'D3DTSS_ALPHAOP'
W/R: DirectX	source/standalone/rw/pipeline_matfx.cpp	145	use of undeclared identifier 'D3DTA_TEXTURE'
W/R: DirectX	source/standalone/rw/pipeline_matfx.cpp	145	use of undeclared identifier 'D3DTSS_ALPHAARG1'
W/R: DirectX	source/standalone/rw/pipeline_matfx.cpp	146	use of undeclared identifier 'D3DTA_DIFFUSE'
W/R: DirectX	source/standalone/rw/pipeline_matfx.cpp	146	use of undeclared identifier 'D3DTSS_ALPHAARG2'
W/R: DirectX	source/standalone/rw/pipeline_matfx.cpp	150	use of undeclared identifier 'D3DTOP_SELECTARG2'
W/R: DirectX	source/standalone/rw/pipeline_matfx.cpp	150	use of undeclared identifier 'D3DTSS_COLOROP'
W/R: DirectX	source/standalone/rw/pipeline_matfx.cpp	151	use of undeclared identifier 'D3DTA_DIFFUSE'
W/R: DirectX	source/standalone/rw/pipeline_matfx.cpp	151	use of undeclared identifier 'D3DTSS_COLORARG2'
W/R: DirectX	source/standalone/rw/pipeline_matfx.cpp	152	use of undeclared identifier 'D3DTOP_SELECTARG2'
W/R: DirectX	source/standalone/rw/pipeline_matfx.cpp	152	use of undeclared identifier 'D3DTSS_ALPHAOP'
W/R: DirectX	source/standalone/rw/pipeline_matfx.cpp	153	use of undeclared identifier 'D3DTA_DIFFUSE'
W/R: DirectX	source/standalone/rw/pipeline_matfx.cpp	153	use of undeclared identifier 'D3DTSS_ALPHAARG2'
W/R: DirectX	source/standalone/rw/pipeline_matfx.cpp	174	use of undeclared identifier 'D3DTSS_TEXTURETRANSFORMFLAGS'
W/R: DirectX	source/standalone/rw/pipeline_matfx.cpp	174	use of undeclared identifier 'D3DTTFF_DISABLE'
W/R: DirectX	source/standalone/rw/pipeline_matfx.cpp	182	use of undeclared identifier 'D3DTSS_COLOROP'
W/R: DirectX	source/standalone/rw/pipeline_matfx.cpp	183	use of undeclared identifier 'D3DTSS_COLORARG1'
W/R: DirectX	source/standalone/rw/pipeline_matfx.cpp	184	use of undeclared identifier 'D3DTSS_COLORARG2'
W/R: DirectX	source/standalone/rw/pipeline_matfx.cpp	185	use of undeclared identifier 'D3DTSS_ALPHAOP'
W/R: DirectX	source/standalone/rw/pipeline_matfx.cpp	186	use of undeclared identifier 'D3DTSS_ALPHAARG1'
W/R: DirectX	source/standalone/rw/pipeline_matfx.cpp	187	use of undeclared identifier 'D3DTSS_ALPHAARG2'
other: undeclared/unknown identifier	source/standalone/rw/pipeline_matfx.cpp	193	no member named 'd3ddevice' in namespace 'rw::d3d'
W/R: DirectX	source/standalone/rw/pipeline_matfx.cpp	237	use of undeclared identifier 'D3DTOP_SELECTARG1'
W/R: DirectX	source/standalone/rw/pipeline_matfx.cpp	237	use of undeclared identifier 'D3DTSS_COLOROP'
W/R: DirectX	source/standalone/rw/pipeline_matfx.cpp	238	use of undeclared identifier 'D3DTA_TEXTURE'
W/R: DirectX	source/standalone/rw/pipeline_matfx.cpp	238	use of undeclared identifier 'D3DTSS_COLORARG1'
W/R: DirectX	source/standalone/rw/pipeline_matfx.cpp	239	use of undeclared identifier 'D3DTOP_SELECTARG1'
W/R: DirectX	source/standalone/rw/pipeline_matfx.cpp	239	use of undeclared identifier 'D3DTSS_ALPHAOP'
W/R: DirectX	source/standalone/rw/pipeline_matfx.cpp	240	use of undeclared identifier 'D3DTA_TEXTURE'
W/R: DirectX	source/standalone/rw/pipeline_matfx.cpp	240	use of undeclared identifier 'D3DTSS_ALPHAARG1'
W/R: DirectX	source/standalone/rw/pipeline_matfx.cpp	241	use of undeclared identifier 'D3DTOP_MODULATE'
W/R: DirectX	source/standalone/rw/pipeline_matfx.cpp	241	use of undeclared identifier 'D3DTSS_COLOROP'
W/R: DirectX	source/standalone/rw/pipeline_matfx.cpp	242	use of undeclared identifier 'D3DTA_TEXTURE'
W/R: DirectX	source/standalone/rw/pipeline_matfx.cpp	242	use of undeclared identifier 'D3DTSS_COLORARG1'
W/R: DirectX	source/standalone/rw/pipeline_matfx.cpp	243	use of undeclared identifier 'D3DTA_CURRENT'
W/R: DirectX	source/standalone/rw/pipeline_matfx.cpp	243	use of undeclared identifier 'D3DTSS_COLORARG2'
W/R: DirectX	source/standalone/rw/pipeline_matfx.cpp	244	use of undeclared identifier 'D3DTOP_SELECTARG2'
W/R: DirectX	source/standalone/rw/pipeline_matfx.cpp	244	use of undeclared identifier 'D3DTSS_ALPHAOP'
W/R: DirectX	source/standalone/rw/pipeline_matfx.cpp	245	use of undeclared identifier 'D3DTA_CURRENT'
W/R: DirectX	source/standalone/rw/pipeline_matfx.cpp	245	use of undeclared identifier 'D3DTSS_ALPHAARG2'
W/R: DirectX	source/standalone/rw/pipeline_matfx.cpp	246	use of undeclared identifier 'D3DTA_CURRENT'
W/R: DirectX	source/standalone/rw/pipeline_matfx.cpp	246	use of undeclared identifier 'D3DTA_DIFFUSE'
W/R: DirectX	source/standalone/rw/pipeline_matfx.cpp	246	use of undeclared identifier 'D3DTOP_MODULATE'
W/R: DirectX	source/standalone/rw/pipeline_matfx.cpp	248	use of undeclared identifier 'D3DTOP_MODULATE'
W/R: DirectX	source/standalone/rw/pipeline_matfx.cpp	248	use of undeclared identifier 'D3DTSS_COLOROP'
W/R: DirectX	source/standalone/rw/pipeline_matfx.cpp	249	use of undeclared identifier 'D3DTA_TEXTURE'
W/R: DirectX	source/standalone/rw/pipeline_matfx.cpp	249	use of undeclared identifier 'D3DTSS_COLORARG1'
W/R: DirectX	source/standalone/rw/pipeline_matfx.cpp	250	use of undeclared identifier 'D3DTA_CURRENT'
W/R: DirectX	source/standalone/rw/pipeline_matfx.cpp	250	use of undeclared identifier 'D3DTSS_COLORARG2'
W/R: DirectX	source/standalone/rw/pipeline_matfx.cpp	251	use of undeclared identifier 'D3DTOP_SELECTARG2'
W/R: DirectX	source/standalone/rw/pipeline_matfx.cpp	251	use of undeclared identifier 'D3DTSS_ALPHAOP'
W/R: DirectX	source/standalone/rw/pipeline_matfx.cpp	252	use of undeclared identifier 'D3DTA_CURRENT'
W/R: DirectX	source/standalone/rw/pipeline_matfx.cpp	252	use of undeclared identifier 'D3DTSS_ALPHAARG2'
W/R: DirectX	source/standalone/rw/pipeline_matfx.cpp	259	use of undeclared identifier 'D3DRS_TEXTUREFACTOR'
W/R: DirectX	source/standalone/rw/pipeline_matfx.cpp	261	use of undeclared identifier 'D3DTOP_BLENDTEXTUREALPHA'
W/R: DirectX	source/standalone/rw/pipeline_matfx.cpp	261	use of undeclared identifier 'D3DTSS_COLOROP'
W/R: DirectX	source/standalone/rw/pipeline_matfx.cpp	262	use of undeclared identifier 'D3DTA_TEXTURE'
W/R: DirectX	source/standalone/rw/pipeline_matfx.cpp	262	use of undeclared identifier 'D3DTSS_COLORARG1'
W/R: DirectX	source/standalone/rw/pipeline_matfx.cpp	263	use of undeclared identifier 'D3DTA_TFACTOR'
W/R: DirectX	source/standalone/rw/pipeline_matfx.cpp	263	use of undeclared identifier 'D3DTSS_COLORARG2'
W/R: DirectX	source/standalone/rw/pipeline_matfx.cpp	264	use of undeclared identifier 'D3DTOP_MODULATE'
W/R: DirectX	source/standalone/rw/pipeline_matfx.cpp	264	use of undeclared identifier 'D3DTSS_COLOROP'
W/R: DirectX	source/standalone/rw/pipeline_matfx.cpp	265	use of undeclared identifier 'D3DTA_DIFFUSE'
W/R: DirectX	source/standalone/rw/pipeline_matfx.cpp	265	use of undeclared identifier 'D3DTSS_COLORARG1'
W/R: DirectX	source/standalone/rw/pipeline_matfx.cpp	266	use of undeclared identifier 'D3DTA_CURRENT'
W/R: DirectX	source/standalone/rw/pipeline_matfx.cpp	266	use of undeclared identifier 'D3DTSS_COLORARG2'
W/R: DirectX	source/standalone/rw/pipeline_matfx.cpp	267	use of undeclared identifier 'D3DTOP_MODULATE'
W/R: DirectX	source/standalone/rw/pipeline_matfx.cpp	267	use of undeclared identifier 'D3DTSS_ALPHAOP'
W/R: DirectX	source/standalone/rw/pipeline_matfx.cpp	268	use of undeclared identifier 'D3DTA_DIFFUSE'
W/R: DirectX	source/standalone/rw/pipeline_matfx.cpp	268	use of undeclared identifier 'D3DTSS_ALPHAARG1'
W/R: DirectX	source/standalone/rw/pipeline_matfx.cpp	269	use of undeclared identifier 'D3DTA_CURRENT'
W/R: DirectX	source/standalone/rw/pipeline_matfx.cpp	269	use of undeclared identifier 'D3DTSS_ALPHAARG2'
W/R: DirectX	source/standalone/rw/pipeline_matfx.cpp	273	use of undeclared identifier 'D3DTOP_SELECTARG1'
W/R: DirectX	source/standalone/rw/pipeline_matfx.cpp	273	use of undeclared identifier 'D3DTSS_COLOROP'
W/R: DirectX	source/standalone/rw/pipeline_matfx.cpp	274	use of undeclared identifier 'D3DTA_TEXTURE'
W/R: DirectX	source/standalone/rw/pipeline_matfx.cpp	274	use of undeclared identifier 'D3DTSS_COLORARG1'
W/R: DirectX	source/standalone/rw/pipeline_matfx.cpp	275	use of undeclared identifier 'D3DTOP_SELECTARG1'
W/R: DirectX	source/standalone/rw/pipeline_matfx.cpp	275	use of undeclared identifier 'D3DTSS_ALPHAOP'
W/R: DirectX	source/standalone/rw/pipeline_matfx.cpp	276	use of undeclared identifier 'D3DTA_TEXTURE'
W/R: DirectX	source/standalone/rw/pipeline_matfx.cpp	276	use of undeclared identifier 'D3DTSS_ALPHAARG1'
W/R: DirectX	source/standalone/rw/pipeline_matfx.cpp	277	use of undeclared identifier 'D3DTA_CURRENT'
W/R: DirectX	source/standalone/rw/pipeline_matfx.cpp	277	use of undeclared identifier 'D3DTA_TEXTURE'
W/R: DirectX	source/standalone/rw/pipeline_matfx.cpp	277	use of undeclared identifier 'D3DTOP_BLENDTEXTUREALPHA'
W/R: DirectX	source/standalone/rw/pipeline_matfx.cpp	278	use of undeclared identifier 'D3DTA_CURRENT'
W/R: DirectX	source/standalone/rw/pipeline_matfx.cpp	278	use of undeclared identifier 'D3DTA_DIFFUSE'
W/R: DirectX	source/standalone/rw/pipeline_matfx.cpp	278	use of undeclared identifier 'D3DTOP_MODULATE'
W/R: DirectX	source/standalone/rw/pipeline_matfx.cpp	286	use of undeclared identifier 'D3DTOP_MODULATE2X'
W/R: DirectX	source/standalone/rw/pipeline_matfx.cpp	286	use of undeclared identifier 'D3DTSS_COLOROP'
W/R: DirectX	source/standalone/rw/pipeline_matfx.cpp	287	use of undeclared identifier 'D3DTOP_SELECTARG2'
W/R: DirectX	source/standalone/rw/pipeline_matfx.cpp	287	use of undeclared identifier 'D3DTSS_ALPHAOP'
W/R: DirectX	source/standalone/rw/pipeline_matfx.cpp	288	use of undeclared identifier 'D3DTA_DIFFUSE'
W/R: DirectX	source/standalone/rw/pipeline_matfx.cpp	288	use of undeclared identifier 'D3DTSS_ALPHAARG2'
W/R: DirectX	source/standalone/rw/pipeline_matfx.cpp	291	use of undeclared identifier 'D3DTOP_MODULATE2X'
W/R: DirectX	source/standalone/rw/pipeline_matfx.cpp	291	use of undeclared identifier 'D3DTSS_COLOROP'
W/R: DirectX	source/standalone/rw/pipeline_matfx.cpp	292	use of undeclared identifier 'D3DTA_TEXTURE'
W/R: DirectX	source/standalone/rw/pipeline_matfx.cpp	292	use of undeclared identifier 'D3DTSS_COLORARG1'
W/R: DirectX	source/standalone/rw/pipeline_matfx.cpp	293	use of undeclared identifier 'D3DTA_CURRENT'
W/R: DirectX	source/standalone/rw/pipeline_matfx.cpp	293	use of undeclared identifier 'D3DTSS_COLORARG2'
W/R: DirectX	source/standalone/rw/pipeline_matfx.cpp	295	use of undeclared identifier 'D3DTOP_SELECTARG1'
W/R: DirectX	source/standalone/rw/pipeline_matfx.cpp	295	use of undeclared identifier 'D3DTSS_COLOROP'
W/R: DirectX	source/standalone/rw/pipeline_matfx.cpp	296	use of undeclared identifier 'D3DTA_TEXTURE'
W/R: DirectX	source/standalone/rw/pipeline_matfx.cpp	296	use of undeclared identifier 'D3DTSS_COLORARG1'
W/R: DirectX	source/standalone/rw/pipeline_matfx.cpp	297	use of undeclared identifier 'D3DTOP_SELECTARG1'
W/R: DirectX	source/standalone/rw/pipeline_matfx.cpp	297	use of undeclared identifier 'D3DTSS_ALPHAOP'
W/R: DirectX	source/standalone/rw/pipeline_matfx.cpp	298	use of undeclared identifier 'D3DTA_TEXTURE'
W/R: DirectX	source/standalone/rw/pipeline_matfx.cpp	298	use of undeclared identifier 'D3DTSS_ALPHAARG1'
W/R: DirectX	source/standalone/rw/pipeline_matfx.cpp	299	use of undeclared identifier 'D3DTOP_SELECTARG2'
W/R: DirectX	source/standalone/rw/pipeline_matfx.cpp	299	use of undeclared identifier 'D3DTSS_ALPHAOP'
W/R: DirectX	source/standalone/rw/pipeline_matfx.cpp	300	use of undeclared identifier 'D3DTA_CURRENT'
W/R: DirectX	source/standalone/rw/pipeline_matfx.cpp	300	use of undeclared identifier 'D3DTSS_ALPHAARG2'
W/R: DirectX	source/standalone/rw/pipeline_matfx.cpp	301	use of undeclared identifier 'D3DTA_CURRENT'
W/R: DirectX	source/standalone/rw/pipeline_matfx.cpp	301	use of undeclared identifier 'D3DTA_DIFFUSE'
W/R: DirectX	source/standalone/rw/pipeline_matfx.cpp	301	use of undeclared identifier 'D3DTOP_MODULATE'
W/R: DirectX	source/standalone/rw/pipeline_matfx.cpp	303	use of undeclared identifier 'D3DTOP_SELECTARG2'
W/R: DirectX	source/standalone/rw/pipeline_matfx.cpp	303	use of undeclared identifier 'D3DTSS_ALPHAOP'
W/R: DirectX	source/standalone/rw/pipeline_matfx.cpp	304	use of undeclared identifier 'D3DTA_CURRENT'
W/R: DirectX	source/standalone/rw/pipeline_matfx.cpp	304	use of undeclared identifier 'D3DTSS_ALPHAARG2'
W/R: DirectX	source/standalone/rw/pipeline_matfx.cpp	313	use of undeclared identifier 'D3DTA_DIFFUSE'
W/R: DirectX	source/standalone/rw/pipeline_matfx.cpp	313	use of undeclared identifier 'D3DTA_TEXTURE'
W/R: DirectX	source/standalone/rw/pipeline_matfx.cpp	313	use of undeclared identifier 'D3DTOP_MODULATE'
W/R: DirectX	source/standalone/rw/pipeline_matfx.cpp	314	use of undeclared identifier 'D3DTOP_DISABLE'
W/R: DirectX	source/standalone/rw/pipeline_matfx.cpp	314	use of undeclared identifier 'D3DTSS_COLOROP'
W/R: DirectX	source/standalone/rw/pipeline_matfx.cpp	315	use of undeclared identifier 'D3DTOP_DISABLE'
W/R: DirectX	source/standalone/rw/pipeline_matfx.cpp	315	use of undeclared identifier 'D3DTSS_ALPHAOP'
W/R: DirectX	source/standalone/rw/pipeline_matfx.cpp	316	use of undeclared identifier 'D3DTOP_DISABLE'
W/R: DirectX	source/standalone/rw/pipeline_matfx.cpp	316	use of undeclared identifier 'D3DTSS_COLOROP'
W/R: DirectX	source/standalone/rw/pipeline_matfx.cpp	317	use of undeclared identifier 'D3DTOP_DISABLE'
W/R: DirectX	source/standalone/rw/pipeline_matfx.cpp	317	use of undeclared identifier 'D3DTSS_ALPHAOP'
W/R: DirectX	source/standalone/rw/pipeline_matfx.cpp	330	use of undeclared identifier 'D3DTOP_SELECTARG2'
W/R: DirectX	source/standalone/rw/pipeline_matfx.cpp	330	use of undeclared identifier 'D3DTSS_ALPHAOP'
W/R: DirectX	source/standalone/rw/pipeline_matfx.cpp	331	use of undeclared identifier 'D3DTA_DIFFUSE'
W/R: DirectX	source/standalone/rw/pipeline_matfx.cpp	331	use of undeclared identifier 'D3DTSS_ALPHAARG2'
W/R: DirectX	source/standalone/rw/pipeline_matfx.cpp	332	use of undeclared identifier 'D3DTOP_ADD'
W/R: DirectX	source/standalone/rw/pipeline_matfx.cpp	332	use of undeclared identifier 'D3DTSS_COLOROP'
W/R: DirectX	source/standalone/rw/pipeline_matfx.cpp	333	use of undeclared identifier 'D3DTA_DIFFUSE'
W/R: DirectX	source/standalone/rw/pipeline_matfx.cpp	333	use of undeclared identifier 'D3DTSS_COLORARG1'
W/R: DirectX	source/standalone/rw/pipeline_matfx.cpp	334	use of undeclared identifier 'D3DTA_CURRENT'
W/R: DirectX	source/standalone/rw/pipeline_matfx.cpp	334	use of undeclared identifier 'D3DTSS_COLORARG2'
W/R: DirectX	source/standalone/rw/pipeline_matfx.cpp	335	use of undeclared identifier 'D3DTOP_SELECTARG2'
W/R: DirectX	source/standalone/rw/pipeline_matfx.cpp	335	use of undeclared identifier 'D3DTSS_ALPHAOP'
W/R: DirectX	source/standalone/rw/pipeline_matfx.cpp	336	use of undeclared identifier 'D3DTA_CURRENT'
W/R: DirectX	source/standalone/rw/pipeline_matfx.cpp	336	use of undeclared identifier 'D3DTSS_ALPHAARG2'
W/R: DirectX	source/standalone/rw/pipeline_matfx.cpp	340	use of undeclared identifier 'D3DTOP_MULTIPLYADD'
W/R: DirectX	source/standalone/rw/pipeline_matfx.cpp	340	use of undeclared identifier 'D3DTSS_COLOROP'
W/R: DirectX	source/standalone/rw/pipeline_matfx.cpp	341	use of undeclared identifier 'D3DTA_CURRENT'
W/R: DirectX	source/standalone/rw/pipeline_matfx.cpp	341	use of undeclared identifier 'D3DTSS_COLORARG0'
W/R: DirectX	source/standalone/rw/pipeline_matfx.cpp	342	use of undeclared identifier 'D3DTA_TEXTURE'
W/R: DirectX	source/standalone/rw/pipeline_matfx.cpp	342	use of undeclared identifier 'D3DTSS_COLORARG1'
W/R: DirectX	source/standalone/rw/pipeline_matfx.cpp	343	use of undeclared identifier 'D3DTA_DIFFUSE'
W/R: DirectX	source/standalone/rw/pipeline_matfx.cpp	343	use of undeclared identifier 'D3DTSS_COLORARG2'
W/R: DirectX	source/standalone/rw/pipeline_matfx.cpp	344	use of undeclared identifier 'D3DTOP_SELECTARG2'
W/R: DirectX	source/standalone/rw/pipeline_matfx.cpp	344	use of undeclared identifier 'D3DTSS_ALPHAOP'
W/R: DirectX	source/standalone/rw/pipeline_matfx.cpp	345	use of undeclared identifier 'D3DTA_CURRENT'
W/R: DirectX	source/standalone/rw/pipeline_matfx.cpp	345	use of undeclared identifier 'D3DTSS_ALPHAARG2'
W/R: DirectX	source/standalone/rw/pipeline_matfx.cpp	352	use of undeclared identifier 'D3DTOP_MODULATE'
W/R: DirectX	source/standalone/rw/pipeline_matfx.cpp	352	use of undeclared identifier 'D3DTSS_COLOROP'
W/R: DirectX	source/standalone/rw/pipeline_matfx.cpp	353	use of undeclared identifier 'D3DTA_ALPHAREPLICATE'
W/R: DirectX	source/standalone/rw/pipeline_matfx.cpp	353	use of undeclared identifier 'D3DTA_TEXTURE'
W/R: DirectX	source/standalone/rw/pipeline_matfx.cpp	353	use of undeclared identifier 'D3DTSS_COLORARG1'
W/R: DirectX	source/standalone/rw/pipeline_matfx.cpp	354	use of undeclared identifier 'D3DTA_DIFFUSE'
W/R: DirectX	source/standalone/rw/pipeline_matfx.cpp	354	use of undeclared identifier 'D3DTSS_COLORARG2'
W/R: DirectX	source/standalone/rw/pipeline_matfx.cpp	355	use of undeclared identifier 'D3DTOP_SELECTARG2'
W/R: DirectX	source/standalone/rw/pipeline_matfx.cpp	355	use of undeclared identifier 'D3DTSS_ALPHAOP'
W/R: DirectX	source/standalone/rw/pipeline_matfx.cpp	356	use of undeclared identifier 'D3DTA_DIFFUSE'
W/R: DirectX	source/standalone/rw/pipeline_matfx.cpp	356	use of undeclared identifier 'D3DTSS_ALPHAARG2'
W/R: DirectX	source/standalone/rw/pipeline_matfx.cpp	361	use of undeclared identifier 'D3DTOP_SELECTARG1'
W/R: DirectX	source/standalone/rw/pipeline_matfx.cpp	361	use of undeclared identifier 'D3DTSS_COLOROP'
W/R: DirectX	source/standalone/rw/pipeline_matfx.cpp	362	use of undeclared identifier 'D3DTA_TEXTURE'
W/R: DirectX	source/standalone/rw/pipeline_matfx.cpp	362	use of undeclared identifier 'D3DTSS_COLORARG1'
W/R: DirectX	source/standalone/rw/pipeline_matfx.cpp	363	use of undeclared identifier 'D3DTOP_SELECTARG1'
W/R: DirectX	source/standalone/rw/pipeline_matfx.cpp	363	use of undeclared identifier 'D3DTSS_ALPHAOP'
W/R: DirectX	source/standalone/rw/pipeline_matfx.cpp	364	use of undeclared identifier 'D3DTA_TEXTURE'
W/R: DirectX	source/standalone/rw/pipeline_matfx.cpp	364	use of undeclared identifier 'D3DTSS_ALPHAARG1'
W/R: DirectX	source/standalone/rw/pipeline_matfx.cpp	365	use of undeclared identifier 'D3DTOP_MODULATE'
W/R: DirectX	source/standalone/rw/pipeline_matfx.cpp	365	use of undeclared identifier 'D3DTSS_COLOROP'
W/R: DirectX	source/standalone/rw/pipeline_matfx.cpp	366	use of undeclared identifier 'D3DTA_ALPHAREPLICATE'
W/R: DirectX	source/standalone/rw/pipeline_matfx.cpp	366	use of undeclared identifier 'D3DTA_TEXTURE'
W/R: DirectX	source/standalone/rw/pipeline_matfx.cpp	366	use of undeclared identifier 'D3DTSS_COLORARG1'
W/R: DirectX	source/standalone/rw/pipeline_matfx.cpp	367	use of undeclared identifier 'D3DTA_CURRENT'
W/R: DirectX	source/standalone/rw/pipeline_matfx.cpp	367	use of undeclared identifier 'D3DTSS_COLORARG2'
W/R: DirectX	source/standalone/rw/pipeline_matfx.cpp	368	use of undeclared identifier 'D3DTOP_SELECTARG2'
W/R: DirectX	source/standalone/rw/pipeline_matfx.cpp	368	use of undeclared identifier 'D3DTSS_ALPHAOP'
W/R: DirectX	source/standalone/rw/pipeline_matfx.cpp	369	use of undeclared identifier 'D3DTA_CURRENT'
W/R: DirectX	source/standalone/rw/pipeline_matfx.cpp	369	use of undeclared identifier 'D3DTSS_ALPHAARG2'
W/R: DirectX	source/standalone/rw/pipeline_matfx.cpp	370	use of undeclared identifier 'D3DTA_CURRENT'
W/R: DirectX	source/standalone/rw/pipeline_matfx.cpp	370	use of undeclared identifier 'D3DTA_DIFFUSE'
W/R: DirectX	source/standalone/rw/pipeline_matfx.cpp	370	use of undeclared identifier 'D3DTOP_MODULATE'
W/R: DirectX	source/standalone/rw/pipeline_matfx.cpp	372	use of undeclared identifier 'D3DTOP_MODULATE'
W/R: DirectX	source/standalone/rw/pipeline_matfx.cpp	372	use of undeclared identifier 'D3DTSS_COLOROP'
W/R: DirectX	source/standalone/rw/pipeline_matfx.cpp	373	use of undeclared identifier 'D3DTA_ALPHAREPLICATE'
W/R: DirectX	source/standalone/rw/pipeline_matfx.cpp	373	use of undeclared identifier 'D3DTA_TEXTURE'
W/R: DirectX	source/standalone/rw/pipeline_matfx.cpp	373	use of undeclared identifier 'D3DTSS_COLORARG1'
W/R: DirectX	source/standalone/rw/pipeline_matfx.cpp	374	use of undeclared identifier 'D3DTA_CURRENT'
W/R: DirectX	source/standalone/rw/pipeline_matfx.cpp	374	use of undeclared identifier 'D3DTSS_COLORARG2'
W/R: DirectX	source/standalone/rw/pipeline_matfx.cpp	375	use of undeclared identifier 'D3DTOP_SELECTARG2'
W/R: DirectX	source/standalone/rw/pipeline_matfx.cpp	375	use of undeclared identifier 'D3DTSS_ALPHAOP'
W/R: DirectX	source/standalone/rw/pipeline_matfx.cpp	376	use of undeclared identifier 'D3DTA_CURRENT'
W/R: DirectX	source/standalone/rw/pipeline_matfx.cpp	376	use of undeclared identifier 'D3DTSS_ALPHAARG2'
W/R: DirectX	source/standalone/rw/pipeline_matfx.cpp	385	use of undeclared identifier 'D3DTSS_TEXCOORDINDEX'
W/R: DirectX	source/standalone/rw/pipeline_matfx.cpp	396	use of undeclared identifier 'D3DTOP_MODULATE'
W/R: DirectX	source/standalone/rw/pipeline_matfx.cpp	396	use of undeclared identifier 'D3DTSS_COLOROP'
W/R: DirectX	source/standalone/rw/pipeline_matfx.cpp	397	use of undeclared identifier 'D3DTA_TEXTURE'
W/R: DirectX	source/standalone/rw/pipeline_matfx.cpp	397	use of undeclared identifier 'D3DTSS_COLORARG1'
W/R: DirectX	source/standalone/rw/pipeline_matfx.cpp	398	use of undeclared identifier 'D3DTA_DIFFUSE'
W/R: DirectX	source/standalone/rw/pipeline_matfx.cpp	398	use of undeclared identifier 'D3DTSS_COLORARG2'
W/R: DirectX	source/standalone/rw/pipeline_matfx.cpp	400	use of undeclared identifier 'D3DTOP_DISABLE'
W/R: DirectX	source/standalone/rw/pipeline_matfx.cpp	400	use of undeclared identifier 'D3DTSS_COLOROP'
W/R: DirectX	source/standalone/rw/pipeline_matfx.cpp	401	use of undeclared identifier 'D3DTOP_DISABLE'
W/R: DirectX	source/standalone/rw/pipeline_matfx.cpp	401	use of undeclared identifier 'D3DTSS_ALPHAOP'
W/R: DirectX	source/standalone/rw/pipeline_matfx.cpp	403	use of undeclared identifier 'D3DTSS_TEXCOORDINDEX'
W/R: DirectX	source/standalone/rw/pipeline_matfx.cpp	415	use of undeclared identifier 'D3DRS_ALPHATESTENABLE'
W/R: DirectX	source/standalone/rw/pipeline_matfx.cpp	423	use of undeclared identifier 'D3DRS_ZWRITEENABLE'
W/R: DirectX	source/standalone/rw/pipeline_matfx.cpp	424	use of undeclared identifier 'D3DRS_ZWRITEENABLE'
W/R: DirectX	source/standalone/rw/pipeline_matfx.cpp	425	use of undeclared identifier 'D3DRS_FOGENABLE'
W/R: DirectX	source/standalone/rw/pipeline_matfx.cpp	427	use of undeclared identifier 'D3DRS_FOGCOLOR'
W/R: DirectX	source/standalone/rw/pipeline_matfx.cpp	429	use of undeclared identifier 'D3DRS_FOGCOLOR'
W/R: DirectX	source/standalone/rw/pipeline_matfx.cpp	431	use of undeclared identifier 'D3DRS_FOGCOLOR'
W/R: DirectX	source/standalone/rw/pipeline_matfx.cpp	436	use of undeclared identifier 'D3DTSS_TEXCOORDINDEX'
W/R: DirectX	source/standalone/rw/pipeline_matfx.cpp	439	use of undeclared identifier 'D3DRS_ZWRITEENABLE'
W/R: DirectX	source/standalone/rw/pipeline_matfx.cpp	441	use of undeclared identifier 'D3DRS_FOGCOLOR'
W/R: DirectX	source/standalone/rw/pipeline_matfx.cpp	444	use of undeclared identifier 'D3DTSS_TEXCOORDINDEX'
W/R: DirectX	source/standalone/rw/pipeline_matfx.cpp	451	use of undeclared identifier 'D3DTSS_TEXTURETRANSFORMFLAGS'
W/R: DirectX	source/standalone/rw/pipeline_matfx.cpp	451	use of undeclared identifier 'D3DTTFF_DISABLE'
W/R: DirectX	source/standalone/rw/pipeline_matfx.cpp	452	use of undeclared identifier 'D3DTSS_TEXTURETRANSFORMFLAGS'
W/R: DirectX	source/standalone/rw/pipeline_matfx.cpp	452	use of undeclared identifier 'D3DTTFF_DISABLE'
W/R: DirectX	source/standalone/rw/pipeline_matfx.cpp	461	use of undeclared identifier 'D3DTSS_TEXTURETRANSFORMFLAGS'
W/R: DirectX	source/standalone/rw/pipeline_matfx.cpp	461	use of undeclared identifier 'D3DTTFF_COUNT2'
W/R: DirectX	source/standalone/rw/pipeline_matfx.cpp	462	use of undeclared identifier 'D3DTSS_TCI_CAMERASPACENORMAL'
W/R: DirectX	source/standalone/rw/pipeline_matfx.cpp	462	use of undeclared identifier 'D3DTSS_TEXCOORDINDEX'
W/R: DirectX	source/standalone/rw/pipeline_matfx.cpp	476	use of undeclared identifier 'D3DTS_TEXTURE0'
W/R: DirectX	source/standalone/rw/pipeline_matfx.cpp	478	use of undeclared identifier 'D3DTS_TEXTURE0'
other: undeclared/unknown identifier	source/standalone/rw/pipeline_matfx.cpp	522	no member named 'd3ddevice' in namespace 'rw::d3d'
W/R: DirectX	source/standalone/rw/pipeline_matfx.cpp	526	use of undeclared identifier 'D3DTSS_TEXTURETRANSFORMFLAGS'
W/R: DirectX	source/standalone/rw/pipeline_matfx.cpp	526	use of undeclared identifier 'D3DTTFF_DISABLE'
W/R: DirectX	source/standalone/rw/pipeline_matfx.cpp	527	use of undeclared identifier 'D3DTSS_TEXCOORDINDEX'
other: undeclared/unknown identifier	source/standalone/rw/pipeline_matfx.cpp	532	no member named 'd3ddevice' in namespace 'rw::d3d'
W/R: DirectX	source/standalone/rw/pipeline_matfx.cpp	536	use of undeclared identifier 'D3DTSS_TEXTURETRANSFORMFLAGS'
W/R: DirectX	source/standalone/rw/pipeline_matfx.cpp	536	use of undeclared identifier 'D3DTTFF_DISABLE'
W/R: DirectX	source/standalone/rw/pipeline_matfx.cpp	537	use of undeclared identifier 'D3DTSS_TEXCOORDINDEX'
W/R: DirectX	source/standalone/rw/pipeline_matfx.cpp	549	use of undeclared identifier 'D3DTOP_SELECTARG2'
W/R: DirectX	source/standalone/rw/pipeline_matfx.cpp	549	use of undeclared identifier 'D3DTSS_COLOROP'
W/R: DirectX	source/standalone/rw/pipeline_matfx.cpp	550	use of undeclared identifier 'D3DTA_DIFFUSE'
W/R: DirectX	source/standalone/rw/pipeline_matfx.cpp	550	use of undeclared identifier 'D3DTSS_COLORARG2'
W/R: DirectX	source/standalone/rw/pipeline_matfx.cpp	551	use of undeclared identifier 'D3DTOP_SELECTARG2'
W/R: DirectX	source/standalone/rw/pipeline_matfx.cpp	551	use of undeclared identifier 'D3DTSS_ALPHAOP'
W/R: DirectX	source/standalone/rw/pipeline_matfx.cpp	552	use of undeclared identifier 'D3DTA_DIFFUSE'
W/R: DirectX	source/standalone/rw/pipeline_matfx.cpp	552	use of undeclared identifier 'D3DTSS_ALPHAARG2'
W/R: DirectX	source/standalone/rw/pipeline_matfx.cpp	557	use of undeclared identifier 'D3DTOP_ADD'
W/R: DirectX	source/standalone/rw/pipeline_matfx.cpp	557	use of undeclared identifier 'D3DTSS_COLOROP'
W/R: DirectX	source/standalone/rw/pipeline_matfx.cpp	560	use of undeclared identifier 'D3DTSS_TEXTURETRANSFORMFLAGS'
W/R: DirectX	source/standalone/rw/pipeline_matfx.cpp	560	use of undeclared identifier 'D3DTTFF_DISABLE'
W/R: DirectX	source/standalone/rw/pipeline_matfx.cpp	561	use of undeclared identifier 'D3DTSS_TEXCOORDINDEX'
W/R: DirectX	source/standalone/rw/pipeline_matfx.cpp	566	use of undeclared identifier 'D3DTOP_ADD'
W/R: DirectX	source/standalone/rw/pipeline_matfx.cpp	566	use of undeclared identifier 'D3DTSS_COLOROP'
W/R: DirectX	source/standalone/rw/pipeline_matfx.cpp	567	use of undeclared identifier 'D3DTA_TEXTURE'
W/R: DirectX	source/standalone/rw/pipeline_matfx.cpp	567	use of undeclared identifier 'D3DTSS_COLORARG1'
W/R: DirectX	source/standalone/rw/pipeline_matfx.cpp	568	use of undeclared identifier 'D3DTA_CURRENT'
W/R: DirectX	source/standalone/rw/pipeline_matfx.cpp	568	use of undeclared identifier 'D3DTSS_COLORARG2'
W/R: DirectX	source/standalone/rw/pipeline_matfx.cpp	574	use of undeclared identifier 'D3DRS_TEXTUREFACTOR'
W/R: DirectX	source/standalone/rw/pipeline_matfx.cpp	575	use of undeclared identifier 'D3DTOP_MULTIPLYADD'
W/R: DirectX	source/standalone/rw/pipeline_matfx.cpp	575	use of undeclared identifier 'D3DTSS_COLOROP'
W/R: DirectX	source/standalone/rw/pipeline_matfx.cpp	576	use of undeclared identifier 'D3DTA_CURRENT'
W/R: DirectX	source/standalone/rw/pipeline_matfx.cpp	576	use of undeclared identifier 'D3DTSS_COLORARG0'
W/R: DirectX	source/standalone/rw/pipeline_matfx.cpp	577	use of undeclared identifier 'D3DTA_TEXTURE'
W/R: DirectX	source/standalone/rw/pipeline_matfx.cpp	577	use of undeclared identifier 'D3DTSS_COLORARG1'
W/R: DirectX	source/standalone/rw/pipeline_matfx.cpp	578	use of undeclared identifier 'D3DTA_TFACTOR'
W/R: DirectX	source/standalone/rw/pipeline_matfx.cpp	578	use of undeclared identifier 'D3DTSS_COLORARG2'
W/R: DirectX	source/standalone/rw/pipeline_matfx.cpp	582	use of undeclared identifier 'D3DTSS_TEXTURETRANSFORMFLAGS'
W/R: DirectX	source/standalone/rw/pipeline_matfx.cpp	582	use of undeclared identifier 'D3DTTFF_DISABLE'
W/R: DirectX	source/standalone/rw/pipeline_matfx.cpp	583	use of undeclared identifier 'D3DTSS_TEXCOORDINDEX'
W/R: DirectX	source/standalone/rw/pipeline_matfx.cpp	601	use of undeclared identifier 'D3DRS_TEXTUREFACTOR'
W/R: DirectX	source/standalone/rw/pipeline_matfx.cpp	602	use of undeclared identifier 'D3DTOP_MODULATE'
W/R: DirectX	source/standalone/rw/pipeline_matfx.cpp	602	use of undeclared identifier 'D3DTSS_COLOROP'
W/R: DirectX	source/standalone/rw/pipeline_matfx.cpp	603	use of undeclared identifier 'D3DTA_TEXTURE'
W/R: DirectX	source/standalone/rw/pipeline_matfx.cpp	603	use of undeclared identifier 'D3DTSS_COLORARG1'
W/R: DirectX	source/standalone/rw/pipeline_matfx.cpp	604	use of undeclared identifier 'D3DTA_TFACTOR'
W/R: DirectX	source/standalone/rw/pipeline_matfx.cpp	604	use of undeclared identifier 'D3DTSS_COLORARG2'
W/R: DirectX	source/standalone/rw/pipeline_matfx.cpp	605	use of undeclared identifier 'D3DTOP_SELECTARG1'
W/R: DirectX	source/standalone/rw/pipeline_matfx.cpp	605	use of undeclared identifier 'D3DTSS_ALPHAOP'
W/R: DirectX	source/standalone/rw/pipeline_matfx.cpp	606	use of undeclared identifier 'D3DTA_TEXTURE'
W/R: DirectX	source/standalone/rw/pipeline_matfx.cpp	606	use of undeclared identifier 'D3DTSS_ALPHAARG1'
W/R: DirectX	source/standalone/rw/pipeline_matfx.cpp	607	use of undeclared identifier 'D3DTA_TFACTOR'
W/R: DirectX	source/standalone/rw/pipeline_matfx.cpp	607	use of undeclared identifier 'D3DTSS_ALPHAARG2'
W/R: DirectX	source/standalone/rw/pipeline_matfx.cpp	609	use of undeclared identifier 'D3DTOP_SELECTARG1'
W/R: DirectX	source/standalone/rw/pipeline_matfx.cpp	609	use of undeclared identifier 'D3DTSS_COLOROP'
W/R: DirectX	source/standalone/rw/pipeline_matfx.cpp	610	use of undeclared identifier 'D3DTA_TEXTURE'
W/R: DirectX	source/standalone/rw/pipeline_matfx.cpp	610	use of undeclared identifier 'D3DTSS_COLORARG1'
W/R: DirectX	source/standalone/rw/pipeline_matfx.cpp	611	use of undeclared identifier 'D3DTOP_SELECTARG1'
W/R: DirectX	source/standalone/rw/pipeline_matfx.cpp	611	use of undeclared identifier 'D3DTSS_ALPHAOP'
W/R: DirectX	source/standalone/rw/pipeline_matfx.cpp	612	use of undeclared identifier 'D3DTA_TEXTURE'
W/R: DirectX	source/standalone/rw/pipeline_matfx.cpp	612	use of undeclared identifier 'D3DTSS_ALPHAARG1'
W/R: DirectX	source/standalone/rw/pipeline_matfx.cpp	615	use of undeclared identifier 'D3DRS_LIGHTING'
W/R: DirectX	source/standalone/rw/pipeline_matfx.cpp	616	use of undeclared identifier 'D3DRS_ZWRITEENABLE'
W/R: DirectX	source/standalone/rw/pipeline_matfx.cpp	617	use of undeclared identifier 'D3DRS_FOGENABLE'
W/R: DirectX	source/standalone/rw/pipeline_matfx.cpp	618	use of undeclared identifier 'D3DRS_LIGHTING'
W/R: DirectX	source/standalone/rw/pipeline_matfx.cpp	619	use of undeclared identifier 'D3DRS_ZWRITEENABLE'
W/R: DirectX	source/standalone/rw/pipeline_matfx.cpp	621	use of undeclared identifier 'D3DRS_FOGCOLOR'
W/R: DirectX	source/standalone/rw/pipeline_matfx.cpp	622	use of undeclared identifier 'D3DRS_FOGCOLOR'
W/R: DirectX	source/standalone/rw/pipeline_matfx.cpp	626	use of undeclared identifier 'D3DRS_FOGCOLOR'
W/R: DirectX	source/standalone/rw/pipeline_matfx.cpp	628	use of undeclared identifier 'D3DRS_ZWRITEENABLE'
W/R: DirectX	source/standalone/rw/pipeline_matfx.cpp	629	use of undeclared identifier 'D3DRS_LIGHTING'
W/R: DirectX	source/standalone/rw/pipeline_matfx.cpp	631	use of undeclared identifier 'D3DTA_DIFFUSE'
W/R: DirectX	source/standalone/rw/pipeline_matfx.cpp	631	use of undeclared identifier 'D3DTSS_COLORARG2'
W/R: DirectX	source/standalone/rw/pipeline_matfx.cpp	632	use of undeclared identifier 'D3DTA_DIFFUSE'
W/R: DirectX	source/standalone/rw/pipeline_matfx.cpp	632	use of undeclared identifier 'D3DTSS_ALPHAARG2'
W/R: DirectX	source/standalone/rw/pipeline_matfx.cpp	634	use of undeclared identifier 'D3DTOP_MODULATE'
W/R: DirectX	source/standalone/rw/pipeline_matfx.cpp	634	use of undeclared identifier 'D3DTSS_COLOROP'
W/R: DirectX	source/standalone/rw/pipeline_matfx.cpp	635	use of undeclared identifier 'D3DTOP_MODULATE'
W/R: DirectX	source/standalone/rw/pipeline_matfx.cpp	635	use of undeclared identifier 'D3DTSS_ALPHAOP'
W/R: DirectX	source/standalone/rw/pipeline_matfx.cpp	640	use of undeclared identifier 'D3DTSS_TEXTURETRANSFORMFLAGS'
W/R: DirectX	source/standalone/rw/pipeline_matfx.cpp	640	use of undeclared identifier 'D3DTTFF_DISABLE'
W/R: DirectX	source/standalone/rw/pipeline_matfx.cpp	641	use of undeclared identifier 'D3DTSS_TEXCOORDINDEX'
W/R: DirectX	source/standalone/rw/pipeline_matfx.cpp	652	use of undeclared identifier 'D3DRS_LIGHTING'
W/R: DirectX	source/standalone/rw/pipeline_matfx.cpp	657	use of undeclared identifier 'D3DRS_TEXTUREFACTOR'
W/R: DirectX	source/standalone/rw/pipeline_matfx.cpp	658	use of undeclared identifier 'D3DTOP_SELECTARG2'
W/R: DirectX	source/standalone/rw/pipeline_matfx.cpp	658	use of undeclared identifier 'D3DTSS_COLOROP'
W/R: DirectX	source/standalone/rw/pipeline_matfx.cpp	659	use of undeclared identifier 'D3DTA_TFACTOR'
W/R: DirectX	source/standalone/rw/pipeline_matfx.cpp	659	use of undeclared identifier 'D3DTSS_COLORARG2'
W/R: DirectX	source/standalone/rw/pipeline_matfx.cpp	660	use of undeclared identifier 'D3DTOP_SELECTARG2'
W/R: DirectX	source/standalone/rw/pipeline_matfx.cpp	660	use of undeclared identifier 'D3DTSS_ALPHAOP'
W/R: DirectX	source/standalone/rw/pipeline_matfx.cpp	661	use of undeclared identifier 'D3DTA_TFACTOR'
W/R: DirectX	source/standalone/rw/pipeline_matfx.cpp	661	use of undeclared identifier 'D3DTSS_ALPHAARG2'
other: undeclared/unknown identifier	source/standalone/rw/pipeline_matfx.cpp	715	no member named 'd3ddevice' in namespace 'rw::d3d'
W/R: DirectX	source/standalone/rw/pipeline_matfx.cpp	718	unknown type name 'D3DCAPS9'
W/R: DirectX	source/standalone/rw/pipeline_matfx.cpp	722	use of undeclared identifier 'D3DTEXOPCAPS_MULTIPLYADD'
W/R: DirectX	source/standalone/rw/pipeline_matfx.cpp	723	use of undeclared identifier 'D3DTEXOPCAPS_MODULATE2X'
other: undeclared/unknown identifier	source/standalone/rw/pipeline_matfx.cpp	728	no member named 'd3ddevice' in namespace 'rw::d3d'
W/R: DirectX	source/standalone/rw/pipeline_matfx.cpp	728	unknown type name 'IDirect3DPixelShader9'
other: undeclared/unknown identifier	source/standalone/rw/pipeline_matfx.cpp	729	no member named 'd3ddevice' in namespace 'rw::d3d'
W/R: DirectX	source/standalone/rw/pipeline_matfx.cpp	729	unknown type name 'IDirect3DPixelShader9'
other	source/standalone/rw/pipeline_matfx.cpp	736	member reference base type 'void' is not a structure or union
W/R: DirectX	source/standalone/rw/pipeline_matfx.cpp	736	unknown type name 'IDirect3DPixelShader9'
other	source/standalone/rw/pipeline_matfx.cpp	740	member reference base type 'void' is not a structure or union
W/R: DirectX	source/standalone/rw/pipeline_matfx.cpp	740	unknown type name 'IDirect3DPixelShader9'
other: undeclared/unknown identifier	source/standalone/rw/pipeline_skin.cpp	83	no member named 'd3ddevice' in namespace 'rw::d3d'
W/R: DirectX	source/standalone/rw/pipeline_skin.cpp	86	unknown type name 'D3DCAPS9'
W/R: DirectX	source/standalone/rw/pipeline_skin.cpp	87	use of undeclared identifier 'D3DDEVCAPS_HWTRANSFORMANDLIGHT'
other: undeclared/unknown identifier	source/standalone/rw/pipeline_skin.cpp	158	no member named 'd3ddevice' in namespace 'rw::d3d'
W/R: DirectX	source/standalone/rw/pipeline_skin.cpp	283	use of undeclared identifier 'D3DRS_FOGDENSITY'
other: undeclared/unknown identifier	source/standalone/rw/pipeline_skin.cpp	375	no member named 'd3ddevice' in namespace 'rw::d3d'
F/C: SIMD / intrinsic / asm	source/standalone/rw/pipeline_skin_core.h	156	use of undeclared identifier '__builtin_ia32_shufps'
W/R: DirectX	source/standalone/rw/pipeline_skin_cpu.cpp	52	use of undeclared identifier 'D3DDTCAPS_DEC3N'
W/R: DirectX	source/standalone/rw/pipeline_skin_cpu.cpp	77	use of undeclared identifier 'D3DDECLTYPE_UNUSED'
W/R: DirectX	source/standalone/rw/pipeline_skin_cpu.cpp	78	use of undeclared identifier 'D3DDECLUSAGE_POSITION'
W/R: DirectX	source/standalone/rw/pipeline_skin_cpu.cpp	80	use of undeclared identifier 'D3DDECLUSAGE_NORMAL'
W/R: DirectX	source/standalone/rw/pipeline_skin_cpu.cpp	84	use of undeclared identifier 'D3DDECLTYPE_FLOAT3'
W/R: DirectX	source/standalone/rw/pipeline_skin_cpu.cpp	88	use of undeclared identifier 'D3DDECLTYPE_FLOAT3'
W/R: DirectX	source/standalone/rw/pipeline_skin_cpu.cpp	131	use of undeclared identifier 'D3DLOCK_NOSYSLOCK'
W/R: DirectX	source/standalone/rw/pipeline_skin_cpu.cpp	143	use of undeclared identifier 'D3DRS_LIGHTING'
W/R: DirectX	source/standalone/rw/pipeline_skin_cpu.cpp	144	use of undeclared identifier 'D3DDEVCAPS_HWTRANSFORMANDLIGHT'
W/R: DirectX	source/standalone/rw/pipeline_skin_cpu.cpp	145	use of undeclared identifier 'D3DRS_NORMALIZENORMALS'
W/R: DirectX	source/standalone/rw/platform.cpp	39	unknown type name 'D3DPRESENT_PARAMETERS'
W/R: DirectX	source/standalone/rw/platform.cpp	39	unknown type name 'IDirect3DDevice9'
W/R: DirectX	source/standalone/rw/platform.cpp	44	unknown type name 'IDirect3DDevice9'
W/R: DirectX	source/standalone/rw/platform.cpp	50	unknown type name 'D3DPRESENT_PARAMETERS'
W/R: DirectX	source/standalone/rw/platform.cpp	50	unknown type name 'IDirect3DDevice9'
other: undeclared/unknown identifier	source/standalone/rw/platform.cpp	89	no member named 'd3ddevice' in namespace 'rw::d3d'
other: undeclared/unknown identifier	source/standalone/rw/raster.cpp	75	no member named 'd3ddevice' in namespace 'rw::d3d'
other: undeclared/unknown identifier	source/standalone/rw/raster.cpp	84	no member named 'd3ddevice' in namespace 'rw::d3d'
W/R: DirectX	source/standalone/rw/raster.cpp	84	unknown type name 'IDirect3DDevice9'
W/R: DirectX	source/standalone/rw/raster.cpp	86	unknown type name 'IDirect3DTexture9'
C: syntax / extension	source/standalone/rw/raster.cpp	90	expected ';' at end of declaration
W/R: DirectX	source/standalone/rw/raster.cpp	90	unknown type name 'IDirect3DSurface9'
other	source/standalone/rw/raster.cpp	91	member reference base type 'void' is not a structure or union
W/R: DirectX	source/standalone/rw/raster.cpp	94	unknown type name 'D3DSURFACE_DESC'
W/R: DirectX	source/standalone/rw/raster.cpp	96	use of undeclared identifier 'D3DPOOL_SYSTEMMEM'
other: undeclared/unknown identifier	source/standalone/rw/raster.cpp	96	use of undeclared identifier 'sys'
other: undeclared/unknown identifier	source/standalone/rw/raster.cpp	98	use of undeclared identifier 'sys'
W/R: DirectX	source/standalone/rw/raster.cpp	101	unknown type name 'D3DLOCKED_RECT'
W/R: DirectX	source/standalone/rw/raster.cpp	102	use of undeclared identifier 'D3DLOCK_NOSYSLOCK'
W/R: DirectX	source/standalone/rw/raster.cpp	102	use of undeclared identifier 'D3DLOCK_NO_DIRTY_UPDATE'
W/R: DirectX	source/standalone/rw/raster.cpp	102	use of undeclared identifier 'D3DLOCK_READONLY'
other: undeclared/unknown identifier	source/standalone/rw/raster.cpp	102	use of undeclared identifier 'sys'
other: undeclared/unknown identifier	source/standalone/rw/raster.cpp	103	use of undeclared identifier 'sys'
other: undeclared/unknown identifier	source/standalone/rw/raster.cpp	104	use of undeclared identifier 'sys'
other: undeclared/unknown identifier	source/standalone/rw/raster.cpp	108	use of undeclared identifier 'sys'
other: undeclared/unknown identifier	source/standalone/rw/raster.cpp	125	no member named 'd3ddevice' in namespace 'rw::d3d'
W/R: DirectX	source/standalone/rw/raster.cpp	125	unknown type name 'IDirect3DDevice9'
W/R: DirectX	source/standalone/rw/raster.cpp	129	unknown type name 'IDirect3DSurface9'
W/R: DirectX	source/standalone/rw/raster.cpp	134	unknown type name 'IDirect3DTexture9'
other	source/standalone/rw/raster.cpp	135	member reference base type 'void' is not a structure or union
W/R: DirectX	source/standalone/rw/raster.cpp	140	unknown type name 'IDirect3DSurface9'
W/R: DirectX	source/standalone/rw/raster.cpp	141	unknown type name 'D3DVIEWPORT9'
W/R: DirectX	source/standalone/rw/raster.cpp	149	unknown type name 'D3DRECT'
W/R: DirectX	source/standalone/rw/raster.cpp	156	use of undeclared identifier 'D3DCLEAR_TARGET'
other: undeclared/unknown identifier	source/standalone/rw/raster.cpp	173	no member named 'd3ddevice' in namespace 'rw::d3d'
other: undeclared/unknown identifier	source/standalone/rw/raster.cpp	406	no member named 'd3ddevice' in namespace 'rw::d3d'
other: undeclared/unknown identifier	source/standalone/rw/raster.cpp	477	no member named 'd3ddevice' in namespace 'rw::d3d'
W/R: DirectX	source/standalone/rw/renderstate.cpp	45	use of undeclared identifier 'D3DCMP_EQUAL'
W/R: DirectX	source/standalone/rw/renderstate.cpp	45	use of undeclared identifier 'D3DCMP_LESS'
W/R: DirectX	source/standalone/rw/renderstate.cpp	45	use of undeclared identifier 'D3DCMP_NEVER'
W/R: DirectX	source/standalone/rw/renderstate.cpp	46	use of undeclared identifier 'D3DCMP_GREATER'
W/R: DirectX	source/standalone/rw/renderstate.cpp	46	use of undeclared identifier 'D3DCMP_LESSEQUAL'
W/R: DirectX	source/standalone/rw/renderstate.cpp	46	use of undeclared identifier 'D3DCMP_NOTEQUAL'
W/R: DirectX	source/standalone/rw/renderstate.cpp	47	use of undeclared identifier 'D3DCMP_ALWAYS'
W/R: DirectX	source/standalone/rw/renderstate.cpp	47	use of undeclared identifier 'D3DCMP_GREATEREQUAL'
W/R: DirectX	source/standalone/rw/renderstate.cpp	48	use of undeclared identifier 'D3DSHADE_FLAT'
W/R: DirectX	source/standalone/rw/renderstate.cpp	48	use of undeclared identifier 'D3DSHADE_GOURAUD'
other: undeclared/unknown identifier	source/standalone/rw/renderstate.cpp	94	no member named 'd3ddevice' in namespace 'rw::d3d'
W/R: DirectX	source/standalone/rw/renderstate.cpp	115	use of undeclared identifier 'D3DRS_FOGTABLEMODE'
W/R: DirectX	source/standalone/rw/renderstate.cpp	116	use of undeclared identifier 'D3DFOG_NONE'
W/R: DirectX	source/standalone/rw/renderstate.cpp	118	use of undeclared identifier 'D3DFOG_NONE'
W/R: DirectX	source/standalone/rw/renderstate.cpp	118	use of undeclared identifier 'D3DRS_FOGTABLEMODE'
W/R: DirectX	source/standalone/rw/renderstate.cpp	129	use of undeclared identifier 'D3DRS_FOGSTART'
W/R: DirectX	source/standalone/rw/renderstate.cpp	130	use of undeclared identifier 'D3DRS_FOGEND'
W/R: DirectX	source/standalone/rw/renderstate.cpp	141	use of undeclared identifier 'D3DFOG_EXP'
W/R: DirectX	source/standalone/rw/renderstate.cpp	142	use of undeclared identifier 'D3DFOG_EXP2'
W/R: DirectX	source/standalone/rw/renderstate.cpp	143	use of undeclared identifier 'D3DFOG_LINEAR'
W/R: DirectX	source/standalone/rw/renderstate.cpp	224	use of undeclared identifier 'D3DRS_SHADEMODE'
W/R: DirectX	source/standalone/rw/renderstate.cpp	230	use of undeclared identifier 'D3DSAMP_BORDERCOLOR'
W/R: DirectX	source/standalone/rw/renderstate.cpp	233	use of undeclared identifier 'D3DRS_FOGENABLE'
W/R: DirectX	source/standalone/rw/renderstate.cpp	239	use of undeclared identifier 'D3DRS_FOGDENSITY'
W/R: DirectX	source/standalone/rw/renderstate.cpp	251	use of undeclared identifier 'D3DRS_ALPHAFUNC'
W/R: DirectX	source/standalone/rw/renderstate.cpp	255	use of undeclared identifier 'D3DRS_ALPHABLENDENABLE'
W/R: DirectX	source/standalone/rw/renderstate.cpp	257	use of undeclared identifier 'D3DRS_ALPHATESTENABLE'
W/R: DirectX	source/standalone/rw/renderstate.cpp	365	use of undeclared identifier 'D3DRS_LIGHTING'
W/R: DirectX	source/standalone/rw/renderstate.cpp	366	use of undeclared identifier 'D3DMCS_MATERIAL'; did you mean 'ID_MATERIAL'?
W/R: DirectX	source/standalone/rw/renderstate.cpp	366	use of undeclared identifier 'D3DRS_DIFFUSEMATERIALSOURCE'
W/R: DirectX	source/standalone/rw/renderstate.cpp	367	use of undeclared identifier 'D3DMCS_MATERIAL'; did you mean 'ID_MATERIAL'?
W/R: DirectX	source/standalone/rw/renderstate.cpp	367	use of undeclared identifier 'D3DRS_SPECULARMATERIALSOURCE'
W/R: DirectX	source/standalone/rw/renderstate.cpp	368	use of undeclared identifier 'D3DMCS_MATERIAL'; did you mean 'ID_MATERIAL'?
W/R: DirectX	source/standalone/rw/renderstate.cpp	368	use of undeclared identifier 'D3DRS_AMBIENTMATERIALSOURCE'
W/R: DirectX	source/standalone/rw/renderstate.cpp	369	use of undeclared identifier 'D3DPRASTERCAPS_DITHER'
W/R: DirectX	source/standalone/rw/renderstate.cpp	369	use of undeclared identifier 'D3DRS_DITHERENABLE'
W/R: DirectX	source/standalone/rw/renderstate.cpp	370	use of undeclared identifier 'D3DRS_SPECULARENABLE'
W/R: DirectX	source/standalone/rw/renderstate.cpp	371	use of undeclared identifier 'D3DRS_LOCALVIEWER'
W/R: DirectX	source/standalone/rw/renderstate.cpp	372	use of undeclared identifier 'D3DRS_AMBIENT'
W/R: DirectX	source/standalone/rw/renderstate.cpp	373	use of undeclared identifier 'D3DRS_NORMALIZENORMALS'
W/R: DirectX	source/standalone/rw/renderstate.cpp	375	use of undeclared identifier 'D3DTOP_SELECTARG2'
W/R: DirectX	source/standalone/rw/renderstate.cpp	375	use of undeclared identifier 'D3DTSS_COLOROP'
W/R: DirectX	source/standalone/rw/renderstate.cpp	376	use of undeclared identifier 'D3DTA_DIFFUSE'
W/R: DirectX	source/standalone/rw/renderstate.cpp	376	use of undeclared identifier 'D3DTSS_COLORARG2'
W/R: DirectX	source/standalone/rw/renderstate.cpp	377	use of undeclared identifier 'D3DTOP_SELECTARG2'
W/R: DirectX	source/standalone/rw/renderstate.cpp	377	use of undeclared identifier 'D3DTSS_ALPHAOP'
W/R: DirectX	source/standalone/rw/renderstate.cpp	378	use of undeclared identifier 'D3DTA_DIFFUSE'
W/R: DirectX	source/standalone/rw/renderstate.cpp	378	use of undeclared identifier 'D3DTSS_ALPHAARG2'
W/R: DirectX	source/standalone/rw/renderstate.cpp	386	use of undeclared identifier 'D3DSAMP_BORDERCOLOR'
W/R: DirectX	source/standalone/rw/renderstate.cpp	387	use of undeclared identifier 'D3DTOP_DISABLE'
W/R: DirectX	source/standalone/rw/renderstate.cpp	387	use of undeclared identifier 'D3DTSS_COLOROP'
W/R: DirectX	source/standalone/rw/renderstate.cpp	388	use of undeclared identifier 'D3DTOP_DISABLE'
W/R: DirectX	source/standalone/rw/renderstate.cpp	388	use of undeclared identifier 'D3DTSS_ALPHAOP'
W/R: DirectX	source/standalone/rw/rwd3d_ff.cpp	31	use of undeclared identifier 'D3DRS_BLENDOPALPHA'
W/R: DirectX	source/standalone/rw/rwd3d_ff.cpp	32	use of undeclared identifier 'D3DTSS_CONSTANT'
other: undeclared/unknown identifier	source/standalone/rw/rwd3d_ff.cpp	36	no member named 'd3ddevice' in namespace 'rw::d3d'
W/R: DirectX	source/standalone/rw/rwd3d_ff.cpp	36	unknown type name 'IDirect3DDevice9'
W/R: DirectX	source/standalone/rw/rwd3d_ff.cpp	38	unknown type name 'D3DMATRIX'
W/R: DirectX	source/standalone/rw/rwd3d_ff.cpp	39	unknown type name 'D3DMATRIX'
W/R: DirectX	source/standalone/rw/rwd3d_ff.cpp	46	unknown type name 'D3DMATRIX'
W/R: DirectX	source/standalone/rw/rwd3d_ff.cpp	51	use of undeclared identifier 'D3DLIGHT9'
W/R: DirectX	source/standalone/rw/rwd3d_ff.cpp	61	unknown type name 'D3DMATERIAL9'
W/R: DirectX	source/standalone/rw/rwd3d_ff.cpp	63	unknown type name 'D3DMATERIAL9'
W/R: DirectX	source/standalone/rw/rwd3d_ff.cpp	64	use of undeclared identifier 'D3DMATERIAL9'
W/R: DirectX	source/standalone/rw/rwd3d_ff.cpp	67	unknown type name 'D3DMATERIAL9'
other: undeclared/unknown identifier	source/standalone/rw/rwd3d_ff.cpp	71	no member named 'setD3dMaterial' in namespace 'rw::d3d'; did you mean 'setMaterial'?
W/R: DirectX	source/standalone/rw/rwd3d_ff.cpp	71	unknown type name 'D3DMATERIAL9'
W/R: DirectX	source/standalone/rw/rwd3d_ff.cpp	120	unknown type name 'D3DMATRIX'
other	source/standalone/rw/rwd3d_ff.cpp	124	member reference base type 'int' is not a structure or union
W/R: DirectX	source/standalone/rw/rwd3d_ff.cpp	124	unknown type name 'D3DTRANSFORMSTATETYPE'
W/R: DirectX	source/standalone/rw/rwd3d_ff.cpp	129	unknown type name 'D3DMATRIX'
W/R: DirectX	source/standalone/rw/rwd3d_ff.cpp	138	use of undeclared identifier 'D3DLIGHT9'
W/R: DirectX	source/standalone/rw/rwd3d_ff.cpp	141	unknown type name 'D3DLIGHT9'
other	source/standalone/rw/rwd3d_ff.cpp	145	member reference base type 'int' is not a structure or union
W/R: DirectX	source/standalone/rw/rwd3d_ff.cpp	153	unknown type name 'D3DLIGHT9'
W/R: DirectX	source/standalone/rw/rwd3d_ff.cpp	155	unknown type name 'D3DLIGHT9'
W/R: DirectX	source/standalone/rw/rwd3d_ff.cpp	155	use of undeclared identifier 'D3DLIGHT9'
other	source/standalone/rw/rwd3d_ff.cpp	170	member reference base type 'int' is not a structure or union
W/R: DirectX	source/standalone/rw/rwd3d_ff.cpp	185	unknown type name 'D3DMATERIAL9'
W/R: DirectX	source/standalone/rw/rwd3d_ff.cpp	212	unknown type name 'D3DMATERIAL9'
W/R: DirectX	source/standalone/rw/rwd3d_ff.cpp	222	use of undeclared identifier 'D3DRS_AMBIENT'
W/R: DirectX	source/standalone/rw/rwd3d_ff.cpp	223	use of undeclared identifier 'D3DRS_COLORVERTEX'
W/R: DirectX	source/standalone/rw/rwd3d_ff.cpp	224	use of undeclared identifier 'D3DMCS_COLOR1'
W/R: DirectX	source/standalone/rw/rwd3d_ff.cpp	224	use of undeclared identifier 'D3DRS_AMBIENTMATERIALSOURCE'
W/R: DirectX	source/standalone/rw/rwd3d_ff.cpp	225	use of undeclared identifier 'D3DMCS_MATERIAL'
W/R: DirectX	source/standalone/rw/rwd3d_ff.cpp	225	use of undeclared identifier 'D3DRS_EMISSIVEMATERIALSOURCE'
W/R: DirectX	source/standalone/rw/rwd3d_ff.cpp	227	use of undeclared identifier 'D3DRS_AMBIENT'
W/R: DirectX	source/standalone/rw/rwd3d_ff.cpp	228	use of undeclared identifier 'D3DRS_COLORVERTEX'
W/R: DirectX	source/standalone/rw/rwd3d_ff.cpp	229	use of undeclared identifier 'D3DMCS_MATERIAL'
W/R: DirectX	source/standalone/rw/rwd3d_ff.cpp	229	use of undeclared identifier 'D3DRS_AMBIENTMATERIALSOURCE'
W/R: DirectX	source/standalone/rw/rwd3d_ff.cpp	230	use of undeclared identifier 'D3DMCS_MATERIAL'
W/R: DirectX	source/standalone/rw/rwd3d_ff.cpp	230	use of undeclared identifier 'D3DRS_EMISSIVEMATERIALSOURCE'
W/R: DirectX	source/standalone/rw/rwd3d_ff.cpp	234	unknown type name 'D3DCOLORVALUE'
W/R: DirectX	source/standalone/rw/rwd3d_ff.cpp	235	unknown type name 'D3DCOLORVALUE'
C: syntax / extension	source/standalone/rw/rwd3d_ff.cpp	237	expected ':'
other	source/standalone/rw/rwd3d_ff.cpp	237	initializer list cannot be used on the right hand side of operator ':'
W/R: DirectX	source/standalone/rw/rwd3d_ff.cpp	237	use of undeclared identifier 'D3DCOLORVALUE'
C: syntax / extension	source/standalone/rw/rwd3d_ff.cpp	238	expected ':'
other	source/standalone/rw/rwd3d_ff.cpp	238	initializer list cannot be used on the right hand side of operator ':'
W/R: DirectX	source/standalone/rw/rwd3d_ff.cpp	238	use of undeclared identifier 'D3DCOLORVALUE'
W/R: DirectX	source/standalone/rw/rwd3d_ff.cpp	243	use of undeclared identifier 'D3DRS_AMBIENT'
W/R: DirectX	source/standalone/rw/rwd3d_ff.cpp	244	use of undeclared identifier 'D3DMCS_MATERIAL'
W/R: DirectX	source/standalone/rw/rwd3d_ff.cpp	244	use of undeclared identifier 'D3DRS_AMBIENTMATERIALSOURCE'
W/R: DirectX	source/standalone/rw/rwd3d_ff.cpp	246	use of undeclared identifier 'D3DRS_COLORVERTEX'
W/R: DirectX	source/standalone/rw/rwd3d_ff.cpp	247	use of undeclared identifier 'D3DMCS_COLOR1'
W/R: DirectX	source/standalone/rw/rwd3d_ff.cpp	247	use of undeclared identifier 'D3DRS_EMISSIVEMATERIALSOURCE'
W/R: DirectX	source/standalone/rw/rwd3d_ff.cpp	250	use of undeclared identifier 'D3DRS_COLORVERTEX'
W/R: DirectX	source/standalone/rw/rwd3d_ff.cpp	251	use of undeclared identifier 'D3DMCS_MATERIAL'
W/R: DirectX	source/standalone/rw/rwd3d_ff.cpp	251	use of undeclared identifier 'D3DRS_EMISSIVEMATERIALSOURCE'
C: syntax / extension	source/standalone/rw/rwd3d_ff.cpp	255	expected ':'
other	source/standalone/rw/rwd3d_ff.cpp	255	initializer list cannot be used on the right hand side of operator ':'
W/R: DirectX	source/standalone/rw/rwd3d_ff.cpp	255	use of undeclared identifier 'D3DCOLORVALUE'
other	source/standalone/rw/rwd3d_ff.cpp	282	member reference base type 'int' is not a structure or union
other	source/standalone/rw/rwd3d_ff.cpp	304	member reference base type 'int' is not a structure or union
W/R: DirectX	source/standalone/rw/rwd3d_ff.cpp	304	unknown type name 'D3DPRIMITIVETYPE'
other	source/standalone/rw/rwd3d_ff.cpp	312	member reference base type 'int' is not a structure or union
W/R: DirectX	source/standalone/rw/rwd3d_ff.cpp	312	unknown type name 'D3DPRIMITIVETYPE'
W/R: DirectX	source/standalone/rw/rwd3d_ff.cpp	319	use of undeclared identifier 'D3DMATERIAL9'
W/R: DirectX	source/standalone/rw/rwd3d_ff.cpp	320	use of undeclared identifier 'D3DMATERIAL9'
W/R: DirectX	source/standalone/rw/rwd3d_ff.cpp	325	unknown type name 'D3DMATERIAL9'
C: syntax / extension	source/standalone/rw/skin_vs.cpp	545	expected class name
other	source/standalone/rw/skin_vs.cpp	546	'virtual' can only appear on non-static member functions
C: syntax / extension	source/standalone/rw/skin_vs.cpp	546	expected ';' at end of declaration list
other	source/standalone/rw/skin_vs.cpp	547	'virtual' can only appear on non-static member functions
other	source/standalone/rw/skin_vs.cpp	547	duplicate member 'STDMETHODCALLTYPE'
C: syntax / extension	source/standalone/rw/skin_vs.cpp	547	expected ';' at end of declaration list
W: Win32 API / type	source/standalone/rw/skin_vs.cpp	556	use of undeclared identifier 'LoadLibraryA'
W: Win32 API / type	source/standalone/rw/skin_vs.cpp	557	use of undeclared identifier 'GetProcAddress'
other: undeclared/unknown identifier	source/standalone/rw/skin_vs.cpp	575	no member named 'd3ddevice' in namespace 'rw::d3d'
other: undeclared/unknown identifier	source/standalone/rw/skin_vs.cpp	576	no member named 'GetBufferPointer' in 'notsa::skinvs::(anonymous namespace)::IBlob'
other: undeclared/unknown identifier	source/standalone/rw/skin_vs.cpp	576	no member named 'd3ddevice' in namespace 'rw::d3d'
other: undeclared/unknown identifier	source/standalone/rw/skin_vs.cpp	578	no member named 'GetBufferPointer' in 'notsa::skinvs::(anonymous namespace)::IBlob'
other: undeclared/unknown identifier	source/standalone/rw/skin_vs.cpp	580	no member named 'Release' in 'notsa::skinvs::(anonymous namespace)::IBlob'
other: undeclared/unknown identifier	source/standalone/rw/skin_vs.cpp	581	no member named 'Release' in 'notsa::skinvs::(anonymous namespace)::IBlob'
C: two-phase lookup / template / incomplete type	source/standalone/rw/skin_vs.cpp	586	member access into incomplete type 'IDirect3DVertexShader9'
other: undeclared/unknown identifier	source/standalone/rw/skin_vs.cpp	686	no member named 'GetBufferPointer' in 'notsa::skinvs::(anonymous namespace)::IBlob'
other: undeclared/unknown identifier	source/standalone/rw/skin_vs.cpp	686	no member named 'GetBufferSize' in 'notsa::skinvs::(anonymous namespace)::IBlob'
other: undeclared/unknown identifier	source/standalone/rw/skin_vs.cpp	687	no member named 'Release' in 'notsa::skinvs::(anonymous namespace)::IBlob'
other: undeclared/unknown identifier	source/standalone/rw/skin_vs.cpp	688	no member named 'Release' in 'notsa::skinvs::(anonymous namespace)::IBlob'
W/R: DirectX	source/standalone/rw/skin_vs.cpp	704	unknown type name 'D3DCAPS9'
other: undeclared/unknown identifier	source/standalone/rw/skin_vs.cpp	705	no member named 'd3ddevice' in namespace 'rw::d3d'
C: libc++ / standard-library gap	source/toolsmenu/DebugModules/Audio/Entities/VehicleAudioEntityDebugModule.cpp	107	no member named 'enumerate' in namespace 'std::ranges::views'
C: libc++ / standard-library gap	source/toolsmenu/DebugModules/Audio/SoundManagerDebugModule.cpp	50	no member named 'enumerate' in namespace 'std::ranges::views'
C: libc++ / standard-library gap	source/toolsmenu/DebugModules/Audio/SoundManagerDebugModule.hpp	13	no type named 'stacktrace' in namespace 'std'
C: libc++ / standard-library gap	source/toolsmenu/DebugModules/Audio/UserRadioTrackDebugModule.cpp	30	no member named 'enumerate' in namespace 'std::ranges::views'
C: libc++ / standard-library gap	source/toolsmenu/DebugModules/CDarkelDebugModule.cpp	56	no member named 'enumerate' in namespace 'std::ranges::views'
C: libc++ / standard-library gap	source/toolsmenu/DebugModules/CPickupsDebugModule.cpp	56	no member named 'enumerate' in namespace 'std::ranges::views'
W/C: MSVC CRT name	source/toolsmenu/DebugModules/CTeleportDebugModule.cpp	257	use of undeclared identifier 'sprintf_s'
C: libc++ / standard-library gap	source/toolsmenu/DebugModules/CTeleportDebugModule.cpp	292	no member named 'enumerate' in namespace 'std::ranges::views'
P: pointer/int width (cast/narrowing)	source/toolsmenu/DebugModules/CTeleportDebugModule.cpp	314	cast to smaller integer type 'int' from 'void *' [-Werror,-Wvoid-pointer-to-int-cast]
W/C: MSVC CRT name	source/toolsmenu/DebugModules/CTeleportDebugModule.cpp	330	use of undeclared identifier 'sscanf_s'
W/C: MSVC CRT name	source/toolsmenu/DebugModules/CTeleportDebugModule.cpp	336	use of undeclared identifier 'sscanf_s'
other: conversion/overload	source/toolsmenu/DebugModules/CTeleportDebugModule.cpp	373	cannot initialize a parameter of type 'locale_t' (aka '_xlocale *') with an lvalue of type 'const char[11]'
W/C: MSVC CRT name	source/toolsmenu/DebugModules/CTeleportDebugModule.cpp	373	use of undeclared identifier 'sscanf_s'; did you mean 'sscanf_l'?
P: pointer/int width (cast/narrowing)	source/toolsmenu/DebugModules/CTeleportDebugModule.cpp	374	cast to 'void *' from smaller integer type 'int' [-Werror,-Wint-to-void-pointer-cast]
C: libc++ / standard-library gap	source/toolsmenu/DebugModules/CollisionDebugModule.cpp	90	no member named 'enumerate' in namespace 'std::ranges::views'
C: libc++ / standard-library gap	source/toolsmenu/DebugModules/CollisionDebugModule.cpp	102	no member named 'enumerate' in namespace 'std::ranges::views'
C: libc++ / standard-library gap	source/toolsmenu/DebugModules/CullZonesDebugModule.cpp	67	no member named 'enumerate' in namespace 'std::ranges::views'
other: conversion/overload	source/toolsmenu/DebugModules/DebugModules.cpp	126	no matching member function for call to 'Add'
C: libc++ / standard-library gap	source/toolsmenu/DebugModules/HooksDebugModule/RListBuilder.cpp	119	no member named 'enumerate' in namespace 'std::ranges::views'
C: libc++ / standard-library gap	source/toolsmenu/DebugModules/PedDebugModule.cpp	189	no member named 'enumerate' in namespace 'std::ranges::views'
other: conversion/overload	source/toolsmenu/DebugModules/Script/MissionDebugModule.cpp	204	cannot initialize a parameter of type 'locale_t' (aka '_xlocale *') with an lvalue of type 'const char[24]'
W/C: MSVC CRT name	source/toolsmenu/DebugModules/Script/MissionDebugModule.cpp	204	use of undeclared identifier 'sprintf_s'; did you mean 'sprintf_l'?
other: conversion/overload	source/toolsmenu/DebugModules/SpawnerDebugModule.cpp	597	no matching function for call to 'operator new'
W: Win32 API / type	source/toolsmenu/UIRenderer.cpp	91	use of undeclared identifier 'SetFocus'
W/R: DirectX	vendor/librw/src/d3d/rwd3dimpl.h	22	unknown type name 'D3DDISPLAYMODE'
W/R: DirectX	vendor/librw/src/d3d/rwd3dimpl.h	30	unknown type name 'IDirect3D9'
W/R: DirectX	vendor/librw/src/d3d/rwd3dimpl.h	33	unknown type name 'D3DCAPS9'
W/R: DirectX	vendor/librw/src/d3d/rwd3dimpl.h	41	unknown type name 'D3DPRESENT_PARAMETERS'
W/R: DirectX	vendor/librw/src/d3d/rwd3dimpl.h	43	unknown type name 'IDirect3DSurface9'
W/R: DirectX	vendor/librw/src/d3d/rwd3dimpl.h	44	unknown type name 'IDirect3DSurface9'
W/R: DirectX	vendor/librw/src/d3d/rwd3dimpl.h	59	unknown type name 'IDirect3DVertexBuffer9'
W/R: DirectX	vendor/librw/src/d3d/rwd3dimpl.h	59	unknown type name 'IDirect3DVertexBuffer9'; did you mean 'IDirect3DVertexShader9'?
W/R: DirectX	vendor/librw/src/d3d/rwd3dimpl.h	60	use of undeclared identifier 'IDirect3DVertexBuffer9'; did you mean 'createVertexBuffer'?
other: undeclared/unknown identifier	vendor/librw/src/d3d/rwd3dimpl.h	60	use of undeclared identifier 'buf'
C: two-phase lookup / template / incomplete type	vendor/librw/src/d3d/rwd3dimpl.h	60	variable has incomplete type 'void'
W/R: DirectX	vendor/librw/src/d3d/rwd3dimpl.h	62	unknown type name 'IDirect3DIndexBuffer9'
W/R: DirectX	vendor/librw/src/d3d/rwd3dimpl.h	63	use of undeclared identifier 'IDirect3DIndexBuffer9'; did you mean 'createIndexBuffer'?
other: undeclared/unknown identifier	vendor/librw/src/d3d/rwd3dimpl.h	63	use of undeclared identifier 'buf'
C: two-phase lookup / template / incomplete type	vendor/librw/src/d3d/rwd3dimpl.h	63	variable has incomplete type 'void'
